date,state,ind_cents_kwh,ind_usd_mwh,period,source,fetched_at
2026-06-19,AK,25.32,253.2,2026-03,EIA retail-sales (sector IND),2026-06-19T18:19:14Z
2026-06-19,AL,7.62,76.2,2026-03,EIA retail-sales (sector IND),2026-06-19T18:19:14Z
2026-06-19,AR,6.26,62.6,2026-03,EIA retail-sales (sector IND),2026-06-19T18:19:14Z
2026-06-19,AZ,7.17,71.7,2026-03,EIA retail-sales (sector IND),2026-06-19T18:19:14Z
2026-06-19,CA,20.06,200.6,2026-03,EIA retail-sales (sector IND),2026-06-19T18:19:14Z
2026-06-19,CO,9.77,97.7,2026-03,EIA retail-sales (sector IND),2026-06-19T18:19:14Z
2026-06-19,CT,18.58,185.8,2026-03,EIA retail-sales (sector IND),2026-06-19T18:19:14Z
2026-06-19,DC,14.38,143.8,2026-03,EIA retail-sales (sector IND),2026-06-19T18:19:14Z
2026-06-19,DE,11.05,110.5,2026-03,EIA retail-sales (sector IND),2026-06-19T18:19:14Z
2026-06-19,FL,9.16,91.6,2026-03,EIA retail-sales (sector IND),2026-06-19T18:19:14Z
2026-06-19,GA,6.7,67.0,2026-03,EIA retail-sales (sector IND),2026-06-19T18:19:14Z
2026-06-19,HI,33.17,331.7,2026-03,EIA retail-sales (sector IND),2026-06-19T18:19:14Z
2026-06-19,IA,6.43,64.3,2026-03,EIA retail-sales (sector IND),2026-06-19T18:19:14Z
2026-06-19,ID,7.16,71.6,2026-03,EIA retail-sales (sector IND),2026-06-19T18:19:14Z
2026-06-19,IL,9.19,91.9,2026-03,EIA retail-sales (sector IND),2026-06-19T18:19:14Z
2026-06-19,IN,9.0,90.0,2026-03,EIA retail-sales (sector IND),2026-06-19T18:19:14Z
2026-06-19,KS,7.99,79.9,2026-03,EIA retail-sales (sector IND),2026-06-19T18:19:14Z
2026-06-19,KY,7.39,73.9,2026-03,EIA retail-sales (sector IND),2026-06-19T18:19:14Z
2026-06-19,LA,7.25,72.5,2026-03,EIA retail-sales (sector IND),2026-06-19T18:19:14Z
2026-06-19,MA,19.17,191.7,2026-03,EIA retail-sales (sector IND),2026-06-19T18:19:14Z
2026-06-19,MD,14.76,147.6,2026-03,EIA retail-sales (sector IND),2026-06-19T18:19:14Z
2026-06-19,ME,15.2,152.0,2026-03,EIA retail-sales (sector IND),2026-06-19T18:19:14Z
2026-06-19,MI,9.14,91.4,2026-03,EIA retail-sales (sector IND),2026-06-19T18:19:14Z
2026-06-19,MN,9.29,92.9,2026-03,EIA retail-sales (sector IND),2026-06-19T18:19:14Z
2026-06-19,MO,8.1,81.0,2026-03,EIA retail-sales (sector IND),2026-06-19T18:19:14Z
2026-06-19,MS,7.56,75.6,2026-03,EIA retail-sales (sector IND),2026-06-19T18:19:14Z
2026-06-19,MT,5.99,59.9,2026-03,EIA retail-sales (sector IND),2026-06-19T18:19:14Z
2026-06-19,NC,7.05,70.5,2026-03,EIA retail-sales (sector IND),2026-06-19T18:19:14Z
2026-06-19,ND,8.07,80.7,2026-03,EIA retail-sales (sector IND),2026-06-19T18:19:14Z
2026-06-19,NE,7.12,71.2,2026-03,EIA retail-sales (sector IND),2026-06-19T18:19:14Z
2026-06-19,NH,17.67,176.7,2026-03,EIA retail-sales (sector IND),2026-06-19T18:19:14Z
2026-06-19,NJ,13.56,135.6,2026-03,EIA retail-sales (sector IND),2026-06-19T18:19:14Z
2026-06-19,NM,5.84,58.4,2026-03,EIA retail-sales (sector IND),2026-06-19T18:19:14Z
2026-06-19,NV,7.66,76.6,2026-03,EIA retail-sales (sector IND),2026-06-19T18:19:14Z
2026-06-19,NY,8.73,87.3,2026-03,EIA retail-sales (sector IND),2026-06-19T18:19:14Z
2026-06-19,OH,9.81,98.1,2026-03,EIA retail-sales (sector IND),2026-06-19T18:19:14Z
2026-06-19,OK,5.88,58.8,2026-03,EIA retail-sales (sector IND),2026-06-19T18:19:14Z
2026-06-19,OR,7.96,79.6,2026-03,EIA retail-sales (sector IND),2026-06-19T18:19:14Z
2026-06-19,PA,10.33,103.3,2026-03,EIA retail-sales (sector IND),2026-06-19T18:19:14Z
2026-06-19,RI,17.13,171.3,2026-03,EIA retail-sales (sector IND),2026-06-19T18:19:14Z
2026-06-19,SC,7.44,74.4,2026-03,EIA retail-sales (sector IND),2026-06-19T18:19:14Z
2026-06-19,SD,9.41,94.1,2026-03,EIA retail-sales (sector IND),2026-06-19T18:19:14Z
2026-06-19,TN,7.06,70.6,2026-03,EIA retail-sales (sector IND),2026-06-19T18:19:14Z
2026-06-19,TX,6.26,62.6,2026-03,EIA retail-sales (sector IND),2026-06-19T18:19:14Z
2026-06-19,US,8.58,85.8,2026-03,EIA retail-sales (sector IND),2026-06-19T18:19:14Z
2026-06-19,UT,8.28,82.8,2026-03,EIA retail-sales (sector IND),2026-06-19T18:19:14Z
2026-06-19,VA,10.25,102.5,2026-03,EIA retail-sales (sector IND),2026-06-19T18:19:14Z
2026-06-19,VT,13.26,132.6,2026-03,EIA retail-sales (sector IND),2026-06-19T18:19:14Z
2026-06-19,WA,6.85,68.5,2026-03,EIA retail-sales (sector IND),2026-06-19T18:19:14Z
2026-06-19,WI,8.66,86.6,2026-03,EIA retail-sales (sector IND),2026-06-19T18:19:14Z
2026-06-19,WV,8.14,81.4,2026-03,EIA retail-sales (sector IND),2026-06-19T18:19:14Z
2026-06-19,WY,8.6,86.0,2026-03,EIA retail-sales (sector IND),2026-06-19T18:19:14Z
2026-06-20,AK,25.32,253.2,2026-03,EIA retail-sales (sector IND),2026-06-20T17:07:22Z
2026-06-20,AL,7.62,76.2,2026-03,EIA retail-sales (sector IND),2026-06-20T17:07:22Z
2026-06-20,AR,6.26,62.6,2026-03,EIA retail-sales (sector IND),2026-06-20T17:07:22Z
2026-06-20,AZ,7.17,71.7,2026-03,EIA retail-sales (sector IND),2026-06-20T17:07:22Z
2026-06-20,CA,20.06,200.6,2026-03,EIA retail-sales (sector IND),2026-06-20T17:07:22Z
2026-06-20,CO,9.77,97.7,2026-03,EIA retail-sales (sector IND),2026-06-20T17:07:22Z
2026-06-20,CT,18.58,185.8,2026-03,EIA retail-sales (sector IND),2026-06-20T17:07:22Z
2026-06-20,DC,14.38,143.8,2026-03,EIA retail-sales (sector IND),2026-06-20T17:07:22Z
2026-06-20,DE,11.05,110.5,2026-03,EIA retail-sales (sector IND),2026-06-20T17:07:22Z
2026-06-20,FL,9.16,91.6,2026-03,EIA retail-sales (sector IND),2026-06-20T17:07:22Z
2026-06-20,GA,6.7,67.0,2026-03,EIA retail-sales (sector IND),2026-06-20T17:07:22Z
2026-06-20,HI,33.17,331.7,2026-03,EIA retail-sales (sector IND),2026-06-20T17:07:22Z
2026-06-20,IA,6.43,64.3,2026-03,EIA retail-sales (sector IND),2026-06-20T17:07:22Z
2026-06-20,ID,7.16,71.6,2026-03,EIA retail-sales (sector IND),2026-06-20T17:07:22Z
2026-06-20,IL,9.19,91.9,2026-03,EIA retail-sales (sector IND),2026-06-20T17:07:22Z
2026-06-20,IN,9.0,90.0,2026-03,EIA retail-sales (sector IND),2026-06-20T17:07:22Z
2026-06-20,KS,7.99,79.9,2026-03,EIA retail-sales (sector IND),2026-06-20T17:07:22Z
2026-06-20,KY,7.39,73.9,2026-03,EIA retail-sales (sector IND),2026-06-20T17:07:22Z
2026-06-20,LA,7.25,72.5,2026-03,EIA retail-sales (sector IND),2026-06-20T17:07:22Z
2026-06-20,MA,19.17,191.7,2026-03,EIA retail-sales (sector IND),2026-06-20T17:07:22Z
2026-06-20,MD,14.76,147.6,2026-03,EIA retail-sales (sector IND),2026-06-20T17:07:22Z
2026-06-20,ME,15.2,152.0,2026-03,EIA retail-sales (sector IND),2026-06-20T17:07:22Z
2026-06-20,MI,9.14,91.4,2026-03,EIA retail-sales (sector IND),2026-06-20T17:07:22Z
2026-06-20,MN,9.29,92.9,2026-03,EIA retail-sales (sector IND),2026-06-20T17:07:22Z
2026-06-20,MO,8.1,81.0,2026-03,EIA retail-sales (sector IND),2026-06-20T17:07:22Z
2026-06-20,MS,7.56,75.6,2026-03,EIA retail-sales (sector IND),2026-06-20T17:07:22Z
2026-06-20,MT,5.99,59.9,2026-03,EIA retail-sales (sector IND),2026-06-20T17:07:22Z
2026-06-20,NC,7.05,70.5,2026-03,EIA retail-sales (sector IND),2026-06-20T17:07:22Z
2026-06-20,ND,8.07,80.7,2026-03,EIA retail-sales (sector IND),2026-06-20T17:07:22Z
2026-06-20,NE,7.12,71.2,2026-03,EIA retail-sales (sector IND),2026-06-20T17:07:22Z
2026-06-20,NH,17.67,176.7,2026-03,EIA retail-sales (sector IND),2026-06-20T17:07:22Z
2026-06-20,NJ,13.56,135.6,2026-03,EIA retail-sales (sector IND),2026-06-20T17:07:22Z
2026-06-20,NM,5.84,58.4,2026-03,EIA retail-sales (sector IND),2026-06-20T17:07:22Z
2026-06-20,NV,7.66,76.6,2026-03,EIA retail-sales (sector IND),2026-06-20T17:07:22Z
2026-06-20,NY,8.73,87.3,2026-03,EIA retail-sales (sector IND),2026-06-20T17:07:22Z
2026-06-20,OH,9.81,98.1,2026-03,EIA retail-sales (sector IND),2026-06-20T17:07:22Z
2026-06-20,OK,5.88,58.8,2026-03,EIA retail-sales (sector IND),2026-06-20T17:07:22Z
2026-06-20,OR,7.96,79.6,2026-03,EIA retail-sales (sector IND),2026-06-20T17:07:22Z
2026-06-20,PA,10.33,103.3,2026-03,EIA retail-sales (sector IND),2026-06-20T17:07:22Z
2026-06-20,RI,17.13,171.3,2026-03,EIA retail-sales (sector IND),2026-06-20T17:07:22Z
2026-06-20,SC,7.44,74.4,2026-03,EIA retail-sales (sector IND),2026-06-20T17:07:22Z
2026-06-20,SD,9.41,94.1,2026-03,EIA retail-sales (sector IND),2026-06-20T17:07:22Z
2026-06-20,TN,7.06,70.6,2026-03,EIA retail-sales (sector IND),2026-06-20T17:07:22Z
2026-06-20,TX,6.26,62.6,2026-03,EIA retail-sales (sector IND),2026-06-20T17:07:22Z
2026-06-20,US,8.58,85.8,2026-03,EIA retail-sales (sector IND),2026-06-20T17:07:22Z
2026-06-20,UT,8.28,82.8,2026-03,EIA retail-sales (sector IND),2026-06-20T17:07:22Z
2026-06-20,VA,10.25,102.5,2026-03,EIA retail-sales (sector IND),2026-06-20T17:07:22Z
2026-06-20,VT,13.26,132.6,2026-03,EIA retail-sales (sector IND),2026-06-20T17:07:22Z
2026-06-20,WA,6.85,68.5,2026-03,EIA retail-sales (sector IND),2026-06-20T17:07:22Z
2026-06-20,WI,8.66,86.6,2026-03,EIA retail-sales (sector IND),2026-06-20T17:07:22Z
2026-06-20,WV,8.14,81.4,2026-03,EIA retail-sales (sector IND),2026-06-20T17:07:22Z
2026-06-20,WY,8.6,86.0,2026-03,EIA retail-sales (sector IND),2026-06-20T17:07:22Z
2026-06-21,AK,25.32,253.2,2026-03,EIA retail-sales (sector IND),2026-06-21T17:10:37Z
2026-06-21,AL,7.62,76.2,2026-03,EIA retail-sales (sector IND),2026-06-21T17:10:37Z
2026-06-21,AR,6.26,62.6,2026-03,EIA retail-sales (sector IND),2026-06-21T17:10:37Z
2026-06-21,AZ,7.17,71.7,2026-03,EIA retail-sales (sector IND),2026-06-21T17:10:37Z
2026-06-21,CA,20.06,200.6,2026-03,EIA retail-sales (sector IND),2026-06-21T17:10:37Z
2026-06-21,CO,9.77,97.7,2026-03,EIA retail-sales (sector IND),2026-06-21T17:10:37Z
2026-06-21,CT,18.58,185.8,2026-03,EIA retail-sales (sector IND),2026-06-21T17:10:37Z
2026-06-21,DC,14.38,143.8,2026-03,EIA retail-sales (sector IND),2026-06-21T17:10:37Z
2026-06-21,DE,11.05,110.5,2026-03,EIA retail-sales (sector IND),2026-06-21T17:10:37Z
2026-06-21,FL,9.16,91.6,2026-03,EIA retail-sales (sector IND),2026-06-21T17:10:37Z
2026-06-21,GA,6.7,67.0,2026-03,EIA retail-sales (sector IND),2026-06-21T17:10:37Z
2026-06-21,HI,33.17,331.7,2026-03,EIA retail-sales (sector IND),2026-06-21T17:10:37Z
2026-06-21,IA,6.43,64.3,2026-03,EIA retail-sales (sector IND),2026-06-21T17:10:37Z
2026-06-21,ID,7.16,71.6,2026-03,EIA retail-sales (sector IND),2026-06-21T17:10:37Z
2026-06-21,IL,9.19,91.9,2026-03,EIA retail-sales (sector IND),2026-06-21T17:10:37Z
2026-06-21,IN,9.0,90.0,2026-03,EIA retail-sales (sector IND),2026-06-21T17:10:37Z
2026-06-21,KS,7.99,79.9,2026-03,EIA retail-sales (sector IND),2026-06-21T17:10:37Z
2026-06-21,KY,7.39,73.9,2026-03,EIA retail-sales (sector IND),2026-06-21T17:10:37Z
2026-06-21,LA,7.25,72.5,2026-03,EIA retail-sales (sector IND),2026-06-21T17:10:37Z
2026-06-21,MA,19.17,191.7,2026-03,EIA retail-sales (sector IND),2026-06-21T17:10:37Z
2026-06-21,MD,14.76,147.6,2026-03,EIA retail-sales (sector IND),2026-06-21T17:10:37Z
2026-06-21,ME,15.2,152.0,2026-03,EIA retail-sales (sector IND),2026-06-21T17:10:37Z
2026-06-21,MI,9.14,91.4,2026-03,EIA retail-sales (sector IND),2026-06-21T17:10:37Z
2026-06-21,MN,9.29,92.9,2026-03,EIA retail-sales (sector IND),2026-06-21T17:10:37Z
2026-06-21,MO,8.1,81.0,2026-03,EIA retail-sales (sector IND),2026-06-21T17:10:37Z
2026-06-21,MS,7.56,75.6,2026-03,EIA retail-sales (sector IND),2026-06-21T17:10:37Z
2026-06-21,MT,5.99,59.9,2026-03,EIA retail-sales (sector IND),2026-06-21T17:10:37Z
2026-06-21,NC,7.05,70.5,2026-03,EIA retail-sales (sector IND),2026-06-21T17:10:37Z
2026-06-21,ND,8.07,80.7,2026-03,EIA retail-sales (sector IND),2026-06-21T17:10:37Z
2026-06-21,NE,7.12,71.2,2026-03,EIA retail-sales (sector IND),2026-06-21T17:10:37Z
2026-06-21,NH,17.67,176.7,2026-03,EIA retail-sales (sector IND),2026-06-21T17:10:37Z
2026-06-21,NJ,13.56,135.6,2026-03,EIA retail-sales (sector IND),2026-06-21T17:10:37Z
2026-06-21,NM,5.84,58.4,2026-03,EIA retail-sales (sector IND),2026-06-21T17:10:37Z
2026-06-21,NV,7.66,76.6,2026-03,EIA retail-sales (sector IND),2026-06-21T17:10:37Z
2026-06-21,NY,8.73,87.3,2026-03,EIA retail-sales (sector IND),2026-06-21T17:10:37Z
2026-06-21,OH,9.81,98.1,2026-03,EIA retail-sales (sector IND),2026-06-21T17:10:37Z
2026-06-21,OK,5.88,58.8,2026-03,EIA retail-sales (sector IND),2026-06-21T17:10:37Z
2026-06-21,OR,7.96,79.6,2026-03,EIA retail-sales (sector IND),2026-06-21T17:10:37Z
2026-06-21,PA,10.33,103.3,2026-03,EIA retail-sales (sector IND),2026-06-21T17:10:37Z
2026-06-21,RI,17.13,171.3,2026-03,EIA retail-sales (sector IND),2026-06-21T17:10:37Z
2026-06-21,SC,7.44,74.4,2026-03,EIA retail-sales (sector IND),2026-06-21T17:10:37Z
2026-06-21,SD,9.41,94.1,2026-03,EIA retail-sales (sector IND),2026-06-21T17:10:37Z
2026-06-21,TN,7.06,70.6,2026-03,EIA retail-sales (sector IND),2026-06-21T17:10:37Z
2026-06-21,TX,6.26,62.6,2026-03,EIA retail-sales (sector IND),2026-06-21T17:10:37Z
2026-06-21,US,8.58,85.8,2026-03,EIA retail-sales (sector IND),2026-06-21T17:10:37Z
2026-06-21,UT,8.28,82.8,2026-03,EIA retail-sales (sector IND),2026-06-21T17:10:37Z
2026-06-21,VA,10.25,102.5,2026-03,EIA retail-sales (sector IND),2026-06-21T17:10:37Z
2026-06-21,VT,13.26,132.6,2026-03,EIA retail-sales (sector IND),2026-06-21T17:10:37Z
2026-06-21,WA,6.85,68.5,2026-03,EIA retail-sales (sector IND),2026-06-21T17:10:37Z
2026-06-21,WI,8.66,86.6,2026-03,EIA retail-sales (sector IND),2026-06-21T17:10:37Z
2026-06-21,WV,8.14,81.4,2026-03,EIA retail-sales (sector IND),2026-06-21T17:10:37Z
2026-06-21,WY,8.6,86.0,2026-03,EIA retail-sales (sector IND),2026-06-21T17:10:37Z
2026-06-22,AK,25.32,253.2,2026-03,EIA retail-sales (sector IND),2026-06-22T21:27:29Z
2026-06-22,AL,7.62,76.2,2026-03,EIA retail-sales (sector IND),2026-06-22T21:27:29Z
2026-06-22,AR,6.26,62.6,2026-03,EIA retail-sales (sector IND),2026-06-22T21:27:29Z
2026-06-22,AZ,7.17,71.7,2026-03,EIA retail-sales (sector IND),2026-06-22T21:27:29Z
2026-06-22,CA,20.06,200.6,2026-03,EIA retail-sales (sector IND),2026-06-22T21:27:29Z
2026-06-22,CO,9.77,97.7,2026-03,EIA retail-sales (sector IND),2026-06-22T21:27:29Z
2026-06-22,CT,18.58,185.8,2026-03,EIA retail-sales (sector IND),2026-06-22T21:27:29Z
2026-06-22,DC,14.38,143.8,2026-03,EIA retail-sales (sector IND),2026-06-22T21:27:29Z
2026-06-22,DE,11.05,110.5,2026-03,EIA retail-sales (sector IND),2026-06-22T21:27:29Z
2026-06-22,FL,9.16,91.6,2026-03,EIA retail-sales (sector IND),2026-06-22T21:27:29Z
2026-06-22,GA,6.7,67.0,2026-03,EIA retail-sales (sector IND),2026-06-22T21:27:29Z
2026-06-22,HI,33.17,331.7,2026-03,EIA retail-sales (sector IND),2026-06-22T21:27:29Z
2026-06-22,IA,6.43,64.3,2026-03,EIA retail-sales (sector IND),2026-06-22T21:27:29Z
2026-06-22,ID,7.16,71.6,2026-03,EIA retail-sales (sector IND),2026-06-22T21:27:29Z
2026-06-22,IL,9.19,91.9,2026-03,EIA retail-sales (sector IND),2026-06-22T21:27:29Z
2026-06-22,IN,9.0,90.0,2026-03,EIA retail-sales (sector IND),2026-06-22T21:27:29Z
2026-06-22,KS,7.99,79.9,2026-03,EIA retail-sales (sector IND),2026-06-22T21:27:29Z
2026-06-22,KY,7.39,73.9,2026-03,EIA retail-sales (sector IND),2026-06-22T21:27:29Z
2026-06-22,LA,7.25,72.5,2026-03,EIA retail-sales (sector IND),2026-06-22T21:27:29Z
2026-06-22,MA,19.17,191.7,2026-03,EIA retail-sales (sector IND),2026-06-22T21:27:29Z
2026-06-22,MD,14.76,147.6,2026-03,EIA retail-sales (sector IND),2026-06-22T21:27:29Z
2026-06-22,ME,15.2,152.0,2026-03,EIA retail-sales (sector IND),2026-06-22T21:27:29Z
2026-06-22,MI,9.14,91.4,2026-03,EIA retail-sales (sector IND),2026-06-22T21:27:29Z
2026-06-22,MN,9.29,92.9,2026-03,EIA retail-sales (sector IND),2026-06-22T21:27:29Z
2026-06-22,MO,8.1,81.0,2026-03,EIA retail-sales (sector IND),2026-06-22T21:27:29Z
2026-06-22,MS,7.56,75.6,2026-03,EIA retail-sales (sector IND),2026-06-22T21:27:29Z
2026-06-22,MT,5.99,59.9,2026-03,EIA retail-sales (sector IND),2026-06-22T21:27:29Z
2026-06-22,NC,7.05,70.5,2026-03,EIA retail-sales (sector IND),2026-06-22T21:27:29Z
2026-06-22,ND,8.07,80.7,2026-03,EIA retail-sales (sector IND),2026-06-22T21:27:29Z
2026-06-22,NE,7.12,71.2,2026-03,EIA retail-sales (sector IND),2026-06-22T21:27:29Z
2026-06-22,NH,17.67,176.7,2026-03,EIA retail-sales (sector IND),2026-06-22T21:27:29Z
2026-06-22,NJ,13.56,135.6,2026-03,EIA retail-sales (sector IND),2026-06-22T21:27:29Z
2026-06-22,NM,5.84,58.4,2026-03,EIA retail-sales (sector IND),2026-06-22T21:27:29Z
2026-06-22,NV,7.66,76.6,2026-03,EIA retail-sales (sector IND),2026-06-22T21:27:29Z
2026-06-22,NY,8.73,87.3,2026-03,EIA retail-sales (sector IND),2026-06-22T21:27:29Z
2026-06-22,OH,9.81,98.1,2026-03,EIA retail-sales (sector IND),2026-06-22T21:27:29Z
2026-06-22,OK,5.88,58.8,2026-03,EIA retail-sales (sector IND),2026-06-22T21:27:29Z
2026-06-22,OR,7.96,79.6,2026-03,EIA retail-sales (sector IND),2026-06-22T21:27:29Z
2026-06-22,PA,10.33,103.3,2026-03,EIA retail-sales (sector IND),2026-06-22T21:27:29Z
2026-06-22,RI,17.13,171.3,2026-03,EIA retail-sales (sector IND),2026-06-22T21:27:29Z
2026-06-22,SC,7.44,74.4,2026-03,EIA retail-sales (sector IND),2026-06-22T21:27:29Z
2026-06-22,SD,9.41,94.1,2026-03,EIA retail-sales (sector IND),2026-06-22T21:27:29Z
2026-06-22,TN,7.06,70.6,2026-03,EIA retail-sales (sector IND),2026-06-22T21:27:29Z
2026-06-22,TX,6.26,62.6,2026-03,EIA retail-sales (sector IND),2026-06-22T21:27:29Z
2026-06-22,US,8.58,85.8,2026-03,EIA retail-sales (sector IND),2026-06-22T21:27:29Z
2026-06-22,UT,8.28,82.8,2026-03,EIA retail-sales (sector IND),2026-06-22T21:27:29Z
2026-06-22,VA,10.25,102.5,2026-03,EIA retail-sales (sector IND),2026-06-22T21:27:29Z
2026-06-22,VT,13.26,132.6,2026-03,EIA retail-sales (sector IND),2026-06-22T21:27:29Z
2026-06-22,WA,6.85,68.5,2026-03,EIA retail-sales (sector IND),2026-06-22T21:27:29Z
2026-06-22,WI,8.66,86.6,2026-03,EIA retail-sales (sector IND),2026-06-22T21:27:29Z
2026-06-22,WV,8.14,81.4,2026-03,EIA retail-sales (sector IND),2026-06-22T21:27:29Z
2026-06-22,WY,8.6,86.0,2026-03,EIA retail-sales (sector IND),2026-06-22T21:27:29Z
2026-06-23,AK,25.32,253.2,2026-03,EIA retail-sales (sector IND),2026-06-23T18:27:38Z
2026-06-23,AL,7.62,76.2,2026-03,EIA retail-sales (sector IND),2026-06-23T18:27:38Z
2026-06-23,AR,6.26,62.6,2026-03,EIA retail-sales (sector IND),2026-06-23T18:27:38Z
2026-06-23,AZ,7.17,71.7,2026-03,EIA retail-sales (sector IND),2026-06-23T18:27:38Z
2026-06-23,CA,20.06,200.6,2026-03,EIA retail-sales (sector IND),2026-06-23T18:27:38Z
2026-06-23,CO,9.77,97.7,2026-03,EIA retail-sales (sector IND),2026-06-23T18:27:38Z
2026-06-23,CT,18.58,185.8,2026-03,EIA retail-sales (sector IND),2026-06-23T18:27:38Z
2026-06-23,DC,14.38,143.8,2026-03,EIA retail-sales (sector IND),2026-06-23T18:27:38Z
2026-06-23,DE,11.05,110.5,2026-03,EIA retail-sales (sector IND),2026-06-23T18:27:38Z
2026-06-23,FL,9.16,91.6,2026-03,EIA retail-sales (sector IND),2026-06-23T18:27:38Z
2026-06-23,GA,6.7,67.0,2026-03,EIA retail-sales (sector IND),2026-06-23T18:27:38Z
2026-06-23,HI,33.17,331.7,2026-03,EIA retail-sales (sector IND),2026-06-23T18:27:38Z
2026-06-23,IA,6.43,64.3,2026-03,EIA retail-sales (sector IND),2026-06-23T18:27:38Z
2026-06-23,ID,7.16,71.6,2026-03,EIA retail-sales (sector IND),2026-06-23T18:27:38Z
2026-06-23,IL,9.19,91.9,2026-03,EIA retail-sales (sector IND),2026-06-23T18:27:38Z
2026-06-23,IN,9.0,90.0,2026-03,EIA retail-sales (sector IND),2026-06-23T18:27:38Z
2026-06-23,KS,7.99,79.9,2026-03,EIA retail-sales (sector IND),2026-06-23T18:27:38Z
2026-06-23,KY,7.39,73.9,2026-03,EIA retail-sales (sector IND),2026-06-23T18:27:38Z
2026-06-23,LA,7.25,72.5,2026-03,EIA retail-sales (sector IND),2026-06-23T18:27:38Z
2026-06-23,MA,19.17,191.7,2026-03,EIA retail-sales (sector IND),2026-06-23T18:27:38Z
2026-06-23,MD,14.76,147.6,2026-03,EIA retail-sales (sector IND),2026-06-23T18:27:38Z
2026-06-23,ME,15.2,152.0,2026-03,EIA retail-sales (sector IND),2026-06-23T18:27:38Z
2026-06-23,MI,9.14,91.4,2026-03,EIA retail-sales (sector IND),2026-06-23T18:27:38Z
2026-06-23,MN,9.29,92.9,2026-03,EIA retail-sales (sector IND),2026-06-23T18:27:38Z
2026-06-23,MO,8.1,81.0,2026-03,EIA retail-sales (sector IND),2026-06-23T18:27:38Z
2026-06-23,MS,7.56,75.6,2026-03,EIA retail-sales (sector IND),2026-06-23T18:27:38Z
2026-06-23,MT,5.99,59.9,2026-03,EIA retail-sales (sector IND),2026-06-23T18:27:38Z
2026-06-23,NC,7.05,70.5,2026-03,EIA retail-sales (sector IND),2026-06-23T18:27:38Z
2026-06-23,ND,8.07,80.7,2026-03,EIA retail-sales (sector IND),2026-06-23T18:27:38Z
2026-06-23,NE,7.12,71.2,2026-03,EIA retail-sales (sector IND),2026-06-23T18:27:38Z
2026-06-23,NH,17.67,176.7,2026-03,EIA retail-sales (sector IND),2026-06-23T18:27:38Z
2026-06-23,NJ,13.56,135.6,2026-03,EIA retail-sales (sector IND),2026-06-23T18:27:38Z
2026-06-23,NM,5.84,58.4,2026-03,EIA retail-sales (sector IND),2026-06-23T18:27:38Z
2026-06-23,NV,7.66,76.6,2026-03,EIA retail-sales (sector IND),2026-06-23T18:27:38Z
2026-06-23,NY,8.73,87.3,2026-03,EIA retail-sales (sector IND),2026-06-23T18:27:38Z
2026-06-23,OH,9.81,98.1,2026-03,EIA retail-sales (sector IND),2026-06-23T18:27:38Z
2026-06-23,OK,5.88,58.8,2026-03,EIA retail-sales (sector IND),2026-06-23T18:27:38Z
2026-06-23,OR,7.96,79.6,2026-03,EIA retail-sales (sector IND),2026-06-23T18:27:38Z
2026-06-23,PA,10.33,103.3,2026-03,EIA retail-sales (sector IND),2026-06-23T18:27:38Z
2026-06-23,RI,17.13,171.3,2026-03,EIA retail-sales (sector IND),2026-06-23T18:27:38Z
2026-06-23,SC,7.44,74.4,2026-03,EIA retail-sales (sector IND),2026-06-23T18:27:38Z
2026-06-23,SD,9.41,94.1,2026-03,EIA retail-sales (sector IND),2026-06-23T18:27:38Z
2026-06-23,TN,7.06,70.6,2026-03,EIA retail-sales (sector IND),2026-06-23T18:27:38Z
2026-06-23,TX,6.26,62.6,2026-03,EIA retail-sales (sector IND),2026-06-23T18:27:38Z
2026-06-23,US,8.58,85.8,2026-03,EIA retail-sales (sector IND),2026-06-23T18:27:38Z
2026-06-23,UT,8.28,82.8,2026-03,EIA retail-sales (sector IND),2026-06-23T18:27:38Z
2026-06-23,VA,10.25,102.5,2026-03,EIA retail-sales (sector IND),2026-06-23T18:27:38Z
2026-06-23,VT,13.26,132.6,2026-03,EIA retail-sales (sector IND),2026-06-23T18:27:38Z
2026-06-23,WA,6.85,68.5,2026-03,EIA retail-sales (sector IND),2026-06-23T18:27:38Z
2026-06-23,WI,8.66,86.6,2026-03,EIA retail-sales (sector IND),2026-06-23T18:27:38Z
2026-06-23,WV,8.14,81.4,2026-03,EIA retail-sales (sector IND),2026-06-23T18:27:38Z
2026-06-23,WY,8.6,86.0,2026-03,EIA retail-sales (sector IND),2026-06-23T18:27:38Z
2026-06-24,AK,25.32,253.2,2026-03,EIA retail-sales (sector IND),2026-06-24T18:19:44Z
2026-06-24,AL,7.62,76.2,2026-03,EIA retail-sales (sector IND),2026-06-24T18:19:44Z
2026-06-24,AR,6.26,62.6,2026-03,EIA retail-sales (sector IND),2026-06-24T18:19:44Z
2026-06-24,AZ,7.17,71.7,2026-03,EIA retail-sales (sector IND),2026-06-24T18:19:44Z
2026-06-24,CA,20.06,200.6,2026-03,EIA retail-sales (sector IND),2026-06-24T18:19:44Z
2026-06-24,CO,9.77,97.7,2026-03,EIA retail-sales (sector IND),2026-06-24T18:19:44Z
2026-06-24,CT,18.58,185.8,2026-03,EIA retail-sales (sector IND),2026-06-24T18:19:44Z
2026-06-24,DC,14.38,143.8,2026-03,EIA retail-sales (sector IND),2026-06-24T18:19:44Z
2026-06-24,DE,11.05,110.5,2026-03,EIA retail-sales (sector IND),2026-06-24T18:19:44Z
2026-06-24,FL,9.16,91.6,2026-03,EIA retail-sales (sector IND),2026-06-24T18:19:44Z
2026-06-24,GA,6.7,67.0,2026-03,EIA retail-sales (sector IND),2026-06-24T18:19:44Z
2026-06-24,HI,33.17,331.7,2026-03,EIA retail-sales (sector IND),2026-06-24T18:19:44Z
2026-06-24,IA,6.43,64.3,2026-03,EIA retail-sales (sector IND),2026-06-24T18:19:44Z
2026-06-24,ID,7.16,71.6,2026-03,EIA retail-sales (sector IND),2026-06-24T18:19:44Z
2026-06-24,IL,9.19,91.9,2026-03,EIA retail-sales (sector IND),2026-06-24T18:19:44Z
2026-06-24,IN,9.0,90.0,2026-03,EIA retail-sales (sector IND),2026-06-24T18:19:44Z
2026-06-24,KS,7.99,79.9,2026-03,EIA retail-sales (sector IND),2026-06-24T18:19:44Z
2026-06-24,KY,7.39,73.9,2026-03,EIA retail-sales (sector IND),2026-06-24T18:19:44Z
2026-06-24,LA,7.25,72.5,2026-03,EIA retail-sales (sector IND),2026-06-24T18:19:44Z
2026-06-24,MA,19.17,191.7,2026-03,EIA retail-sales (sector IND),2026-06-24T18:19:44Z
2026-06-24,MD,14.76,147.6,2026-03,EIA retail-sales (sector IND),2026-06-24T18:19:44Z
2026-06-24,ME,15.2,152.0,2026-03,EIA retail-sales (sector IND),2026-06-24T18:19:44Z
2026-06-24,MI,9.14,91.4,2026-03,EIA retail-sales (sector IND),2026-06-24T18:19:44Z
2026-06-24,MN,9.29,92.9,2026-03,EIA retail-sales (sector IND),2026-06-24T18:19:44Z
2026-06-24,MO,8.1,81.0,2026-03,EIA retail-sales (sector IND),2026-06-24T18:19:44Z
2026-06-24,MS,7.56,75.6,2026-03,EIA retail-sales (sector IND),2026-06-24T18:19:44Z
2026-06-24,MT,5.99,59.9,2026-03,EIA retail-sales (sector IND),2026-06-24T18:19:44Z
2026-06-24,NC,7.05,70.5,2026-03,EIA retail-sales (sector IND),2026-06-24T18:19:44Z
2026-06-24,ND,8.07,80.7,2026-03,EIA retail-sales (sector IND),2026-06-24T18:19:44Z
2026-06-24,NE,7.12,71.2,2026-03,EIA retail-sales (sector IND),2026-06-24T18:19:44Z
2026-06-24,NH,17.67,176.7,2026-03,EIA retail-sales (sector IND),2026-06-24T18:19:44Z
2026-06-24,NJ,13.56,135.6,2026-03,EIA retail-sales (sector IND),2026-06-24T18:19:44Z
2026-06-24,NM,5.84,58.4,2026-03,EIA retail-sales (sector IND),2026-06-24T18:19:44Z
2026-06-24,NV,7.66,76.6,2026-03,EIA retail-sales (sector IND),2026-06-24T18:19:44Z
2026-06-24,NY,8.73,87.3,2026-03,EIA retail-sales (sector IND),2026-06-24T18:19:44Z
2026-06-24,OH,9.81,98.1,2026-03,EIA retail-sales (sector IND),2026-06-24T18:19:44Z
2026-06-24,OK,5.88,58.8,2026-03,EIA retail-sales (sector IND),2026-06-24T18:19:44Z
2026-06-24,OR,7.96,79.6,2026-03,EIA retail-sales (sector IND),2026-06-24T18:19:44Z
2026-06-24,PA,10.33,103.3,2026-03,EIA retail-sales (sector IND),2026-06-24T18:19:44Z
2026-06-24,RI,17.13,171.3,2026-03,EIA retail-sales (sector IND),2026-06-24T18:19:44Z
2026-06-24,SC,7.44,74.4,2026-03,EIA retail-sales (sector IND),2026-06-24T18:19:44Z
2026-06-24,SD,9.41,94.1,2026-03,EIA retail-sales (sector IND),2026-06-24T18:19:44Z
2026-06-24,TN,7.06,70.6,2026-03,EIA retail-sales (sector IND),2026-06-24T18:19:44Z
2026-06-24,TX,6.26,62.6,2026-03,EIA retail-sales (sector IND),2026-06-24T18:19:44Z
2026-06-24,US,8.58,85.8,2026-03,EIA retail-sales (sector IND),2026-06-24T18:19:44Z
2026-06-24,UT,8.28,82.8,2026-03,EIA retail-sales (sector IND),2026-06-24T18:19:44Z
2026-06-24,VA,10.25,102.5,2026-03,EIA retail-sales (sector IND),2026-06-24T18:19:44Z
2026-06-24,VT,13.26,132.6,2026-03,EIA retail-sales (sector IND),2026-06-24T18:19:44Z
2026-06-24,WA,6.85,68.5,2026-03,EIA retail-sales (sector IND),2026-06-24T18:19:44Z
2026-06-24,WI,8.66,86.6,2026-03,EIA retail-sales (sector IND),2026-06-24T18:19:44Z
2026-06-24,WV,8.14,81.4,2026-03,EIA retail-sales (sector IND),2026-06-24T18:19:44Z
2026-06-24,WY,8.6,86.0,2026-03,EIA retail-sales (sector IND),2026-06-24T18:19:44Z
2026-06-25,AK,25.32,253.2,2026-03,EIA retail-sales (sector IND),2026-06-25T13:37:58Z
2026-06-25,AL,7.62,76.2,2026-03,EIA retail-sales (sector IND),2026-06-25T13:37:58Z
2026-06-25,AR,6.26,62.6,2026-03,EIA retail-sales (sector IND),2026-06-25T13:37:58Z
2026-06-25,AZ,7.17,71.7,2026-03,EIA retail-sales (sector IND),2026-06-25T13:37:58Z
2026-06-25,CA,20.06,200.6,2026-03,EIA retail-sales (sector IND),2026-06-25T13:37:58Z
2026-06-25,CO,9.77,97.7,2026-03,EIA retail-sales (sector IND),2026-06-25T13:37:58Z
2026-06-25,CT,18.58,185.8,2026-03,EIA retail-sales (sector IND),2026-06-25T13:37:58Z
2026-06-25,DC,14.38,143.8,2026-03,EIA retail-sales (sector IND),2026-06-25T13:37:58Z
2026-06-25,DE,11.05,110.5,2026-03,EIA retail-sales (sector IND),2026-06-25T13:37:58Z
2026-06-25,FL,9.16,91.6,2026-03,EIA retail-sales (sector IND),2026-06-25T13:37:58Z
2026-06-25,GA,6.7,67.0,2026-03,EIA retail-sales (sector IND),2026-06-25T13:37:58Z
2026-06-25,HI,33.17,331.7,2026-03,EIA retail-sales (sector IND),2026-06-25T13:37:58Z
2026-06-25,IA,6.43,64.3,2026-03,EIA retail-sales (sector IND),2026-06-25T13:37:58Z
2026-06-25,ID,7.16,71.6,2026-03,EIA retail-sales (sector IND),2026-06-25T13:37:58Z
2026-06-25,IL,9.19,91.9,2026-03,EIA retail-sales (sector IND),2026-06-25T13:37:58Z
2026-06-25,IN,9.0,90.0,2026-03,EIA retail-sales (sector IND),2026-06-25T13:37:58Z
2026-06-25,KS,7.99,79.9,2026-03,EIA retail-sales (sector IND),2026-06-25T13:37:58Z
2026-06-25,KY,7.39,73.9,2026-03,EIA retail-sales (sector IND),2026-06-25T13:37:58Z
2026-06-25,LA,7.25,72.5,2026-03,EIA retail-sales (sector IND),2026-06-25T13:37:58Z
2026-06-25,MA,19.17,191.7,2026-03,EIA retail-sales (sector IND),2026-06-25T13:37:58Z
2026-06-25,MD,14.76,147.6,2026-03,EIA retail-sales (sector IND),2026-06-25T13:37:58Z
2026-06-25,ME,15.2,152.0,2026-03,EIA retail-sales (sector IND),2026-06-25T13:37:58Z
2026-06-25,MI,9.14,91.4,2026-03,EIA retail-sales (sector IND),2026-06-25T13:37:58Z
2026-06-25,MN,9.29,92.9,2026-03,EIA retail-sales (sector IND),2026-06-25T13:37:58Z
2026-06-25,MO,8.1,81.0,2026-03,EIA retail-sales (sector IND),2026-06-25T13:37:58Z
2026-06-25,MS,7.56,75.6,2026-03,EIA retail-sales (sector IND),2026-06-25T13:37:58Z
2026-06-25,MT,5.99,59.9,2026-03,EIA retail-sales (sector IND),2026-06-25T13:37:58Z
2026-06-25,NC,7.05,70.5,2026-03,EIA retail-sales (sector IND),2026-06-25T13:37:58Z
2026-06-25,ND,8.07,80.7,2026-03,EIA retail-sales (sector IND),2026-06-25T13:37:58Z
2026-06-25,NE,7.12,71.2,2026-03,EIA retail-sales (sector IND),2026-06-25T13:37:58Z
2026-06-25,NH,17.67,176.7,2026-03,EIA retail-sales (sector IND),2026-06-25T13:37:58Z
2026-06-25,NJ,13.56,135.6,2026-03,EIA retail-sales (sector IND),2026-06-25T13:37:58Z
2026-06-25,NM,5.84,58.4,2026-03,EIA retail-sales (sector IND),2026-06-25T13:37:58Z
2026-06-25,NV,7.66,76.6,2026-03,EIA retail-sales (sector IND),2026-06-25T13:37:58Z
2026-06-25,NY,8.73,87.3,2026-03,EIA retail-sales (sector IND),2026-06-25T13:37:58Z
2026-06-25,OH,9.81,98.1,2026-03,EIA retail-sales (sector IND),2026-06-25T13:37:58Z
2026-06-25,OK,5.88,58.8,2026-03,EIA retail-sales (sector IND),2026-06-25T13:37:58Z
2026-06-25,OR,7.96,79.6,2026-03,EIA retail-sales (sector IND),2026-06-25T13:37:58Z
2026-06-25,PA,10.33,103.3,2026-03,EIA retail-sales (sector IND),2026-06-25T13:37:58Z
2026-06-25,RI,17.13,171.3,2026-03,EIA retail-sales (sector IND),2026-06-25T13:37:58Z
2026-06-25,SC,7.44,74.4,2026-03,EIA retail-sales (sector IND),2026-06-25T13:37:58Z
2026-06-25,SD,9.41,94.1,2026-03,EIA retail-sales (sector IND),2026-06-25T13:37:58Z
2026-06-25,TN,7.06,70.6,2026-03,EIA retail-sales (sector IND),2026-06-25T13:37:58Z
2026-06-25,TX,6.26,62.6,2026-03,EIA retail-sales (sector IND),2026-06-25T13:37:58Z
2026-06-25,US,8.58,85.8,2026-03,EIA retail-sales (sector IND),2026-06-25T13:37:58Z
2026-06-25,UT,8.28,82.8,2026-03,EIA retail-sales (sector IND),2026-06-25T13:37:58Z
2026-06-25,VA,10.25,102.5,2026-03,EIA retail-sales (sector IND),2026-06-25T13:37:58Z
2026-06-25,VT,13.26,132.6,2026-03,EIA retail-sales (sector IND),2026-06-25T13:37:58Z
2026-06-25,WA,6.85,68.5,2026-03,EIA retail-sales (sector IND),2026-06-25T13:37:58Z
2026-06-25,WI,8.66,86.6,2026-03,EIA retail-sales (sector IND),2026-06-25T13:37:58Z
2026-06-25,WV,8.14,81.4,2026-03,EIA retail-sales (sector IND),2026-06-25T13:37:58Z
2026-06-25,WY,8.6,86.0,2026-03,EIA retail-sales (sector IND),2026-06-25T13:37:58Z
2026-06-26,AK,24.87,248.7,2026-04,EIA retail-sales (sector IND),2026-06-26T13:32:04Z
2026-06-26,AL,7.84,78.4,2026-04,EIA retail-sales (sector IND),2026-06-26T13:32:04Z
2026-06-26,AR,6.2,62.0,2026-04,EIA retail-sales (sector IND),2026-06-26T13:32:04Z
2026-06-26,AZ,7.23,72.3,2026-04,EIA retail-sales (sector IND),2026-06-26T13:32:04Z
2026-06-26,CA,19.87,198.7,2026-04,EIA retail-sales (sector IND),2026-06-26T13:32:04Z
2026-06-26,CO,9.4,94.0,2026-04,EIA retail-sales (sector IND),2026-06-26T13:32:04Z
2026-06-26,CT,17.93,179.3,2026-04,EIA retail-sales (sector IND),2026-06-26T13:32:04Z
2026-06-26,DC,22.39,223.9,2026-04,EIA retail-sales (sector IND),2026-06-26T13:32:04Z
2026-06-26,DE,9.74,97.4,2026-04,EIA retail-sales (sector IND),2026-06-26T13:32:04Z
2026-06-26,FL,9.23,92.3,2026-04,EIA retail-sales (sector IND),2026-06-26T13:32:04Z
2026-06-26,GA,6.84,68.4,2026-04,EIA retail-sales (sector IND),2026-06-26T13:32:04Z
2026-06-26,HI,38.29,382.9,2026-04,EIA retail-sales (sector IND),2026-06-26T13:32:04Z
2026-06-26,IA,6.26,62.6,2026-04,EIA retail-sales (sector IND),2026-06-26T13:32:04Z
2026-06-26,ID,7.27,72.7,2026-04,EIA retail-sales (sector IND),2026-06-26T13:32:04Z
2026-06-26,IL,9.74,97.4,2026-04,EIA retail-sales (sector IND),2026-06-26T13:32:04Z
2026-06-26,IN,8.86,88.6,2026-04,EIA retail-sales (sector IND),2026-06-26T13:32:04Z
2026-06-26,KS,8.21,82.1,2026-04,EIA retail-sales (sector IND),2026-06-26T13:32:04Z
2026-06-26,KY,7.3,73.0,2026-04,EIA retail-sales (sector IND),2026-06-26T13:32:04Z
2026-06-26,LA,7.16,71.6,2026-04,EIA retail-sales (sector IND),2026-06-26T13:32:04Z
2026-06-26,MA,18.55,185.5,2026-04,EIA retail-sales (sector IND),2026-06-26T13:32:04Z
2026-06-26,MD,14.34,143.4,2026-04,EIA retail-sales (sector IND),2026-06-26T13:32:04Z
2026-06-26,ME,14.87,148.7,2026-04,EIA retail-sales (sector IND),2026-06-26T13:32:04Z
2026-06-26,MI,8.95,89.5,2026-04,EIA retail-sales (sector IND),2026-06-26T13:32:04Z
2026-06-26,MN,9.86,98.6,2026-04,EIA retail-sales (sector IND),2026-06-26T13:32:04Z
2026-06-26,MO,8.28,82.8,2026-04,EIA retail-sales (sector IND),2026-06-26T13:32:04Z
2026-06-26,MS,7.46,74.6,2026-04,EIA retail-sales (sector IND),2026-06-26T13:32:04Z
2026-06-26,MT,5.99,59.9,2026-04,EIA retail-sales (sector IND),2026-06-26T13:32:04Z
2026-06-26,NC,7.73,77.3,2026-04,EIA retail-sales (sector IND),2026-06-26T13:32:04Z
2026-06-26,ND,8.21,82.1,2026-04,EIA retail-sales (sector IND),2026-06-26T13:32:04Z
2026-06-26,NE,8.46,84.6,2026-04,EIA retail-sales (sector IND),2026-06-26T13:32:04Z
2026-06-26,NH,17.14,171.4,2026-04,EIA retail-sales (sector IND),2026-06-26T13:32:04Z
2026-06-26,NJ,15.22,152.2,2026-04,EIA retail-sales (sector IND),2026-06-26T13:32:04Z
2026-06-26,NM,6.27,62.7,2026-04,EIA retail-sales (sector IND),2026-06-26T13:32:04Z
2026-06-26,NV,7.58,75.8,2026-04,EIA retail-sales (sector IND),2026-06-26T13:32:04Z
2026-06-26,NY,8.62,86.2,2026-04,EIA retail-sales (sector IND),2026-06-26T13:32:04Z
2026-06-26,OH,9.95,99.5,2026-04,EIA retail-sales (sector IND),2026-06-26T13:32:04Z
2026-06-26,OK,5.86,58.6,2026-04,EIA retail-sales (sector IND),2026-06-26T13:32:04Z
2026-06-26,OR,8.07,80.7,2026-04,EIA retail-sales (sector IND),2026-06-26T13:32:04Z
2026-06-26,PA,9.82,98.2,2026-04,EIA retail-sales (sector IND),2026-06-26T13:32:04Z
2026-06-26,RI,20.75,207.5,2026-04,EIA retail-sales (sector IND),2026-06-26T13:32:04Z
2026-06-26,SC,7.45,74.5,2026-04,EIA retail-sales (sector IND),2026-06-26T13:32:04Z
2026-06-26,SD,9.15,91.5,2026-04,EIA retail-sales (sector IND),2026-06-26T13:32:04Z
2026-06-26,TN,6.95,69.5,2026-04,EIA retail-sales (sector IND),2026-06-26T13:32:04Z
2026-06-26,TX,6.33,63.3,2026-04,EIA retail-sales (sector IND),2026-06-26T13:32:04Z
2026-06-26,US,8.66,86.6,2026-04,EIA retail-sales (sector IND),2026-06-26T13:32:04Z
2026-06-26,UT,8.51,85.1,2026-04,EIA retail-sales (sector IND),2026-06-26T13:32:04Z
2026-06-26,VA,9.86,98.6,2026-04,EIA retail-sales (sector IND),2026-06-26T13:32:04Z
2026-06-26,VT,12.48,124.8,2026-04,EIA retail-sales (sector IND),2026-06-26T13:32:04Z
2026-06-26,WA,7.01,70.1,2026-04,EIA retail-sales (sector IND),2026-06-26T13:32:04Z
2026-06-26,WI,8.84,88.4,2026-04,EIA retail-sales (sector IND),2026-06-26T13:32:04Z
2026-06-26,WV,8.84,88.4,2026-04,EIA retail-sales (sector IND),2026-06-26T13:32:04Z
2026-06-26,WY,8.75,87.5,2026-04,EIA retail-sales (sector IND),2026-06-26T13:32:04Z
2026-06-27,AK,24.87,248.7,2026-04,EIA retail-sales (sector IND),2026-06-27T12:53:25Z
2026-06-27,AL,7.84,78.4,2026-04,EIA retail-sales (sector IND),2026-06-27T12:53:25Z
2026-06-27,AR,6.2,62.0,2026-04,EIA retail-sales (sector IND),2026-06-27T12:53:25Z
2026-06-27,AZ,7.23,72.3,2026-04,EIA retail-sales (sector IND),2026-06-27T12:53:25Z
2026-06-27,CA,19.87,198.7,2026-04,EIA retail-sales (sector IND),2026-06-27T12:53:25Z
2026-06-27,CO,9.4,94.0,2026-04,EIA retail-sales (sector IND),2026-06-27T12:53:25Z
2026-06-27,CT,17.93,179.3,2026-04,EIA retail-sales (sector IND),2026-06-27T12:53:25Z
2026-06-27,DC,22.39,223.9,2026-04,EIA retail-sales (sector IND),2026-06-27T12:53:25Z
2026-06-27,DE,9.74,97.4,2026-04,EIA retail-sales (sector IND),2026-06-27T12:53:25Z
2026-06-27,FL,9.23,92.3,2026-04,EIA retail-sales (sector IND),2026-06-27T12:53:25Z
2026-06-27,GA,6.84,68.4,2026-04,EIA retail-sales (sector IND),2026-06-27T12:53:25Z
2026-06-27,HI,38.29,382.9,2026-04,EIA retail-sales (sector IND),2026-06-27T12:53:25Z
2026-06-27,IA,6.26,62.6,2026-04,EIA retail-sales (sector IND),2026-06-27T12:53:25Z
2026-06-27,ID,7.27,72.7,2026-04,EIA retail-sales (sector IND),2026-06-27T12:53:25Z
2026-06-27,IL,9.74,97.4,2026-04,EIA retail-sales (sector IND),2026-06-27T12:53:25Z
2026-06-27,IN,8.86,88.6,2026-04,EIA retail-sales (sector IND),2026-06-27T12:53:25Z
2026-06-27,KS,8.21,82.1,2026-04,EIA retail-sales (sector IND),2026-06-27T12:53:25Z
2026-06-27,KY,7.3,73.0,2026-04,EIA retail-sales (sector IND),2026-06-27T12:53:25Z
2026-06-27,LA,7.16,71.6,2026-04,EIA retail-sales (sector IND),2026-06-27T12:53:25Z
2026-06-27,MA,18.55,185.5,2026-04,EIA retail-sales (sector IND),2026-06-27T12:53:25Z
2026-06-27,MD,14.34,143.4,2026-04,EIA retail-sales (sector IND),2026-06-27T12:53:25Z
2026-06-27,ME,14.87,148.7,2026-04,EIA retail-sales (sector IND),2026-06-27T12:53:25Z
2026-06-27,MI,8.95,89.5,2026-04,EIA retail-sales (sector IND),2026-06-27T12:53:25Z
2026-06-27,MN,9.86,98.6,2026-04,EIA retail-sales (sector IND),2026-06-27T12:53:25Z
2026-06-27,MO,8.28,82.8,2026-04,EIA retail-sales (sector IND),2026-06-27T12:53:25Z
2026-06-27,MS,7.46,74.6,2026-04,EIA retail-sales (sector IND),2026-06-27T12:53:25Z
2026-06-27,MT,5.99,59.9,2026-04,EIA retail-sales (sector IND),2026-06-27T12:53:25Z
2026-06-27,NC,7.73,77.3,2026-04,EIA retail-sales (sector IND),2026-06-27T12:53:25Z
2026-06-27,ND,8.21,82.1,2026-04,EIA retail-sales (sector IND),2026-06-27T12:53:25Z
2026-06-27,NE,8.46,84.6,2026-04,EIA retail-sales (sector IND),2026-06-27T12:53:25Z
2026-06-27,NH,17.14,171.4,2026-04,EIA retail-sales (sector IND),2026-06-27T12:53:25Z
2026-06-27,NJ,15.22,152.2,2026-04,EIA retail-sales (sector IND),2026-06-27T12:53:25Z
2026-06-27,NM,6.27,62.7,2026-04,EIA retail-sales (sector IND),2026-06-27T12:53:25Z
2026-06-27,NV,7.58,75.8,2026-04,EIA retail-sales (sector IND),2026-06-27T12:53:25Z
2026-06-27,NY,8.62,86.2,2026-04,EIA retail-sales (sector IND),2026-06-27T12:53:25Z
2026-06-27,OH,9.95,99.5,2026-04,EIA retail-sales (sector IND),2026-06-27T12:53:25Z
2026-06-27,OK,5.86,58.6,2026-04,EIA retail-sales (sector IND),2026-06-27T12:53:25Z
2026-06-27,OR,8.07,80.7,2026-04,EIA retail-sales (sector IND),2026-06-27T12:53:25Z
2026-06-27,PA,9.82,98.2,2026-04,EIA retail-sales (sector IND),2026-06-27T12:53:25Z
2026-06-27,RI,20.75,207.5,2026-04,EIA retail-sales (sector IND),2026-06-27T12:53:25Z
2026-06-27,SC,7.45,74.5,2026-04,EIA retail-sales (sector IND),2026-06-27T12:53:25Z
2026-06-27,SD,9.15,91.5,2026-04,EIA retail-sales (sector IND),2026-06-27T12:53:25Z
2026-06-27,TN,6.95,69.5,2026-04,EIA retail-sales (sector IND),2026-06-27T12:53:25Z
2026-06-27,TX,6.33,63.3,2026-04,EIA retail-sales (sector IND),2026-06-27T12:53:25Z
2026-06-27,US,8.66,86.6,2026-04,EIA retail-sales (sector IND),2026-06-27T12:53:25Z
2026-06-27,UT,8.51,85.1,2026-04,EIA retail-sales (sector IND),2026-06-27T12:53:25Z
2026-06-27,VA,9.86,98.6,2026-04,EIA retail-sales (sector IND),2026-06-27T12:53:25Z
2026-06-27,VT,12.48,124.8,2026-04,EIA retail-sales (sector IND),2026-06-27T12:53:25Z
2026-06-27,WA,7.01,70.1,2026-04,EIA retail-sales (sector IND),2026-06-27T12:53:25Z
2026-06-27,WI,8.84,88.4,2026-04,EIA retail-sales (sector IND),2026-06-27T12:53:25Z
2026-06-27,WV,8.84,88.4,2026-04,EIA retail-sales (sector IND),2026-06-27T12:53:25Z
2026-06-27,WY,8.75,87.5,2026-04,EIA retail-sales (sector IND),2026-06-27T12:53:25Z
2026-06-28,AK,24.87,248.7,2026-04,EIA retail-sales (sector IND),2026-06-28T12:58:54Z
2026-06-28,AL,7.84,78.4,2026-04,EIA retail-sales (sector IND),2026-06-28T12:58:54Z
2026-06-28,AR,6.2,62.0,2026-04,EIA retail-sales (sector IND),2026-06-28T12:58:54Z
2026-06-28,AZ,7.23,72.3,2026-04,EIA retail-sales (sector IND),2026-06-28T12:58:54Z
2026-06-28,CA,19.87,198.7,2026-04,EIA retail-sales (sector IND),2026-06-28T12:58:54Z
2026-06-28,CO,9.4,94.0,2026-04,EIA retail-sales (sector IND),2026-06-28T12:58:54Z
2026-06-28,CT,17.93,179.3,2026-04,EIA retail-sales (sector IND),2026-06-28T12:58:54Z
2026-06-28,DC,22.39,223.9,2026-04,EIA retail-sales (sector IND),2026-06-28T12:58:54Z
2026-06-28,DE,9.74,97.4,2026-04,EIA retail-sales (sector IND),2026-06-28T12:58:54Z
2026-06-28,FL,9.23,92.3,2026-04,EIA retail-sales (sector IND),2026-06-28T12:58:54Z
2026-06-28,GA,6.84,68.4,2026-04,EIA retail-sales (sector IND),2026-06-28T12:58:54Z
2026-06-28,HI,38.29,382.9,2026-04,EIA retail-sales (sector IND),2026-06-28T12:58:54Z
2026-06-28,IA,6.26,62.6,2026-04,EIA retail-sales (sector IND),2026-06-28T12:58:54Z
2026-06-28,ID,7.27,72.7,2026-04,EIA retail-sales (sector IND),2026-06-28T12:58:54Z
2026-06-28,IL,9.74,97.4,2026-04,EIA retail-sales (sector IND),2026-06-28T12:58:54Z
2026-06-28,IN,8.86,88.6,2026-04,EIA retail-sales (sector IND),2026-06-28T12:58:54Z
2026-06-28,KS,8.21,82.1,2026-04,EIA retail-sales (sector IND),2026-06-28T12:58:54Z
2026-06-28,KY,7.3,73.0,2026-04,EIA retail-sales (sector IND),2026-06-28T12:58:54Z
2026-06-28,LA,7.16,71.6,2026-04,EIA retail-sales (sector IND),2026-06-28T12:58:54Z
2026-06-28,MA,18.55,185.5,2026-04,EIA retail-sales (sector IND),2026-06-28T12:58:54Z
2026-06-28,MD,14.34,143.4,2026-04,EIA retail-sales (sector IND),2026-06-28T12:58:54Z
2026-06-28,ME,14.87,148.7,2026-04,EIA retail-sales (sector IND),2026-06-28T12:58:54Z
2026-06-28,MI,8.95,89.5,2026-04,EIA retail-sales (sector IND),2026-06-28T12:58:54Z
2026-06-28,MN,9.86,98.6,2026-04,EIA retail-sales (sector IND),2026-06-28T12:58:54Z
2026-06-28,MO,8.28,82.8,2026-04,EIA retail-sales (sector IND),2026-06-28T12:58:54Z
2026-06-28,MS,7.46,74.6,2026-04,EIA retail-sales (sector IND),2026-06-28T12:58:54Z
2026-06-28,MT,5.99,59.9,2026-04,EIA retail-sales (sector IND),2026-06-28T12:58:54Z
2026-06-28,NC,7.73,77.3,2026-04,EIA retail-sales (sector IND),2026-06-28T12:58:54Z
2026-06-28,ND,8.21,82.1,2026-04,EIA retail-sales (sector IND),2026-06-28T12:58:54Z
2026-06-28,NE,8.46,84.6,2026-04,EIA retail-sales (sector IND),2026-06-28T12:58:54Z
2026-06-28,NH,17.14,171.4,2026-04,EIA retail-sales (sector IND),2026-06-28T12:58:54Z
2026-06-28,NJ,15.22,152.2,2026-04,EIA retail-sales (sector IND),2026-06-28T12:58:54Z
2026-06-28,NM,6.27,62.7,2026-04,EIA retail-sales (sector IND),2026-06-28T12:58:54Z
2026-06-28,NV,7.58,75.8,2026-04,EIA retail-sales (sector IND),2026-06-28T12:58:54Z
2026-06-28,NY,8.62,86.2,2026-04,EIA retail-sales (sector IND),2026-06-28T12:58:54Z
2026-06-28,OH,9.95,99.5,2026-04,EIA retail-sales (sector IND),2026-06-28T12:58:54Z
2026-06-28,OK,5.86,58.6,2026-04,EIA retail-sales (sector IND),2026-06-28T12:58:54Z
2026-06-28,OR,8.07,80.7,2026-04,EIA retail-sales (sector IND),2026-06-28T12:58:54Z
2026-06-28,PA,9.82,98.2,2026-04,EIA retail-sales (sector IND),2026-06-28T12:58:54Z
2026-06-28,RI,20.75,207.5,2026-04,EIA retail-sales (sector IND),2026-06-28T12:58:54Z
2026-06-28,SC,7.45,74.5,2026-04,EIA retail-sales (sector IND),2026-06-28T12:58:54Z
2026-06-28,SD,9.15,91.5,2026-04,EIA retail-sales (sector IND),2026-06-28T12:58:54Z
2026-06-28,TN,6.95,69.5,2026-04,EIA retail-sales (sector IND),2026-06-28T12:58:54Z
2026-06-28,TX,6.33,63.3,2026-04,EIA retail-sales (sector IND),2026-06-28T12:58:54Z
2026-06-28,US,8.66,86.6,2026-04,EIA retail-sales (sector IND),2026-06-28T12:58:54Z
2026-06-28,UT,8.51,85.1,2026-04,EIA retail-sales (sector IND),2026-06-28T12:58:54Z
2026-06-28,VA,9.86,98.6,2026-04,EIA retail-sales (sector IND),2026-06-28T12:58:54Z
2026-06-28,VT,12.48,124.8,2026-04,EIA retail-sales (sector IND),2026-06-28T12:58:54Z
2026-06-28,WA,7.01,70.1,2026-04,EIA retail-sales (sector IND),2026-06-28T12:58:54Z
2026-06-28,WI,8.84,88.4,2026-04,EIA retail-sales (sector IND),2026-06-28T12:58:54Z
2026-06-28,WV,8.84,88.4,2026-04,EIA retail-sales (sector IND),2026-06-28T12:58:54Z
2026-06-28,WY,8.75,87.5,2026-04,EIA retail-sales (sector IND),2026-06-28T12:58:54Z
2026-07-02,AK,24.87,248.7,2026-04,EIA retail-sales (sector IND),2026-07-02T13:19:26Z
2026-07-02,AL,7.84,78.4,2026-04,EIA retail-sales (sector IND),2026-07-02T13:19:26Z
2026-07-02,AR,6.2,62.0,2026-04,EIA retail-sales (sector IND),2026-07-02T13:19:26Z
2026-07-02,AZ,7.23,72.3,2026-04,EIA retail-sales (sector IND),2026-07-02T13:19:26Z
2026-07-02,CA,19.87,198.7,2026-04,EIA retail-sales (sector IND),2026-07-02T13:19:26Z
2026-07-02,CO,9.4,94.0,2026-04,EIA retail-sales (sector IND),2026-07-02T13:19:26Z
2026-07-02,CT,17.93,179.3,2026-04,EIA retail-sales (sector IND),2026-07-02T13:19:26Z
2026-07-02,DC,22.39,223.9,2026-04,EIA retail-sales (sector IND),2026-07-02T13:19:26Z
2026-07-02,DE,9.74,97.4,2026-04,EIA retail-sales (sector IND),2026-07-02T13:19:26Z
2026-07-02,FL,9.23,92.3,2026-04,EIA retail-sales (sector IND),2026-07-02T13:19:26Z
2026-07-02,GA,6.84,68.4,2026-04,EIA retail-sales (sector IND),2026-07-02T13:19:26Z
2026-07-02,HI,38.29,382.9,2026-04,EIA retail-sales (sector IND),2026-07-02T13:19:26Z
2026-07-02,IA,6.26,62.6,2026-04,EIA retail-sales (sector IND),2026-07-02T13:19:26Z
2026-07-02,ID,7.27,72.7,2026-04,EIA retail-sales (sector IND),2026-07-02T13:19:26Z
2026-07-02,IL,9.74,97.4,2026-04,EIA retail-sales (sector IND),2026-07-02T13:19:26Z
2026-07-02,IN,8.86,88.6,2026-04,EIA retail-sales (sector IND),2026-07-02T13:19:26Z
2026-07-02,KS,8.21,82.1,2026-04,EIA retail-sales (sector IND),2026-07-02T13:19:26Z
2026-07-02,KY,7.3,73.0,2026-04,EIA retail-sales (sector IND),2026-07-02T13:19:26Z
2026-07-02,LA,7.16,71.6,2026-04,EIA retail-sales (sector IND),2026-07-02T13:19:26Z
2026-07-02,MA,18.55,185.5,2026-04,EIA retail-sales (sector IND),2026-07-02T13:19:26Z
2026-07-02,MD,14.34,143.4,2026-04,EIA retail-sales (sector IND),2026-07-02T13:19:26Z
2026-07-02,ME,14.87,148.7,2026-04,EIA retail-sales (sector IND),2026-07-02T13:19:26Z
2026-07-02,MI,8.95,89.5,2026-04,EIA retail-sales (sector IND),2026-07-02T13:19:26Z
2026-07-02,MN,9.86,98.6,2026-04,EIA retail-sales (sector IND),2026-07-02T13:19:26Z
2026-07-02,MO,8.28,82.8,2026-04,EIA retail-sales (sector IND),2026-07-02T13:19:26Z
2026-07-02,MS,7.46,74.6,2026-04,EIA retail-sales (sector IND),2026-07-02T13:19:26Z
2026-07-02,MT,5.99,59.9,2026-04,EIA retail-sales (sector IND),2026-07-02T13:19:26Z
2026-07-02,NC,7.73,77.3,2026-04,EIA retail-sales (sector IND),2026-07-02T13:19:26Z
2026-07-02,ND,8.21,82.1,2026-04,EIA retail-sales (sector IND),2026-07-02T13:19:26Z
2026-07-02,NE,8.46,84.6,2026-04,EIA retail-sales (sector IND),2026-07-02T13:19:26Z
2026-07-02,NH,17.14,171.4,2026-04,EIA retail-sales (sector IND),2026-07-02T13:19:26Z
2026-07-02,NJ,15.22,152.2,2026-04,EIA retail-sales (sector IND),2026-07-02T13:19:26Z
2026-07-02,NM,6.27,62.7,2026-04,EIA retail-sales (sector IND),2026-07-02T13:19:26Z
2026-07-02,NV,7.58,75.8,2026-04,EIA retail-sales (sector IND),2026-07-02T13:19:26Z
2026-07-02,NY,8.62,86.2,2026-04,EIA retail-sales (sector IND),2026-07-02T13:19:26Z
2026-07-02,OH,9.95,99.5,2026-04,EIA retail-sales (sector IND),2026-07-02T13:19:26Z
2026-07-02,OK,5.86,58.6,2026-04,EIA retail-sales (sector IND),2026-07-02T13:19:26Z
2026-07-02,OR,8.07,80.7,2026-04,EIA retail-sales (sector IND),2026-07-02T13:19:26Z
2026-07-02,PA,9.82,98.2,2026-04,EIA retail-sales (sector IND),2026-07-02T13:19:26Z
2026-07-02,RI,20.75,207.5,2026-04,EIA retail-sales (sector IND),2026-07-02T13:19:26Z
2026-07-02,SC,7.45,74.5,2026-04,EIA retail-sales (sector IND),2026-07-02T13:19:26Z
2026-07-02,SD,9.15,91.5,2026-04,EIA retail-sales (sector IND),2026-07-02T13:19:26Z
2026-07-02,TN,6.95,69.5,2026-04,EIA retail-sales (sector IND),2026-07-02T13:19:26Z
2026-07-02,TX,6.33,63.3,2026-04,EIA retail-sales (sector IND),2026-07-02T13:19:26Z
2026-07-02,US,8.66,86.6,2026-04,EIA retail-sales (sector IND),2026-07-02T13:19:26Z
2026-07-02,UT,8.51,85.1,2026-04,EIA retail-sales (sector IND),2026-07-02T13:19:26Z
2026-07-02,VA,9.86,98.6,2026-04,EIA retail-sales (sector IND),2026-07-02T13:19:26Z
2026-07-02,VT,12.48,124.8,2026-04,EIA retail-sales (sector IND),2026-07-02T13:19:26Z
2026-07-02,WA,7.01,70.1,2026-04,EIA retail-sales (sector IND),2026-07-02T13:19:26Z
2026-07-02,WI,8.84,88.4,2026-04,EIA retail-sales (sector IND),2026-07-02T13:19:26Z
2026-07-02,WV,8.84,88.4,2026-04,EIA retail-sales (sector IND),2026-07-02T13:19:26Z
2026-07-02,WY,8.75,87.5,2026-04,EIA retail-sales (sector IND),2026-07-02T13:19:26Z
2026-07-03,AK,24.87,248.7,2026-04,EIA retail-sales (sector IND),2026-07-03T13:21:12Z
2026-07-03,AL,7.84,78.4,2026-04,EIA retail-sales (sector IND),2026-07-03T13:21:12Z
2026-07-03,AR,6.2,62.0,2026-04,EIA retail-sales (sector IND),2026-07-03T13:21:12Z
2026-07-03,AZ,7.23,72.3,2026-04,EIA retail-sales (sector IND),2026-07-03T13:21:12Z
2026-07-03,CA,19.87,198.7,2026-04,EIA retail-sales (sector IND),2026-07-03T13:21:12Z
2026-07-03,CO,9.4,94.0,2026-04,EIA retail-sales (sector IND),2026-07-03T13:21:12Z
2026-07-03,CT,17.93,179.3,2026-04,EIA retail-sales (sector IND),2026-07-03T13:21:12Z
2026-07-03,DC,22.39,223.9,2026-04,EIA retail-sales (sector IND),2026-07-03T13:21:12Z
2026-07-03,DE,9.74,97.4,2026-04,EIA retail-sales (sector IND),2026-07-03T13:21:12Z
2026-07-03,FL,9.23,92.3,2026-04,EIA retail-sales (sector IND),2026-07-03T13:21:12Z
2026-07-03,GA,6.84,68.4,2026-04,EIA retail-sales (sector IND),2026-07-03T13:21:12Z
2026-07-03,HI,38.29,382.9,2026-04,EIA retail-sales (sector IND),2026-07-03T13:21:12Z
2026-07-03,IA,6.26,62.6,2026-04,EIA retail-sales (sector IND),2026-07-03T13:21:12Z
2026-07-03,ID,7.27,72.7,2026-04,EIA retail-sales (sector IND),2026-07-03T13:21:12Z
2026-07-03,IL,9.74,97.4,2026-04,EIA retail-sales (sector IND),2026-07-03T13:21:12Z
2026-07-03,IN,8.86,88.6,2026-04,EIA retail-sales (sector IND),2026-07-03T13:21:12Z
2026-07-03,KS,8.21,82.1,2026-04,EIA retail-sales (sector IND),2026-07-03T13:21:12Z
2026-07-03,KY,7.3,73.0,2026-04,EIA retail-sales (sector IND),2026-07-03T13:21:12Z
2026-07-03,LA,7.16,71.6,2026-04,EIA retail-sales (sector IND),2026-07-03T13:21:12Z
2026-07-03,MA,18.55,185.5,2026-04,EIA retail-sales (sector IND),2026-07-03T13:21:12Z
2026-07-03,MD,14.34,143.4,2026-04,EIA retail-sales (sector IND),2026-07-03T13:21:12Z
2026-07-03,ME,14.87,148.7,2026-04,EIA retail-sales (sector IND),2026-07-03T13:21:12Z
2026-07-03,MI,8.95,89.5,2026-04,EIA retail-sales (sector IND),2026-07-03T13:21:12Z
2026-07-03,MN,9.86,98.6,2026-04,EIA retail-sales (sector IND),2026-07-03T13:21:12Z
2026-07-03,MO,8.28,82.8,2026-04,EIA retail-sales (sector IND),2026-07-03T13:21:12Z
2026-07-03,MS,7.46,74.6,2026-04,EIA retail-sales (sector IND),2026-07-03T13:21:12Z
2026-07-03,MT,5.99,59.9,2026-04,EIA retail-sales (sector IND),2026-07-03T13:21:12Z
2026-07-03,NC,7.73,77.3,2026-04,EIA retail-sales (sector IND),2026-07-03T13:21:12Z
2026-07-03,ND,8.21,82.1,2026-04,EIA retail-sales (sector IND),2026-07-03T13:21:12Z
2026-07-03,NE,8.46,84.6,2026-04,EIA retail-sales (sector IND),2026-07-03T13:21:12Z
2026-07-03,NH,17.14,171.4,2026-04,EIA retail-sales (sector IND),2026-07-03T13:21:12Z
2026-07-03,NJ,15.22,152.2,2026-04,EIA retail-sales (sector IND),2026-07-03T13:21:12Z
2026-07-03,NM,6.27,62.7,2026-04,EIA retail-sales (sector IND),2026-07-03T13:21:12Z
2026-07-03,NV,7.58,75.8,2026-04,EIA retail-sales (sector IND),2026-07-03T13:21:12Z
2026-07-03,NY,8.62,86.2,2026-04,EIA retail-sales (sector IND),2026-07-03T13:21:12Z
2026-07-03,OH,9.95,99.5,2026-04,EIA retail-sales (sector IND),2026-07-03T13:21:12Z
2026-07-03,OK,5.86,58.6,2026-04,EIA retail-sales (sector IND),2026-07-03T13:21:12Z
2026-07-03,OR,8.07,80.7,2026-04,EIA retail-sales (sector IND),2026-07-03T13:21:12Z
2026-07-03,PA,9.82,98.2,2026-04,EIA retail-sales (sector IND),2026-07-03T13:21:12Z
2026-07-03,RI,20.75,207.5,2026-04,EIA retail-sales (sector IND),2026-07-03T13:21:12Z
2026-07-03,SC,7.45,74.5,2026-04,EIA retail-sales (sector IND),2026-07-03T13:21:12Z
2026-07-03,SD,9.15,91.5,2026-04,EIA retail-sales (sector IND),2026-07-03T13:21:12Z
2026-07-03,TN,6.95,69.5,2026-04,EIA retail-sales (sector IND),2026-07-03T13:21:12Z
2026-07-03,TX,6.33,63.3,2026-04,EIA retail-sales (sector IND),2026-07-03T13:21:12Z
2026-07-03,US,8.66,86.6,2026-04,EIA retail-sales (sector IND),2026-07-03T13:21:12Z
2026-07-03,UT,8.51,85.1,2026-04,EIA retail-sales (sector IND),2026-07-03T13:21:12Z
2026-07-03,VA,9.86,98.6,2026-04,EIA retail-sales (sector IND),2026-07-03T13:21:12Z
2026-07-03,VT,12.48,124.8,2026-04,EIA retail-sales (sector IND),2026-07-03T13:21:12Z
2026-07-03,WA,7.01,70.1,2026-04,EIA retail-sales (sector IND),2026-07-03T13:21:12Z
2026-07-03,WI,8.84,88.4,2026-04,EIA retail-sales (sector IND),2026-07-03T13:21:12Z
2026-07-03,WV,8.84,88.4,2026-04,EIA retail-sales (sector IND),2026-07-03T13:21:12Z
2026-07-03,WY,8.75,87.5,2026-04,EIA retail-sales (sector IND),2026-07-03T13:21:12Z
2026-07-04,AK,24.87,248.7,2026-04,EIA retail-sales (sector IND),2026-07-04T12:46:11Z
2026-07-04,AL,7.84,78.4,2026-04,EIA retail-sales (sector IND),2026-07-04T12:46:11Z
2026-07-04,AR,6.2,62.0,2026-04,EIA retail-sales (sector IND),2026-07-04T12:46:11Z
2026-07-04,AZ,7.23,72.3,2026-04,EIA retail-sales (sector IND),2026-07-04T12:46:11Z
2026-07-04,CA,19.87,198.7,2026-04,EIA retail-sales (sector IND),2026-07-04T12:46:11Z
2026-07-04,CO,9.4,94.0,2026-04,EIA retail-sales (sector IND),2026-07-04T12:46:11Z
2026-07-04,CT,17.93,179.3,2026-04,EIA retail-sales (sector IND),2026-07-04T12:46:11Z
2026-07-04,DC,22.39,223.9,2026-04,EIA retail-sales (sector IND),2026-07-04T12:46:11Z
2026-07-04,DE,9.74,97.4,2026-04,EIA retail-sales (sector IND),2026-07-04T12:46:11Z
2026-07-04,FL,9.23,92.3,2026-04,EIA retail-sales (sector IND),2026-07-04T12:46:11Z
2026-07-04,GA,6.84,68.4,2026-04,EIA retail-sales (sector IND),2026-07-04T12:46:11Z
2026-07-04,HI,38.29,382.9,2026-04,EIA retail-sales (sector IND),2026-07-04T12:46:11Z
2026-07-04,IA,6.26,62.6,2026-04,EIA retail-sales (sector IND),2026-07-04T12:46:11Z
2026-07-04,ID,7.27,72.7,2026-04,EIA retail-sales (sector IND),2026-07-04T12:46:11Z
2026-07-04,IL,9.74,97.4,2026-04,EIA retail-sales (sector IND),2026-07-04T12:46:11Z
2026-07-04,IN,8.86,88.6,2026-04,EIA retail-sales (sector IND),2026-07-04T12:46:11Z
2026-07-04,KS,8.21,82.1,2026-04,EIA retail-sales (sector IND),2026-07-04T12:46:11Z
2026-07-04,KY,7.3,73.0,2026-04,EIA retail-sales (sector IND),2026-07-04T12:46:11Z
2026-07-04,LA,7.16,71.6,2026-04,EIA retail-sales (sector IND),2026-07-04T12:46:11Z
2026-07-04,MA,18.55,185.5,2026-04,EIA retail-sales (sector IND),2026-07-04T12:46:11Z
2026-07-04,MD,14.34,143.4,2026-04,EIA retail-sales (sector IND),2026-07-04T12:46:11Z
2026-07-04,ME,14.87,148.7,2026-04,EIA retail-sales (sector IND),2026-07-04T12:46:11Z
2026-07-04,MI,8.95,89.5,2026-04,EIA retail-sales (sector IND),2026-07-04T12:46:11Z
2026-07-04,MN,9.86,98.6,2026-04,EIA retail-sales (sector IND),2026-07-04T12:46:11Z
2026-07-04,MO,8.28,82.8,2026-04,EIA retail-sales (sector IND),2026-07-04T12:46:11Z
2026-07-04,MS,7.46,74.6,2026-04,EIA retail-sales (sector IND),2026-07-04T12:46:11Z
2026-07-04,MT,5.99,59.9,2026-04,EIA retail-sales (sector IND),2026-07-04T12:46:11Z
2026-07-04,NC,7.73,77.3,2026-04,EIA retail-sales (sector IND),2026-07-04T12:46:11Z
2026-07-04,ND,8.21,82.1,2026-04,EIA retail-sales (sector IND),2026-07-04T12:46:11Z
2026-07-04,NE,8.46,84.6,2026-04,EIA retail-sales (sector IND),2026-07-04T12:46:11Z
2026-07-04,NH,17.14,171.4,2026-04,EIA retail-sales (sector IND),2026-07-04T12:46:11Z
2026-07-04,NJ,15.22,152.2,2026-04,EIA retail-sales (sector IND),2026-07-04T12:46:11Z
2026-07-04,NM,6.27,62.7,2026-04,EIA retail-sales (sector IND),2026-07-04T12:46:11Z
2026-07-04,NV,7.58,75.8,2026-04,EIA retail-sales (sector IND),2026-07-04T12:46:11Z
2026-07-04,NY,8.62,86.2,2026-04,EIA retail-sales (sector IND),2026-07-04T12:46:11Z
2026-07-04,OH,9.95,99.5,2026-04,EIA retail-sales (sector IND),2026-07-04T12:46:11Z
2026-07-04,OK,5.86,58.6,2026-04,EIA retail-sales (sector IND),2026-07-04T12:46:11Z
2026-07-04,OR,8.07,80.7,2026-04,EIA retail-sales (sector IND),2026-07-04T12:46:11Z
2026-07-04,PA,9.82,98.2,2026-04,EIA retail-sales (sector IND),2026-07-04T12:46:11Z
2026-07-04,RI,20.75,207.5,2026-04,EIA retail-sales (sector IND),2026-07-04T12:46:11Z
2026-07-04,SC,7.45,74.5,2026-04,EIA retail-sales (sector IND),2026-07-04T12:46:11Z
2026-07-04,SD,9.15,91.5,2026-04,EIA retail-sales (sector IND),2026-07-04T12:46:11Z
2026-07-04,TN,6.95,69.5,2026-04,EIA retail-sales (sector IND),2026-07-04T12:46:11Z
2026-07-04,TX,6.33,63.3,2026-04,EIA retail-sales (sector IND),2026-07-04T12:46:11Z
2026-07-04,US,8.66,86.6,2026-04,EIA retail-sales (sector IND),2026-07-04T12:46:11Z
2026-07-04,UT,8.51,85.1,2026-04,EIA retail-sales (sector IND),2026-07-04T12:46:11Z
2026-07-04,VA,9.86,98.6,2026-04,EIA retail-sales (sector IND),2026-07-04T12:46:11Z
2026-07-04,VT,12.48,124.8,2026-04,EIA retail-sales (sector IND),2026-07-04T12:46:11Z
2026-07-04,WA,7.01,70.1,2026-04,EIA retail-sales (sector IND),2026-07-04T12:46:11Z
2026-07-04,WI,8.84,88.4,2026-04,EIA retail-sales (sector IND),2026-07-04T12:46:11Z
2026-07-04,WV,8.84,88.4,2026-04,EIA retail-sales (sector IND),2026-07-04T12:46:11Z
2026-07-04,WY,8.75,87.5,2026-04,EIA retail-sales (sector IND),2026-07-04T12:46:11Z
2026-07-05,AK,24.87,248.7,2026-04,EIA retail-sales (sector IND),2026-07-05T12:49:52Z
2026-07-05,AL,7.84,78.4,2026-04,EIA retail-sales (sector IND),2026-07-05T12:49:52Z
2026-07-05,AR,6.2,62.0,2026-04,EIA retail-sales (sector IND),2026-07-05T12:49:52Z
2026-07-05,AZ,7.23,72.3,2026-04,EIA retail-sales (sector IND),2026-07-05T12:49:52Z
2026-07-05,CA,19.87,198.7,2026-04,EIA retail-sales (sector IND),2026-07-05T12:49:52Z
2026-07-05,CO,9.4,94.0,2026-04,EIA retail-sales (sector IND),2026-07-05T12:49:52Z
2026-07-05,CT,17.93,179.3,2026-04,EIA retail-sales (sector IND),2026-07-05T12:49:52Z
2026-07-05,DC,22.39,223.9,2026-04,EIA retail-sales (sector IND),2026-07-05T12:49:52Z
2026-07-05,DE,9.74,97.4,2026-04,EIA retail-sales (sector IND),2026-07-05T12:49:52Z
2026-07-05,FL,9.23,92.3,2026-04,EIA retail-sales (sector IND),2026-07-05T12:49:52Z
2026-07-05,GA,6.84,68.4,2026-04,EIA retail-sales (sector IND),2026-07-05T12:49:52Z
2026-07-05,HI,38.29,382.9,2026-04,EIA retail-sales (sector IND),2026-07-05T12:49:52Z
2026-07-05,IA,6.26,62.6,2026-04,EIA retail-sales (sector IND),2026-07-05T12:49:52Z
2026-07-05,ID,7.27,72.7,2026-04,EIA retail-sales (sector IND),2026-07-05T12:49:52Z
2026-07-05,IL,9.74,97.4,2026-04,EIA retail-sales (sector IND),2026-07-05T12:49:52Z
2026-07-05,IN,8.86,88.6,2026-04,EIA retail-sales (sector IND),2026-07-05T12:49:52Z
2026-07-05,KS,8.21,82.1,2026-04,EIA retail-sales (sector IND),2026-07-05T12:49:52Z
2026-07-05,KY,7.3,73.0,2026-04,EIA retail-sales (sector IND),2026-07-05T12:49:52Z
2026-07-05,LA,7.16,71.6,2026-04,EIA retail-sales (sector IND),2026-07-05T12:49:52Z
2026-07-05,MA,18.55,185.5,2026-04,EIA retail-sales (sector IND),2026-07-05T12:49:52Z
2026-07-05,MD,14.34,143.4,2026-04,EIA retail-sales (sector IND),2026-07-05T12:49:52Z
2026-07-05,ME,14.87,148.7,2026-04,EIA retail-sales (sector IND),2026-07-05T12:49:52Z
2026-07-05,MI,8.95,89.5,2026-04,EIA retail-sales (sector IND),2026-07-05T12:49:52Z
2026-07-05,MN,9.86,98.6,2026-04,EIA retail-sales (sector IND),2026-07-05T12:49:52Z
2026-07-05,MO,8.28,82.8,2026-04,EIA retail-sales (sector IND),2026-07-05T12:49:52Z
2026-07-05,MS,7.46,74.6,2026-04,EIA retail-sales (sector IND),2026-07-05T12:49:52Z
2026-07-05,MT,5.99,59.9,2026-04,EIA retail-sales (sector IND),2026-07-05T12:49:52Z
2026-07-05,NC,7.73,77.3,2026-04,EIA retail-sales (sector IND),2026-07-05T12:49:52Z
2026-07-05,ND,8.21,82.1,2026-04,EIA retail-sales (sector IND),2026-07-05T12:49:52Z
2026-07-05,NE,8.46,84.6,2026-04,EIA retail-sales (sector IND),2026-07-05T12:49:52Z
2026-07-05,NH,17.14,171.4,2026-04,EIA retail-sales (sector IND),2026-07-05T12:49:52Z
2026-07-05,NJ,15.22,152.2,2026-04,EIA retail-sales (sector IND),2026-07-05T12:49:52Z
2026-07-05,NM,6.27,62.7,2026-04,EIA retail-sales (sector IND),2026-07-05T12:49:52Z
2026-07-05,NV,7.58,75.8,2026-04,EIA retail-sales (sector IND),2026-07-05T12:49:52Z
2026-07-05,NY,8.62,86.2,2026-04,EIA retail-sales (sector IND),2026-07-05T12:49:52Z
2026-07-05,OH,9.95,99.5,2026-04,EIA retail-sales (sector IND),2026-07-05T12:49:52Z
2026-07-05,OK,5.86,58.6,2026-04,EIA retail-sales (sector IND),2026-07-05T12:49:52Z
2026-07-05,OR,8.07,80.7,2026-04,EIA retail-sales (sector IND),2026-07-05T12:49:52Z
2026-07-05,PA,9.82,98.2,2026-04,EIA retail-sales (sector IND),2026-07-05T12:49:52Z
2026-07-05,RI,20.75,207.5,2026-04,EIA retail-sales (sector IND),2026-07-05T12:49:52Z
2026-07-05,SC,7.45,74.5,2026-04,EIA retail-sales (sector IND),2026-07-05T12:49:52Z
2026-07-05,SD,9.15,91.5,2026-04,EIA retail-sales (sector IND),2026-07-05T12:49:52Z
2026-07-05,TN,6.95,69.5,2026-04,EIA retail-sales (sector IND),2026-07-05T12:49:52Z
2026-07-05,TX,6.33,63.3,2026-04,EIA retail-sales (sector IND),2026-07-05T12:49:52Z
2026-07-05,US,8.66,86.6,2026-04,EIA retail-sales (sector IND),2026-07-05T12:49:52Z
2026-07-05,UT,8.51,85.1,2026-04,EIA retail-sales (sector IND),2026-07-05T12:49:52Z
2026-07-05,VA,9.86,98.6,2026-04,EIA retail-sales (sector IND),2026-07-05T12:49:52Z
2026-07-05,VT,12.48,124.8,2026-04,EIA retail-sales (sector IND),2026-07-05T12:49:52Z
2026-07-05,WA,7.01,70.1,2026-04,EIA retail-sales (sector IND),2026-07-05T12:49:52Z
2026-07-05,WI,8.84,88.4,2026-04,EIA retail-sales (sector IND),2026-07-05T12:49:52Z
2026-07-05,WV,8.84,88.4,2026-04,EIA retail-sales (sector IND),2026-07-05T12:49:52Z
2026-07-05,WY,8.75,87.5,2026-04,EIA retail-sales (sector IND),2026-07-05T12:49:52Z
2026-07-06,AK,24.87,248.7,2026-04,EIA retail-sales (sector IND),2026-07-06T14:43:24Z
2026-07-06,AL,7.84,78.4,2026-04,EIA retail-sales (sector IND),2026-07-06T14:43:24Z
2026-07-06,AR,6.2,62.0,2026-04,EIA retail-sales (sector IND),2026-07-06T14:43:24Z
2026-07-06,AZ,7.23,72.3,2026-04,EIA retail-sales (sector IND),2026-07-06T14:43:24Z
2026-07-06,CA,19.87,198.7,2026-04,EIA retail-sales (sector IND),2026-07-06T14:43:24Z
2026-07-06,CO,9.4,94.0,2026-04,EIA retail-sales (sector IND),2026-07-06T14:43:24Z
2026-07-06,CT,17.93,179.3,2026-04,EIA retail-sales (sector IND),2026-07-06T14:43:24Z
2026-07-06,DC,22.39,223.9,2026-04,EIA retail-sales (sector IND),2026-07-06T14:43:24Z
2026-07-06,DE,9.74,97.4,2026-04,EIA retail-sales (sector IND),2026-07-06T14:43:24Z
2026-07-06,FL,9.23,92.3,2026-04,EIA retail-sales (sector IND),2026-07-06T14:43:24Z
2026-07-06,GA,6.84,68.4,2026-04,EIA retail-sales (sector IND),2026-07-06T14:43:24Z
2026-07-06,HI,38.29,382.9,2026-04,EIA retail-sales (sector IND),2026-07-06T14:43:24Z
2026-07-06,IA,6.26,62.6,2026-04,EIA retail-sales (sector IND),2026-07-06T14:43:24Z
2026-07-06,ID,7.27,72.7,2026-04,EIA retail-sales (sector IND),2026-07-06T14:43:24Z
2026-07-06,IL,9.74,97.4,2026-04,EIA retail-sales (sector IND),2026-07-06T14:43:24Z
2026-07-06,IN,8.86,88.6,2026-04,EIA retail-sales (sector IND),2026-07-06T14:43:24Z
2026-07-06,KS,8.21,82.1,2026-04,EIA retail-sales (sector IND),2026-07-06T14:43:24Z
2026-07-06,KY,7.3,73.0,2026-04,EIA retail-sales (sector IND),2026-07-06T14:43:24Z
2026-07-06,LA,7.16,71.6,2026-04,EIA retail-sales (sector IND),2026-07-06T14:43:24Z
2026-07-06,MA,18.55,185.5,2026-04,EIA retail-sales (sector IND),2026-07-06T14:43:24Z
2026-07-06,MD,14.34,143.4,2026-04,EIA retail-sales (sector IND),2026-07-06T14:43:24Z
2026-07-06,ME,14.87,148.7,2026-04,EIA retail-sales (sector IND),2026-07-06T14:43:24Z
2026-07-06,MI,8.95,89.5,2026-04,EIA retail-sales (sector IND),2026-07-06T14:43:24Z
2026-07-06,MN,9.86,98.6,2026-04,EIA retail-sales (sector IND),2026-07-06T14:43:24Z
2026-07-06,MO,8.28,82.8,2026-04,EIA retail-sales (sector IND),2026-07-06T14:43:24Z
2026-07-06,MS,7.46,74.6,2026-04,EIA retail-sales (sector IND),2026-07-06T14:43:24Z
2026-07-06,MT,5.99,59.9,2026-04,EIA retail-sales (sector IND),2026-07-06T14:43:24Z
2026-07-06,NC,7.73,77.3,2026-04,EIA retail-sales (sector IND),2026-07-06T14:43:24Z
2026-07-06,ND,8.21,82.1,2026-04,EIA retail-sales (sector IND),2026-07-06T14:43:24Z
2026-07-06,NE,8.46,84.6,2026-04,EIA retail-sales (sector IND),2026-07-06T14:43:24Z
2026-07-06,NH,17.14,171.4,2026-04,EIA retail-sales (sector IND),2026-07-06T14:43:24Z
2026-07-06,NJ,15.22,152.2,2026-04,EIA retail-sales (sector IND),2026-07-06T14:43:24Z
2026-07-06,NM,6.27,62.7,2026-04,EIA retail-sales (sector IND),2026-07-06T14:43:24Z
2026-07-06,NV,7.58,75.8,2026-04,EIA retail-sales (sector IND),2026-07-06T14:43:24Z
2026-07-06,NY,8.62,86.2,2026-04,EIA retail-sales (sector IND),2026-07-06T14:43:24Z
2026-07-06,OH,9.95,99.5,2026-04,EIA retail-sales (sector IND),2026-07-06T14:43:24Z
2026-07-06,OK,5.86,58.6,2026-04,EIA retail-sales (sector IND),2026-07-06T14:43:24Z
2026-07-06,OR,8.07,80.7,2026-04,EIA retail-sales (sector IND),2026-07-06T14:43:24Z
2026-07-06,PA,9.82,98.2,2026-04,EIA retail-sales (sector IND),2026-07-06T14:43:24Z
2026-07-06,RI,20.75,207.5,2026-04,EIA retail-sales (sector IND),2026-07-06T14:43:24Z
2026-07-06,SC,7.45,74.5,2026-04,EIA retail-sales (sector IND),2026-07-06T14:43:24Z
2026-07-06,SD,9.15,91.5,2026-04,EIA retail-sales (sector IND),2026-07-06T14:43:24Z
2026-07-06,TN,6.95,69.5,2026-04,EIA retail-sales (sector IND),2026-07-06T14:43:24Z
2026-07-06,TX,6.33,63.3,2026-04,EIA retail-sales (sector IND),2026-07-06T14:43:24Z
2026-07-06,US,8.66,86.6,2026-04,EIA retail-sales (sector IND),2026-07-06T14:43:24Z
2026-07-06,UT,8.51,85.1,2026-04,EIA retail-sales (sector IND),2026-07-06T14:43:24Z
2026-07-06,VA,9.86,98.6,2026-04,EIA retail-sales (sector IND),2026-07-06T14:43:24Z
2026-07-06,VT,12.48,124.8,2026-04,EIA retail-sales (sector IND),2026-07-06T14:43:24Z
2026-07-06,WA,7.01,70.1,2026-04,EIA retail-sales (sector IND),2026-07-06T14:43:24Z
2026-07-06,WI,8.84,88.4,2026-04,EIA retail-sales (sector IND),2026-07-06T14:43:24Z
2026-07-06,WV,8.84,88.4,2026-04,EIA retail-sales (sector IND),2026-07-06T14:43:24Z
2026-07-06,WY,8.75,87.5,2026-04,EIA retail-sales (sector IND),2026-07-06T14:43:24Z
2026-07-07,AK,24.87,248.7,2026-04,EIA retail-sales (sector IND),2026-07-07T13:37:25Z
2026-07-07,AL,7.84,78.4,2026-04,EIA retail-sales (sector IND),2026-07-07T13:37:25Z
2026-07-07,AR,6.2,62.0,2026-04,EIA retail-sales (sector IND),2026-07-07T13:37:25Z
2026-07-07,AZ,7.23,72.3,2026-04,EIA retail-sales (sector IND),2026-07-07T13:37:25Z
2026-07-07,CA,19.87,198.7,2026-04,EIA retail-sales (sector IND),2026-07-07T13:37:25Z
2026-07-07,CO,9.4,94.0,2026-04,EIA retail-sales (sector IND),2026-07-07T13:37:25Z
2026-07-07,CT,17.93,179.3,2026-04,EIA retail-sales (sector IND),2026-07-07T13:37:25Z
2026-07-07,DC,22.39,223.9,2026-04,EIA retail-sales (sector IND),2026-07-07T13:37:25Z
2026-07-07,DE,9.74,97.4,2026-04,EIA retail-sales (sector IND),2026-07-07T13:37:25Z
2026-07-07,FL,9.23,92.3,2026-04,EIA retail-sales (sector IND),2026-07-07T13:37:25Z
2026-07-07,GA,6.84,68.4,2026-04,EIA retail-sales (sector IND),2026-07-07T13:37:25Z
2026-07-07,HI,38.29,382.9,2026-04,EIA retail-sales (sector IND),2026-07-07T13:37:25Z
2026-07-07,IA,6.26,62.6,2026-04,EIA retail-sales (sector IND),2026-07-07T13:37:25Z
2026-07-07,ID,7.27,72.7,2026-04,EIA retail-sales (sector IND),2026-07-07T13:37:25Z
2026-07-07,IL,9.74,97.4,2026-04,EIA retail-sales (sector IND),2026-07-07T13:37:25Z
2026-07-07,IN,8.86,88.6,2026-04,EIA retail-sales (sector IND),2026-07-07T13:37:25Z
2026-07-07,KS,8.21,82.1,2026-04,EIA retail-sales (sector IND),2026-07-07T13:37:25Z
2026-07-07,KY,7.3,73.0,2026-04,EIA retail-sales (sector IND),2026-07-07T13:37:25Z
2026-07-07,LA,7.16,71.6,2026-04,EIA retail-sales (sector IND),2026-07-07T13:37:25Z
2026-07-07,MA,18.55,185.5,2026-04,EIA retail-sales (sector IND),2026-07-07T13:37:25Z
2026-07-07,MD,14.34,143.4,2026-04,EIA retail-sales (sector IND),2026-07-07T13:37:25Z
2026-07-07,ME,14.87,148.7,2026-04,EIA retail-sales (sector IND),2026-07-07T13:37:25Z
2026-07-07,MI,8.95,89.5,2026-04,EIA retail-sales (sector IND),2026-07-07T13:37:25Z
2026-07-07,MN,9.86,98.6,2026-04,EIA retail-sales (sector IND),2026-07-07T13:37:25Z
2026-07-07,MO,8.28,82.8,2026-04,EIA retail-sales (sector IND),2026-07-07T13:37:25Z
2026-07-07,MS,7.46,74.6,2026-04,EIA retail-sales (sector IND),2026-07-07T13:37:25Z
2026-07-07,MT,5.99,59.9,2026-04,EIA retail-sales (sector IND),2026-07-07T13:37:25Z
2026-07-07,NC,7.73,77.3,2026-04,EIA retail-sales (sector IND),2026-07-07T13:37:25Z
2026-07-07,ND,8.21,82.1,2026-04,EIA retail-sales (sector IND),2026-07-07T13:37:25Z
2026-07-07,NE,8.46,84.6,2026-04,EIA retail-sales (sector IND),2026-07-07T13:37:25Z
2026-07-07,NH,17.14,171.4,2026-04,EIA retail-sales (sector IND),2026-07-07T13:37:25Z
2026-07-07,NJ,15.22,152.2,2026-04,EIA retail-sales (sector IND),2026-07-07T13:37:25Z
2026-07-07,NM,6.27,62.7,2026-04,EIA retail-sales (sector IND),2026-07-07T13:37:25Z
2026-07-07,NV,7.58,75.8,2026-04,EIA retail-sales (sector IND),2026-07-07T13:37:25Z
2026-07-07,NY,8.62,86.2,2026-04,EIA retail-sales (sector IND),2026-07-07T13:37:25Z
2026-07-07,OH,9.95,99.5,2026-04,EIA retail-sales (sector IND),2026-07-07T13:37:25Z
2026-07-07,OK,5.86,58.6,2026-04,EIA retail-sales (sector IND),2026-07-07T13:37:25Z
2026-07-07,OR,8.07,80.7,2026-04,EIA retail-sales (sector IND),2026-07-07T13:37:25Z
2026-07-07,PA,9.82,98.2,2026-04,EIA retail-sales (sector IND),2026-07-07T13:37:25Z
2026-07-07,RI,20.75,207.5,2026-04,EIA retail-sales (sector IND),2026-07-07T13:37:25Z
2026-07-07,SC,7.45,74.5,2026-04,EIA retail-sales (sector IND),2026-07-07T13:37:25Z
2026-07-07,SD,9.15,91.5,2026-04,EIA retail-sales (sector IND),2026-07-07T13:37:25Z
2026-07-07,TN,6.95,69.5,2026-04,EIA retail-sales (sector IND),2026-07-07T13:37:25Z
2026-07-07,TX,6.33,63.3,2026-04,EIA retail-sales (sector IND),2026-07-07T13:37:25Z
2026-07-07,US,8.66,86.6,2026-04,EIA retail-sales (sector IND),2026-07-07T13:37:25Z
2026-07-07,UT,8.51,85.1,2026-04,EIA retail-sales (sector IND),2026-07-07T13:37:25Z
2026-07-07,VA,9.86,98.6,2026-04,EIA retail-sales (sector IND),2026-07-07T13:37:25Z
2026-07-07,VT,12.48,124.8,2026-04,EIA retail-sales (sector IND),2026-07-07T13:37:25Z
2026-07-07,WA,7.01,70.1,2026-04,EIA retail-sales (sector IND),2026-07-07T13:37:25Z
2026-07-07,WI,8.84,88.4,2026-04,EIA retail-sales (sector IND),2026-07-07T13:37:25Z
2026-07-07,WV,8.84,88.4,2026-04,EIA retail-sales (sector IND),2026-07-07T13:37:25Z
2026-07-07,WY,8.75,87.5,2026-04,EIA retail-sales (sector IND),2026-07-07T13:37:25Z
2026-07-08,AK,24.87,248.7,2026-04,EIA retail-sales (sector IND),2026-07-08T13:09:08Z
2026-07-08,AL,7.84,78.4,2026-04,EIA retail-sales (sector IND),2026-07-08T13:09:08Z
2026-07-08,AR,6.2,62.0,2026-04,EIA retail-sales (sector IND),2026-07-08T13:09:08Z
2026-07-08,AZ,7.23,72.3,2026-04,EIA retail-sales (sector IND),2026-07-08T13:09:08Z
2026-07-08,CA,19.87,198.7,2026-04,EIA retail-sales (sector IND),2026-07-08T13:09:08Z
2026-07-08,CO,9.4,94.0,2026-04,EIA retail-sales (sector IND),2026-07-08T13:09:08Z
2026-07-08,CT,17.93,179.3,2026-04,EIA retail-sales (sector IND),2026-07-08T13:09:08Z
2026-07-08,DC,22.39,223.9,2026-04,EIA retail-sales (sector IND),2026-07-08T13:09:08Z
2026-07-08,DE,9.74,97.4,2026-04,EIA retail-sales (sector IND),2026-07-08T13:09:08Z
2026-07-08,FL,9.23,92.3,2026-04,EIA retail-sales (sector IND),2026-07-08T13:09:08Z
2026-07-08,GA,6.84,68.4,2026-04,EIA retail-sales (sector IND),2026-07-08T13:09:08Z
2026-07-08,HI,38.29,382.9,2026-04,EIA retail-sales (sector IND),2026-07-08T13:09:08Z
2026-07-08,IA,6.26,62.6,2026-04,EIA retail-sales (sector IND),2026-07-08T13:09:08Z
2026-07-08,ID,7.27,72.7,2026-04,EIA retail-sales (sector IND),2026-07-08T13:09:08Z
2026-07-08,IL,9.74,97.4,2026-04,EIA retail-sales (sector IND),2026-07-08T13:09:08Z
2026-07-08,IN,8.86,88.6,2026-04,EIA retail-sales (sector IND),2026-07-08T13:09:08Z
2026-07-08,KS,8.21,82.1,2026-04,EIA retail-sales (sector IND),2026-07-08T13:09:08Z
2026-07-08,KY,7.3,73.0,2026-04,EIA retail-sales (sector IND),2026-07-08T13:09:08Z
2026-07-08,LA,7.16,71.6,2026-04,EIA retail-sales (sector IND),2026-07-08T13:09:08Z
2026-07-08,MA,18.55,185.5,2026-04,EIA retail-sales (sector IND),2026-07-08T13:09:08Z
2026-07-08,MD,14.34,143.4,2026-04,EIA retail-sales (sector IND),2026-07-08T13:09:08Z
2026-07-08,ME,14.87,148.7,2026-04,EIA retail-sales (sector IND),2026-07-08T13:09:08Z
2026-07-08,MI,8.95,89.5,2026-04,EIA retail-sales (sector IND),2026-07-08T13:09:08Z
2026-07-08,MN,9.86,98.6,2026-04,EIA retail-sales (sector IND),2026-07-08T13:09:08Z
2026-07-08,MO,8.28,82.8,2026-04,EIA retail-sales (sector IND),2026-07-08T13:09:08Z
2026-07-08,MS,7.46,74.6,2026-04,EIA retail-sales (sector IND),2026-07-08T13:09:08Z
2026-07-08,MT,5.99,59.9,2026-04,EIA retail-sales (sector IND),2026-07-08T13:09:08Z
2026-07-08,NC,7.73,77.3,2026-04,EIA retail-sales (sector IND),2026-07-08T13:09:08Z
2026-07-08,ND,8.21,82.1,2026-04,EIA retail-sales (sector IND),2026-07-08T13:09:08Z
2026-07-08,NE,8.46,84.6,2026-04,EIA retail-sales (sector IND),2026-07-08T13:09:08Z
2026-07-08,NH,17.14,171.4,2026-04,EIA retail-sales (sector IND),2026-07-08T13:09:08Z
2026-07-08,NJ,15.22,152.2,2026-04,EIA retail-sales (sector IND),2026-07-08T13:09:08Z
2026-07-08,NM,6.27,62.7,2026-04,EIA retail-sales (sector IND),2026-07-08T13:09:08Z
2026-07-08,NV,7.58,75.8,2026-04,EIA retail-sales (sector IND),2026-07-08T13:09:08Z
2026-07-08,NY,8.62,86.2,2026-04,EIA retail-sales (sector IND),2026-07-08T13:09:08Z
2026-07-08,OH,9.95,99.5,2026-04,EIA retail-sales (sector IND),2026-07-08T13:09:08Z
2026-07-08,OK,5.86,58.6,2026-04,EIA retail-sales (sector IND),2026-07-08T13:09:08Z
2026-07-08,OR,8.07,80.7,2026-04,EIA retail-sales (sector IND),2026-07-08T13:09:08Z
2026-07-08,PA,9.82,98.2,2026-04,EIA retail-sales (sector IND),2026-07-08T13:09:08Z
2026-07-08,RI,20.75,207.5,2026-04,EIA retail-sales (sector IND),2026-07-08T13:09:08Z
2026-07-08,SC,7.45,74.5,2026-04,EIA retail-sales (sector IND),2026-07-08T13:09:08Z
2026-07-08,SD,9.15,91.5,2026-04,EIA retail-sales (sector IND),2026-07-08T13:09:08Z
2026-07-08,TN,6.95,69.5,2026-04,EIA retail-sales (sector IND),2026-07-08T13:09:08Z
2026-07-08,TX,6.33,63.3,2026-04,EIA retail-sales (sector IND),2026-07-08T13:09:08Z
2026-07-08,US,8.66,86.6,2026-04,EIA retail-sales (sector IND),2026-07-08T13:09:08Z
2026-07-08,UT,8.51,85.1,2026-04,EIA retail-sales (sector IND),2026-07-08T13:09:08Z
2026-07-08,VA,9.86,98.6,2026-04,EIA retail-sales (sector IND),2026-07-08T13:09:08Z
2026-07-08,VT,12.48,124.8,2026-04,EIA retail-sales (sector IND),2026-07-08T13:09:08Z
2026-07-08,WA,7.01,70.1,2026-04,EIA retail-sales (sector IND),2026-07-08T13:09:08Z
2026-07-08,WI,8.84,88.4,2026-04,EIA retail-sales (sector IND),2026-07-08T13:09:08Z
2026-07-08,WV,8.84,88.4,2026-04,EIA retail-sales (sector IND),2026-07-08T13:09:08Z
2026-07-08,WY,8.75,87.5,2026-04,EIA retail-sales (sector IND),2026-07-08T13:09:08Z
2026-07-09,AK,24.87,248.7,2026-04,EIA retail-sales (sector IND),2026-07-09T14:07:12Z
2026-07-09,AL,7.84,78.4,2026-04,EIA retail-sales (sector IND),2026-07-09T14:07:12Z
2026-07-09,AR,6.2,62.0,2026-04,EIA retail-sales (sector IND),2026-07-09T14:07:12Z
2026-07-09,AZ,7.23,72.3,2026-04,EIA retail-sales (sector IND),2026-07-09T14:07:12Z
2026-07-09,CA,19.87,198.7,2026-04,EIA retail-sales (sector IND),2026-07-09T14:07:12Z
2026-07-09,CO,9.4,94.0,2026-04,EIA retail-sales (sector IND),2026-07-09T14:07:12Z
2026-07-09,CT,17.93,179.3,2026-04,EIA retail-sales (sector IND),2026-07-09T14:07:12Z
2026-07-09,DC,22.39,223.9,2026-04,EIA retail-sales (sector IND),2026-07-09T14:07:12Z
2026-07-09,DE,9.74,97.4,2026-04,EIA retail-sales (sector IND),2026-07-09T14:07:12Z
2026-07-09,FL,9.23,92.3,2026-04,EIA retail-sales (sector IND),2026-07-09T14:07:12Z
2026-07-09,GA,6.84,68.4,2026-04,EIA retail-sales (sector IND),2026-07-09T14:07:12Z
2026-07-09,HI,38.29,382.9,2026-04,EIA retail-sales (sector IND),2026-07-09T14:07:12Z
2026-07-09,IA,6.26,62.6,2026-04,EIA retail-sales (sector IND),2026-07-09T14:07:12Z
2026-07-09,ID,7.27,72.7,2026-04,EIA retail-sales (sector IND),2026-07-09T14:07:12Z
2026-07-09,IL,9.74,97.4,2026-04,EIA retail-sales (sector IND),2026-07-09T14:07:12Z
2026-07-09,IN,8.86,88.6,2026-04,EIA retail-sales (sector IND),2026-07-09T14:07:12Z
2026-07-09,KS,8.21,82.1,2026-04,EIA retail-sales (sector IND),2026-07-09T14:07:12Z
2026-07-09,KY,7.3,73.0,2026-04,EIA retail-sales (sector IND),2026-07-09T14:07:12Z
2026-07-09,LA,7.16,71.6,2026-04,EIA retail-sales (sector IND),2026-07-09T14:07:12Z
2026-07-09,MA,18.55,185.5,2026-04,EIA retail-sales (sector IND),2026-07-09T14:07:12Z
2026-07-09,MD,14.34,143.4,2026-04,EIA retail-sales (sector IND),2026-07-09T14:07:12Z
2026-07-09,ME,14.87,148.7,2026-04,EIA retail-sales (sector IND),2026-07-09T14:07:12Z
2026-07-09,MI,8.95,89.5,2026-04,EIA retail-sales (sector IND),2026-07-09T14:07:12Z
2026-07-09,MN,9.86,98.6,2026-04,EIA retail-sales (sector IND),2026-07-09T14:07:12Z
2026-07-09,MO,8.28,82.8,2026-04,EIA retail-sales (sector IND),2026-07-09T14:07:12Z
2026-07-09,MS,7.46,74.6,2026-04,EIA retail-sales (sector IND),2026-07-09T14:07:12Z
2026-07-09,MT,5.99,59.9,2026-04,EIA retail-sales (sector IND),2026-07-09T14:07:12Z
2026-07-09,NC,7.73,77.3,2026-04,EIA retail-sales (sector IND),2026-07-09T14:07:12Z
2026-07-09,ND,8.21,82.1,2026-04,EIA retail-sales (sector IND),2026-07-09T14:07:12Z
2026-07-09,NE,8.46,84.6,2026-04,EIA retail-sales (sector IND),2026-07-09T14:07:12Z
2026-07-09,NH,17.14,171.4,2026-04,EIA retail-sales (sector IND),2026-07-09T14:07:12Z
2026-07-09,NJ,15.22,152.2,2026-04,EIA retail-sales (sector IND),2026-07-09T14:07:12Z
2026-07-09,NM,6.27,62.7,2026-04,EIA retail-sales (sector IND),2026-07-09T14:07:12Z
2026-07-09,NV,7.58,75.8,2026-04,EIA retail-sales (sector IND),2026-07-09T14:07:12Z
2026-07-09,NY,8.62,86.2,2026-04,EIA retail-sales (sector IND),2026-07-09T14:07:12Z
2026-07-09,OH,9.95,99.5,2026-04,EIA retail-sales (sector IND),2026-07-09T14:07:12Z
2026-07-09,OK,5.86,58.6,2026-04,EIA retail-sales (sector IND),2026-07-09T14:07:12Z
2026-07-09,OR,8.07,80.7,2026-04,EIA retail-sales (sector IND),2026-07-09T14:07:12Z
2026-07-09,PA,9.82,98.2,2026-04,EIA retail-sales (sector IND),2026-07-09T14:07:12Z
2026-07-09,RI,20.75,207.5,2026-04,EIA retail-sales (sector IND),2026-07-09T14:07:12Z
2026-07-09,SC,7.45,74.5,2026-04,EIA retail-sales (sector IND),2026-07-09T14:07:12Z
2026-07-09,SD,9.15,91.5,2026-04,EIA retail-sales (sector IND),2026-07-09T14:07:12Z
2026-07-09,TN,6.95,69.5,2026-04,EIA retail-sales (sector IND),2026-07-09T14:07:12Z
2026-07-09,TX,6.33,63.3,2026-04,EIA retail-sales (sector IND),2026-07-09T14:07:12Z
2026-07-09,US,8.66,86.6,2026-04,EIA retail-sales (sector IND),2026-07-09T14:07:12Z
2026-07-09,UT,8.51,85.1,2026-04,EIA retail-sales (sector IND),2026-07-09T14:07:12Z
2026-07-09,VA,9.86,98.6,2026-04,EIA retail-sales (sector IND),2026-07-09T14:07:12Z
2026-07-09,VT,12.48,124.8,2026-04,EIA retail-sales (sector IND),2026-07-09T14:07:12Z
2026-07-09,WA,7.01,70.1,2026-04,EIA retail-sales (sector IND),2026-07-09T14:07:12Z
2026-07-09,WI,8.84,88.4,2026-04,EIA retail-sales (sector IND),2026-07-09T14:07:12Z
2026-07-09,WV,8.84,88.4,2026-04,EIA retail-sales (sector IND),2026-07-09T14:07:12Z
2026-07-09,WY,8.75,87.5,2026-04,EIA retail-sales (sector IND),2026-07-09T14:07:12Z
2026-07-10,AK,24.87,248.7,2026-04,EIA retail-sales (sector IND),2026-07-10T13:29:02Z
2026-07-10,AL,7.84,78.4,2026-04,EIA retail-sales (sector IND),2026-07-10T13:29:02Z
2026-07-10,AR,6.2,62.0,2026-04,EIA retail-sales (sector IND),2026-07-10T13:29:02Z
2026-07-10,AZ,7.23,72.3,2026-04,EIA retail-sales (sector IND),2026-07-10T13:29:02Z
2026-07-10,CA,19.87,198.7,2026-04,EIA retail-sales (sector IND),2026-07-10T13:29:02Z
2026-07-10,CO,9.4,94.0,2026-04,EIA retail-sales (sector IND),2026-07-10T13:29:02Z
2026-07-10,CT,17.93,179.3,2026-04,EIA retail-sales (sector IND),2026-07-10T13:29:02Z
2026-07-10,DC,22.39,223.9,2026-04,EIA retail-sales (sector IND),2026-07-10T13:29:02Z
2026-07-10,DE,9.74,97.4,2026-04,EIA retail-sales (sector IND),2026-07-10T13:29:02Z
2026-07-10,FL,9.23,92.3,2026-04,EIA retail-sales (sector IND),2026-07-10T13:29:02Z
2026-07-10,GA,6.84,68.4,2026-04,EIA retail-sales (sector IND),2026-07-10T13:29:02Z
2026-07-10,HI,38.29,382.9,2026-04,EIA retail-sales (sector IND),2026-07-10T13:29:02Z
2026-07-10,IA,6.26,62.6,2026-04,EIA retail-sales (sector IND),2026-07-10T13:29:02Z
2026-07-10,ID,7.27,72.7,2026-04,EIA retail-sales (sector IND),2026-07-10T13:29:02Z
2026-07-10,IL,9.74,97.4,2026-04,EIA retail-sales (sector IND),2026-07-10T13:29:02Z
2026-07-10,IN,8.86,88.6,2026-04,EIA retail-sales (sector IND),2026-07-10T13:29:02Z
2026-07-10,KS,8.21,82.1,2026-04,EIA retail-sales (sector IND),2026-07-10T13:29:02Z
2026-07-10,KY,7.3,73.0,2026-04,EIA retail-sales (sector IND),2026-07-10T13:29:02Z
2026-07-10,LA,7.16,71.6,2026-04,EIA retail-sales (sector IND),2026-07-10T13:29:02Z
2026-07-10,MA,18.55,185.5,2026-04,EIA retail-sales (sector IND),2026-07-10T13:29:02Z
2026-07-10,MD,14.34,143.4,2026-04,EIA retail-sales (sector IND),2026-07-10T13:29:02Z
2026-07-10,ME,14.87,148.7,2026-04,EIA retail-sales (sector IND),2026-07-10T13:29:02Z
2026-07-10,MI,8.95,89.5,2026-04,EIA retail-sales (sector IND),2026-07-10T13:29:02Z
2026-07-10,MN,9.86,98.6,2026-04,EIA retail-sales (sector IND),2026-07-10T13:29:02Z
2026-07-10,MO,8.28,82.8,2026-04,EIA retail-sales (sector IND),2026-07-10T13:29:02Z
2026-07-10,MS,7.46,74.6,2026-04,EIA retail-sales (sector IND),2026-07-10T13:29:02Z
2026-07-10,MT,5.99,59.9,2026-04,EIA retail-sales (sector IND),2026-07-10T13:29:02Z
2026-07-10,NC,7.73,77.3,2026-04,EIA retail-sales (sector IND),2026-07-10T13:29:02Z
2026-07-10,ND,8.21,82.1,2026-04,EIA retail-sales (sector IND),2026-07-10T13:29:02Z
2026-07-10,NE,8.46,84.6,2026-04,EIA retail-sales (sector IND),2026-07-10T13:29:02Z
2026-07-10,NH,17.14,171.4,2026-04,EIA retail-sales (sector IND),2026-07-10T13:29:02Z
2026-07-10,NJ,15.22,152.2,2026-04,EIA retail-sales (sector IND),2026-07-10T13:29:02Z
2026-07-10,NM,6.27,62.7,2026-04,EIA retail-sales (sector IND),2026-07-10T13:29:02Z
2026-07-10,NV,7.58,75.8,2026-04,EIA retail-sales (sector IND),2026-07-10T13:29:02Z
2026-07-10,NY,8.62,86.2,2026-04,EIA retail-sales (sector IND),2026-07-10T13:29:02Z
2026-07-10,OH,9.95,99.5,2026-04,EIA retail-sales (sector IND),2026-07-10T13:29:02Z
2026-07-10,OK,5.86,58.6,2026-04,EIA retail-sales (sector IND),2026-07-10T13:29:02Z
2026-07-10,OR,8.07,80.7,2026-04,EIA retail-sales (sector IND),2026-07-10T13:29:02Z
2026-07-10,PA,9.82,98.2,2026-04,EIA retail-sales (sector IND),2026-07-10T13:29:02Z
2026-07-10,RI,20.75,207.5,2026-04,EIA retail-sales (sector IND),2026-07-10T13:29:02Z
2026-07-10,SC,7.45,74.5,2026-04,EIA retail-sales (sector IND),2026-07-10T13:29:02Z
2026-07-10,SD,9.15,91.5,2026-04,EIA retail-sales (sector IND),2026-07-10T13:29:02Z
2026-07-10,TN,6.95,69.5,2026-04,EIA retail-sales (sector IND),2026-07-10T13:29:02Z
2026-07-10,TX,6.33,63.3,2026-04,EIA retail-sales (sector IND),2026-07-10T13:29:02Z
2026-07-10,US,8.66,86.6,2026-04,EIA retail-sales (sector IND),2026-07-10T13:29:02Z
2026-07-10,UT,8.51,85.1,2026-04,EIA retail-sales (sector IND),2026-07-10T13:29:02Z
2026-07-10,VA,9.86,98.6,2026-04,EIA retail-sales (sector IND),2026-07-10T13:29:02Z
2026-07-10,VT,12.48,124.8,2026-04,EIA retail-sales (sector IND),2026-07-10T13:29:02Z
2026-07-10,WA,7.01,70.1,2026-04,EIA retail-sales (sector IND),2026-07-10T13:29:02Z
2026-07-10,WI,8.84,88.4,2026-04,EIA retail-sales (sector IND),2026-07-10T13:29:02Z
2026-07-10,WV,8.84,88.4,2026-04,EIA retail-sales (sector IND),2026-07-10T13:29:02Z
2026-07-10,WY,8.75,87.5,2026-04,EIA retail-sales (sector IND),2026-07-10T13:29:02Z
2026-07-11,AK,24.87,248.7,2026-04,EIA retail-sales (sector IND),2026-07-11T12:31:28Z
2026-07-11,AL,7.84,78.4,2026-04,EIA retail-sales (sector IND),2026-07-11T12:31:28Z
2026-07-11,AR,6.2,62.0,2026-04,EIA retail-sales (sector IND),2026-07-11T12:31:28Z
2026-07-11,AZ,7.23,72.3,2026-04,EIA retail-sales (sector IND),2026-07-11T12:31:28Z
2026-07-11,CA,19.87,198.7,2026-04,EIA retail-sales (sector IND),2026-07-11T12:31:28Z
2026-07-11,CO,9.4,94.0,2026-04,EIA retail-sales (sector IND),2026-07-11T12:31:28Z
2026-07-11,CT,17.93,179.3,2026-04,EIA retail-sales (sector IND),2026-07-11T12:31:28Z
2026-07-11,DC,22.39,223.9,2026-04,EIA retail-sales (sector IND),2026-07-11T12:31:28Z
2026-07-11,DE,9.74,97.4,2026-04,EIA retail-sales (sector IND),2026-07-11T12:31:28Z
2026-07-11,FL,9.23,92.3,2026-04,EIA retail-sales (sector IND),2026-07-11T12:31:28Z
2026-07-11,GA,6.84,68.4,2026-04,EIA retail-sales (sector IND),2026-07-11T12:31:28Z
2026-07-11,HI,38.29,382.9,2026-04,EIA retail-sales (sector IND),2026-07-11T12:31:28Z
2026-07-11,IA,6.26,62.6,2026-04,EIA retail-sales (sector IND),2026-07-11T12:31:28Z
2026-07-11,ID,7.27,72.7,2026-04,EIA retail-sales (sector IND),2026-07-11T12:31:28Z
2026-07-11,IL,9.74,97.4,2026-04,EIA retail-sales (sector IND),2026-07-11T12:31:28Z
2026-07-11,IN,8.86,88.6,2026-04,EIA retail-sales (sector IND),2026-07-11T12:31:28Z
2026-07-11,KS,8.21,82.1,2026-04,EIA retail-sales (sector IND),2026-07-11T12:31:28Z
2026-07-11,KY,7.3,73.0,2026-04,EIA retail-sales (sector IND),2026-07-11T12:31:28Z
2026-07-11,LA,7.16,71.6,2026-04,EIA retail-sales (sector IND),2026-07-11T12:31:28Z
2026-07-11,MA,18.55,185.5,2026-04,EIA retail-sales (sector IND),2026-07-11T12:31:28Z
2026-07-11,MD,14.34,143.4,2026-04,EIA retail-sales (sector IND),2026-07-11T12:31:28Z
2026-07-11,ME,14.87,148.7,2026-04,EIA retail-sales (sector IND),2026-07-11T12:31:28Z
2026-07-11,MI,8.95,89.5,2026-04,EIA retail-sales (sector IND),2026-07-11T12:31:28Z
2026-07-11,MN,9.86,98.6,2026-04,EIA retail-sales (sector IND),2026-07-11T12:31:28Z
2026-07-11,MO,8.28,82.8,2026-04,EIA retail-sales (sector IND),2026-07-11T12:31:28Z
2026-07-11,MS,7.46,74.6,2026-04,EIA retail-sales (sector IND),2026-07-11T12:31:28Z
2026-07-11,MT,5.99,59.9,2026-04,EIA retail-sales (sector IND),2026-07-11T12:31:28Z
2026-07-11,NC,7.73,77.3,2026-04,EIA retail-sales (sector IND),2026-07-11T12:31:28Z
2026-07-11,ND,8.21,82.1,2026-04,EIA retail-sales (sector IND),2026-07-11T12:31:28Z
2026-07-11,NE,8.46,84.6,2026-04,EIA retail-sales (sector IND),2026-07-11T12:31:28Z
2026-07-11,NH,17.14,171.4,2026-04,EIA retail-sales (sector IND),2026-07-11T12:31:28Z
2026-07-11,NJ,15.22,152.2,2026-04,EIA retail-sales (sector IND),2026-07-11T12:31:28Z
2026-07-11,NM,6.27,62.7,2026-04,EIA retail-sales (sector IND),2026-07-11T12:31:28Z
2026-07-11,NV,7.58,75.8,2026-04,EIA retail-sales (sector IND),2026-07-11T12:31:28Z
2026-07-11,NY,8.62,86.2,2026-04,EIA retail-sales (sector IND),2026-07-11T12:31:28Z
2026-07-11,OH,9.95,99.5,2026-04,EIA retail-sales (sector IND),2026-07-11T12:31:28Z
2026-07-11,OK,5.86,58.6,2026-04,EIA retail-sales (sector IND),2026-07-11T12:31:28Z
2026-07-11,OR,8.07,80.7,2026-04,EIA retail-sales (sector IND),2026-07-11T12:31:28Z
2026-07-11,PA,9.82,98.2,2026-04,EIA retail-sales (sector IND),2026-07-11T12:31:28Z
2026-07-11,RI,20.75,207.5,2026-04,EIA retail-sales (sector IND),2026-07-11T12:31:28Z
2026-07-11,SC,7.45,74.5,2026-04,EIA retail-sales (sector IND),2026-07-11T12:31:28Z
2026-07-11,SD,9.15,91.5,2026-04,EIA retail-sales (sector IND),2026-07-11T12:31:28Z
2026-07-11,TN,6.95,69.5,2026-04,EIA retail-sales (sector IND),2026-07-11T12:31:28Z
2026-07-11,TX,6.33,63.3,2026-04,EIA retail-sales (sector IND),2026-07-11T12:31:28Z
2026-07-11,US,8.66,86.6,2026-04,EIA retail-sales (sector IND),2026-07-11T12:31:28Z
2026-07-11,UT,8.51,85.1,2026-04,EIA retail-sales (sector IND),2026-07-11T12:31:28Z
2026-07-11,VA,9.86,98.6,2026-04,EIA retail-sales (sector IND),2026-07-11T12:31:28Z
2026-07-11,VT,12.48,124.8,2026-04,EIA retail-sales (sector IND),2026-07-11T12:31:28Z
2026-07-11,WA,7.01,70.1,2026-04,EIA retail-sales (sector IND),2026-07-11T12:31:28Z
2026-07-11,WI,8.84,88.4,2026-04,EIA retail-sales (sector IND),2026-07-11T12:31:28Z
2026-07-11,WV,8.84,88.4,2026-04,EIA retail-sales (sector IND),2026-07-11T12:31:28Z
2026-07-11,WY,8.75,87.5,2026-04,EIA retail-sales (sector IND),2026-07-11T12:31:28Z
2026-07-12,AK,24.87,248.7,2026-04,EIA retail-sales (sector IND),2026-07-12T12:29:34Z
2026-07-12,AL,7.84,78.4,2026-04,EIA retail-sales (sector IND),2026-07-12T12:29:34Z
2026-07-12,AR,6.2,62.0,2026-04,EIA retail-sales (sector IND),2026-07-12T12:29:34Z
2026-07-12,AZ,7.23,72.3,2026-04,EIA retail-sales (sector IND),2026-07-12T12:29:34Z
2026-07-12,CA,19.87,198.7,2026-04,EIA retail-sales (sector IND),2026-07-12T12:29:34Z
2026-07-12,CO,9.4,94.0,2026-04,EIA retail-sales (sector IND),2026-07-12T12:29:34Z
2026-07-12,CT,17.93,179.3,2026-04,EIA retail-sales (sector IND),2026-07-12T12:29:34Z
2026-07-12,DC,22.39,223.9,2026-04,EIA retail-sales (sector IND),2026-07-12T12:29:34Z
2026-07-12,DE,9.74,97.4,2026-04,EIA retail-sales (sector IND),2026-07-12T12:29:34Z
2026-07-12,FL,9.23,92.3,2026-04,EIA retail-sales (sector IND),2026-07-12T12:29:34Z
2026-07-12,GA,6.84,68.4,2026-04,EIA retail-sales (sector IND),2026-07-12T12:29:34Z
2026-07-12,HI,38.29,382.9,2026-04,EIA retail-sales (sector IND),2026-07-12T12:29:34Z
2026-07-12,IA,6.26,62.6,2026-04,EIA retail-sales (sector IND),2026-07-12T12:29:34Z
2026-07-12,ID,7.27,72.7,2026-04,EIA retail-sales (sector IND),2026-07-12T12:29:34Z
2026-07-12,IL,9.74,97.4,2026-04,EIA retail-sales (sector IND),2026-07-12T12:29:34Z
2026-07-12,IN,8.86,88.6,2026-04,EIA retail-sales (sector IND),2026-07-12T12:29:34Z
2026-07-12,KS,8.21,82.1,2026-04,EIA retail-sales (sector IND),2026-07-12T12:29:34Z
2026-07-12,KY,7.3,73.0,2026-04,EIA retail-sales (sector IND),2026-07-12T12:29:34Z
2026-07-12,LA,7.16,71.6,2026-04,EIA retail-sales (sector IND),2026-07-12T12:29:34Z
2026-07-12,MA,18.55,185.5,2026-04,EIA retail-sales (sector IND),2026-07-12T12:29:34Z
2026-07-12,MD,14.34,143.4,2026-04,EIA retail-sales (sector IND),2026-07-12T12:29:34Z
2026-07-12,ME,14.87,148.7,2026-04,EIA retail-sales (sector IND),2026-07-12T12:29:34Z
2026-07-12,MI,8.95,89.5,2026-04,EIA retail-sales (sector IND),2026-07-12T12:29:34Z
2026-07-12,MN,9.86,98.6,2026-04,EIA retail-sales (sector IND),2026-07-12T12:29:34Z
2026-07-12,MO,8.28,82.8,2026-04,EIA retail-sales (sector IND),2026-07-12T12:29:34Z
2026-07-12,MS,7.46,74.6,2026-04,EIA retail-sales (sector IND),2026-07-12T12:29:34Z
2026-07-12,MT,5.99,59.9,2026-04,EIA retail-sales (sector IND),2026-07-12T12:29:34Z
2026-07-12,NC,7.73,77.3,2026-04,EIA retail-sales (sector IND),2026-07-12T12:29:34Z
2026-07-12,ND,8.21,82.1,2026-04,EIA retail-sales (sector IND),2026-07-12T12:29:34Z
2026-07-12,NE,8.46,84.6,2026-04,EIA retail-sales (sector IND),2026-07-12T12:29:34Z
2026-07-12,NH,17.14,171.4,2026-04,EIA retail-sales (sector IND),2026-07-12T12:29:34Z
2026-07-12,NJ,15.22,152.2,2026-04,EIA retail-sales (sector IND),2026-07-12T12:29:34Z
2026-07-12,NM,6.27,62.7,2026-04,EIA retail-sales (sector IND),2026-07-12T12:29:34Z
2026-07-12,NV,7.58,75.8,2026-04,EIA retail-sales (sector IND),2026-07-12T12:29:34Z
2026-07-12,NY,8.62,86.2,2026-04,EIA retail-sales (sector IND),2026-07-12T12:29:34Z
2026-07-12,OH,9.95,99.5,2026-04,EIA retail-sales (sector IND),2026-07-12T12:29:34Z
2026-07-12,OK,5.86,58.6,2026-04,EIA retail-sales (sector IND),2026-07-12T12:29:34Z
2026-07-12,OR,8.07,80.7,2026-04,EIA retail-sales (sector IND),2026-07-12T12:29:34Z
2026-07-12,PA,9.82,98.2,2026-04,EIA retail-sales (sector IND),2026-07-12T12:29:34Z
2026-07-12,RI,20.75,207.5,2026-04,EIA retail-sales (sector IND),2026-07-12T12:29:34Z
2026-07-12,SC,7.45,74.5,2026-04,EIA retail-sales (sector IND),2026-07-12T12:29:34Z
2026-07-12,SD,9.15,91.5,2026-04,EIA retail-sales (sector IND),2026-07-12T12:29:34Z
2026-07-12,TN,6.95,69.5,2026-04,EIA retail-sales (sector IND),2026-07-12T12:29:34Z
2026-07-12,TX,6.33,63.3,2026-04,EIA retail-sales (sector IND),2026-07-12T12:29:34Z
2026-07-12,US,8.66,86.6,2026-04,EIA retail-sales (sector IND),2026-07-12T12:29:34Z
2026-07-12,UT,8.51,85.1,2026-04,EIA retail-sales (sector IND),2026-07-12T12:29:34Z
2026-07-12,VA,9.86,98.6,2026-04,EIA retail-sales (sector IND),2026-07-12T12:29:34Z
2026-07-12,VT,12.48,124.8,2026-04,EIA retail-sales (sector IND),2026-07-12T12:29:34Z
2026-07-12,WA,7.01,70.1,2026-04,EIA retail-sales (sector IND),2026-07-12T12:29:34Z
2026-07-12,WI,8.84,88.4,2026-04,EIA retail-sales (sector IND),2026-07-12T12:29:34Z
2026-07-12,WV,8.84,88.4,2026-04,EIA retail-sales (sector IND),2026-07-12T12:29:34Z
2026-07-12,WY,8.75,87.5,2026-04,EIA retail-sales (sector IND),2026-07-12T12:29:34Z
2026-07-13,AK,24.87,248.7,2026-04,EIA retail-sales (sector IND),2026-07-13T13:36:01Z
2026-07-13,AL,7.84,78.4,2026-04,EIA retail-sales (sector IND),2026-07-13T13:36:01Z
2026-07-13,AR,6.2,62.0,2026-04,EIA retail-sales (sector IND),2026-07-13T13:36:01Z
2026-07-13,AZ,7.23,72.3,2026-04,EIA retail-sales (sector IND),2026-07-13T13:36:01Z
2026-07-13,CA,19.87,198.7,2026-04,EIA retail-sales (sector IND),2026-07-13T13:36:01Z
2026-07-13,CO,9.4,94.0,2026-04,EIA retail-sales (sector IND),2026-07-13T13:36:01Z
2026-07-13,CT,17.93,179.3,2026-04,EIA retail-sales (sector IND),2026-07-13T13:36:01Z
2026-07-13,DC,22.39,223.9,2026-04,EIA retail-sales (sector IND),2026-07-13T13:36:01Z
2026-07-13,DE,9.74,97.4,2026-04,EIA retail-sales (sector IND),2026-07-13T13:36:01Z
2026-07-13,FL,9.23,92.3,2026-04,EIA retail-sales (sector IND),2026-07-13T13:36:01Z
2026-07-13,GA,6.84,68.4,2026-04,EIA retail-sales (sector IND),2026-07-13T13:36:01Z
2026-07-13,HI,38.29,382.9,2026-04,EIA retail-sales (sector IND),2026-07-13T13:36:01Z
2026-07-13,IA,6.26,62.6,2026-04,EIA retail-sales (sector IND),2026-07-13T13:36:01Z
2026-07-13,ID,7.27,72.7,2026-04,EIA retail-sales (sector IND),2026-07-13T13:36:01Z
2026-07-13,IL,9.74,97.4,2026-04,EIA retail-sales (sector IND),2026-07-13T13:36:01Z
2026-07-13,IN,8.86,88.6,2026-04,EIA retail-sales (sector IND),2026-07-13T13:36:01Z
2026-07-13,KS,8.21,82.1,2026-04,EIA retail-sales (sector IND),2026-07-13T13:36:01Z
2026-07-13,KY,7.3,73.0,2026-04,EIA retail-sales (sector IND),2026-07-13T13:36:01Z
2026-07-13,LA,7.16,71.6,2026-04,EIA retail-sales (sector IND),2026-07-13T13:36:01Z
2026-07-13,MA,18.55,185.5,2026-04,EIA retail-sales (sector IND),2026-07-13T13:36:01Z
2026-07-13,MD,14.34,143.4,2026-04,EIA retail-sales (sector IND),2026-07-13T13:36:01Z
2026-07-13,ME,14.87,148.7,2026-04,EIA retail-sales (sector IND),2026-07-13T13:36:01Z
2026-07-13,MI,8.95,89.5,2026-04,EIA retail-sales (sector IND),2026-07-13T13:36:01Z
2026-07-13,MN,9.86,98.6,2026-04,EIA retail-sales (sector IND),2026-07-13T13:36:01Z
2026-07-13,MO,8.28,82.8,2026-04,EIA retail-sales (sector IND),2026-07-13T13:36:01Z
2026-07-13,MS,7.46,74.6,2026-04,EIA retail-sales (sector IND),2026-07-13T13:36:01Z
2026-07-13,MT,5.99,59.9,2026-04,EIA retail-sales (sector IND),2026-07-13T13:36:01Z
2026-07-13,NC,7.73,77.3,2026-04,EIA retail-sales (sector IND),2026-07-13T13:36:01Z
2026-07-13,ND,8.21,82.1,2026-04,EIA retail-sales (sector IND),2026-07-13T13:36:01Z
2026-07-13,NE,8.46,84.6,2026-04,EIA retail-sales (sector IND),2026-07-13T13:36:01Z
2026-07-13,NH,17.14,171.4,2026-04,EIA retail-sales (sector IND),2026-07-13T13:36:01Z
2026-07-13,NJ,15.22,152.2,2026-04,EIA retail-sales (sector IND),2026-07-13T13:36:01Z
2026-07-13,NM,6.27,62.7,2026-04,EIA retail-sales (sector IND),2026-07-13T13:36:01Z
2026-07-13,NV,7.58,75.8,2026-04,EIA retail-sales (sector IND),2026-07-13T13:36:01Z
2026-07-13,NY,8.62,86.2,2026-04,EIA retail-sales (sector IND),2026-07-13T13:36:01Z
2026-07-13,OH,9.95,99.5,2026-04,EIA retail-sales (sector IND),2026-07-13T13:36:01Z
2026-07-13,OK,5.86,58.6,2026-04,EIA retail-sales (sector IND),2026-07-13T13:36:01Z
2026-07-13,OR,8.07,80.7,2026-04,EIA retail-sales (sector IND),2026-07-13T13:36:01Z
2026-07-13,PA,9.82,98.2,2026-04,EIA retail-sales (sector IND),2026-07-13T13:36:01Z
2026-07-13,RI,20.75,207.5,2026-04,EIA retail-sales (sector IND),2026-07-13T13:36:01Z
2026-07-13,SC,7.45,74.5,2026-04,EIA retail-sales (sector IND),2026-07-13T13:36:01Z
2026-07-13,SD,9.15,91.5,2026-04,EIA retail-sales (sector IND),2026-07-13T13:36:01Z
2026-07-13,TN,6.95,69.5,2026-04,EIA retail-sales (sector IND),2026-07-13T13:36:01Z
2026-07-13,TX,6.33,63.3,2026-04,EIA retail-sales (sector IND),2026-07-13T13:36:01Z
2026-07-13,US,8.66,86.6,2026-04,EIA retail-sales (sector IND),2026-07-13T13:36:01Z
2026-07-13,UT,8.51,85.1,2026-04,EIA retail-sales (sector IND),2026-07-13T13:36:01Z
2026-07-13,VA,9.86,98.6,2026-04,EIA retail-sales (sector IND),2026-07-13T13:36:01Z
2026-07-13,VT,12.48,124.8,2026-04,EIA retail-sales (sector IND),2026-07-13T13:36:01Z
2026-07-13,WA,7.01,70.1,2026-04,EIA retail-sales (sector IND),2026-07-13T13:36:01Z
2026-07-13,WI,8.84,88.4,2026-04,EIA retail-sales (sector IND),2026-07-13T13:36:01Z
2026-07-13,WV,8.84,88.4,2026-04,EIA retail-sales (sector IND),2026-07-13T13:36:01Z
2026-07-13,WY,8.75,87.5,2026-04,EIA retail-sales (sector IND),2026-07-13T13:36:01Z
2026-07-14,AK,24.87,248.7,2026-04,EIA retail-sales (sector IND),2026-07-14T12:49:38Z
2026-07-14,AL,7.84,78.4,2026-04,EIA retail-sales (sector IND),2026-07-14T12:49:38Z
2026-07-14,AR,6.2,62.0,2026-04,EIA retail-sales (sector IND),2026-07-14T12:49:38Z
2026-07-14,AZ,7.23,72.3,2026-04,EIA retail-sales (sector IND),2026-07-14T12:49:38Z
2026-07-14,CA,19.87,198.7,2026-04,EIA retail-sales (sector IND),2026-07-14T12:49:38Z
2026-07-14,CO,9.4,94.0,2026-04,EIA retail-sales (sector IND),2026-07-14T12:49:38Z
2026-07-14,CT,17.93,179.3,2026-04,EIA retail-sales (sector IND),2026-07-14T12:49:38Z
2026-07-14,DC,22.39,223.9,2026-04,EIA retail-sales (sector IND),2026-07-14T12:49:38Z
2026-07-14,DE,9.74,97.4,2026-04,EIA retail-sales (sector IND),2026-07-14T12:49:38Z
2026-07-14,FL,9.23,92.3,2026-04,EIA retail-sales (sector IND),2026-07-14T12:49:38Z
2026-07-14,GA,6.84,68.4,2026-04,EIA retail-sales (sector IND),2026-07-14T12:49:38Z
2026-07-14,HI,38.29,382.9,2026-04,EIA retail-sales (sector IND),2026-07-14T12:49:38Z
2026-07-14,IA,6.26,62.6,2026-04,EIA retail-sales (sector IND),2026-07-14T12:49:38Z
2026-07-14,ID,7.27,72.7,2026-04,EIA retail-sales (sector IND),2026-07-14T12:49:38Z
2026-07-14,IL,9.74,97.4,2026-04,EIA retail-sales (sector IND),2026-07-14T12:49:38Z
2026-07-14,IN,8.86,88.6,2026-04,EIA retail-sales (sector IND),2026-07-14T12:49:38Z
2026-07-14,KS,8.21,82.1,2026-04,EIA retail-sales (sector IND),2026-07-14T12:49:38Z
2026-07-14,KY,7.3,73.0,2026-04,EIA retail-sales (sector IND),2026-07-14T12:49:38Z
2026-07-14,LA,7.16,71.6,2026-04,EIA retail-sales (sector IND),2026-07-14T12:49:38Z
2026-07-14,MA,18.55,185.5,2026-04,EIA retail-sales (sector IND),2026-07-14T12:49:38Z
2026-07-14,MD,14.34,143.4,2026-04,EIA retail-sales (sector IND),2026-07-14T12:49:38Z
2026-07-14,ME,14.87,148.7,2026-04,EIA retail-sales (sector IND),2026-07-14T12:49:38Z
2026-07-14,MI,8.95,89.5,2026-04,EIA retail-sales (sector IND),2026-07-14T12:49:38Z
2026-07-14,MN,9.86,98.6,2026-04,EIA retail-sales (sector IND),2026-07-14T12:49:38Z
2026-07-14,MO,8.28,82.8,2026-04,EIA retail-sales (sector IND),2026-07-14T12:49:38Z
2026-07-14,MS,7.46,74.6,2026-04,EIA retail-sales (sector IND),2026-07-14T12:49:38Z
2026-07-14,MT,5.99,59.9,2026-04,EIA retail-sales (sector IND),2026-07-14T12:49:38Z
2026-07-14,NC,7.73,77.3,2026-04,EIA retail-sales (sector IND),2026-07-14T12:49:38Z
2026-07-14,ND,8.21,82.1,2026-04,EIA retail-sales (sector IND),2026-07-14T12:49:38Z
2026-07-14,NE,8.46,84.6,2026-04,EIA retail-sales (sector IND),2026-07-14T12:49:38Z
2026-07-14,NH,17.14,171.4,2026-04,EIA retail-sales (sector IND),2026-07-14T12:49:38Z
2026-07-14,NJ,15.22,152.2,2026-04,EIA retail-sales (sector IND),2026-07-14T12:49:38Z
2026-07-14,NM,6.27,62.7,2026-04,EIA retail-sales (sector IND),2026-07-14T12:49:38Z
2026-07-14,NV,7.58,75.8,2026-04,EIA retail-sales (sector IND),2026-07-14T12:49:38Z
2026-07-14,NY,8.62,86.2,2026-04,EIA retail-sales (sector IND),2026-07-14T12:49:38Z
2026-07-14,OH,9.95,99.5,2026-04,EIA retail-sales (sector IND),2026-07-14T12:49:38Z
2026-07-14,OK,5.86,58.6,2026-04,EIA retail-sales (sector IND),2026-07-14T12:49:38Z
2026-07-14,OR,8.07,80.7,2026-04,EIA retail-sales (sector IND),2026-07-14T12:49:38Z
2026-07-14,PA,9.82,98.2,2026-04,EIA retail-sales (sector IND),2026-07-14T12:49:38Z
2026-07-14,RI,20.75,207.5,2026-04,EIA retail-sales (sector IND),2026-07-14T12:49:38Z
2026-07-14,SC,7.45,74.5,2026-04,EIA retail-sales (sector IND),2026-07-14T12:49:38Z
2026-07-14,SD,9.15,91.5,2026-04,EIA retail-sales (sector IND),2026-07-14T12:49:38Z
2026-07-14,TN,6.95,69.5,2026-04,EIA retail-sales (sector IND),2026-07-14T12:49:38Z
2026-07-14,TX,6.33,63.3,2026-04,EIA retail-sales (sector IND),2026-07-14T12:49:38Z
2026-07-14,US,8.66,86.6,2026-04,EIA retail-sales (sector IND),2026-07-14T12:49:38Z
2026-07-14,UT,8.51,85.1,2026-04,EIA retail-sales (sector IND),2026-07-14T12:49:38Z
2026-07-14,VA,9.86,98.6,2026-04,EIA retail-sales (sector IND),2026-07-14T12:49:38Z
2026-07-14,VT,12.48,124.8,2026-04,EIA retail-sales (sector IND),2026-07-14T12:49:38Z
2026-07-14,WA,7.01,70.1,2026-04,EIA retail-sales (sector IND),2026-07-14T12:49:38Z
2026-07-14,WI,8.84,88.4,2026-04,EIA retail-sales (sector IND),2026-07-14T12:49:38Z
2026-07-14,WV,8.84,88.4,2026-04,EIA retail-sales (sector IND),2026-07-14T12:49:38Z
2026-07-14,WY,8.75,87.5,2026-04,EIA retail-sales (sector IND),2026-07-14T12:49:38Z
2026-07-15,AK,24.87,248.7,2026-04,EIA retail-sales (sector IND),2026-07-15T12:53:48Z
2026-07-15,AL,7.84,78.4,2026-04,EIA retail-sales (sector IND),2026-07-15T12:53:48Z
2026-07-15,AR,6.2,62.0,2026-04,EIA retail-sales (sector IND),2026-07-15T12:53:48Z
2026-07-15,AZ,7.23,72.3,2026-04,EIA retail-sales (sector IND),2026-07-15T12:53:48Z
2026-07-15,CA,19.87,198.7,2026-04,EIA retail-sales (sector IND),2026-07-15T12:53:48Z
2026-07-15,CO,9.4,94.0,2026-04,EIA retail-sales (sector IND),2026-07-15T12:53:48Z
2026-07-15,CT,17.93,179.3,2026-04,EIA retail-sales (sector IND),2026-07-15T12:53:48Z
2026-07-15,DC,22.39,223.9,2026-04,EIA retail-sales (sector IND),2026-07-15T12:53:48Z
2026-07-15,DE,9.74,97.4,2026-04,EIA retail-sales (sector IND),2026-07-15T12:53:48Z
2026-07-15,FL,9.23,92.3,2026-04,EIA retail-sales (sector IND),2026-07-15T12:53:48Z
2026-07-15,GA,6.84,68.4,2026-04,EIA retail-sales (sector IND),2026-07-15T12:53:48Z
2026-07-15,HI,38.29,382.9,2026-04,EIA retail-sales (sector IND),2026-07-15T12:53:48Z
2026-07-15,IA,6.26,62.6,2026-04,EIA retail-sales (sector IND),2026-07-15T12:53:48Z
2026-07-15,ID,7.27,72.7,2026-04,EIA retail-sales (sector IND),2026-07-15T12:53:48Z
2026-07-15,IL,9.74,97.4,2026-04,EIA retail-sales (sector IND),2026-07-15T12:53:48Z
2026-07-15,IN,8.86,88.6,2026-04,EIA retail-sales (sector IND),2026-07-15T12:53:48Z
2026-07-15,KS,8.21,82.1,2026-04,EIA retail-sales (sector IND),2026-07-15T12:53:48Z
2026-07-15,KY,7.3,73.0,2026-04,EIA retail-sales (sector IND),2026-07-15T12:53:48Z
2026-07-15,LA,7.16,71.6,2026-04,EIA retail-sales (sector IND),2026-07-15T12:53:48Z
2026-07-15,MA,18.55,185.5,2026-04,EIA retail-sales (sector IND),2026-07-15T12:53:48Z
2026-07-15,MD,14.34,143.4,2026-04,EIA retail-sales (sector IND),2026-07-15T12:53:48Z
2026-07-15,ME,14.87,148.7,2026-04,EIA retail-sales (sector IND),2026-07-15T12:53:48Z
2026-07-15,MI,8.95,89.5,2026-04,EIA retail-sales (sector IND),2026-07-15T12:53:48Z
2026-07-15,MN,9.86,98.6,2026-04,EIA retail-sales (sector IND),2026-07-15T12:53:48Z
2026-07-15,MO,8.28,82.8,2026-04,EIA retail-sales (sector IND),2026-07-15T12:53:48Z
2026-07-15,MS,7.46,74.6,2026-04,EIA retail-sales (sector IND),2026-07-15T12:53:48Z
2026-07-15,MT,5.99,59.9,2026-04,EIA retail-sales (sector IND),2026-07-15T12:53:48Z
2026-07-15,NC,7.73,77.3,2026-04,EIA retail-sales (sector IND),2026-07-15T12:53:48Z
2026-07-15,ND,8.21,82.1,2026-04,EIA retail-sales (sector IND),2026-07-15T12:53:48Z
2026-07-15,NE,8.46,84.6,2026-04,EIA retail-sales (sector IND),2026-07-15T12:53:48Z
2026-07-15,NH,17.14,171.4,2026-04,EIA retail-sales (sector IND),2026-07-15T12:53:48Z
2026-07-15,NJ,15.22,152.2,2026-04,EIA retail-sales (sector IND),2026-07-15T12:53:48Z
2026-07-15,NM,6.27,62.7,2026-04,EIA retail-sales (sector IND),2026-07-15T12:53:48Z
2026-07-15,NV,7.58,75.8,2026-04,EIA retail-sales (sector IND),2026-07-15T12:53:48Z
2026-07-15,NY,8.62,86.2,2026-04,EIA retail-sales (sector IND),2026-07-15T12:53:48Z
2026-07-15,OH,9.95,99.5,2026-04,EIA retail-sales (sector IND),2026-07-15T12:53:48Z
2026-07-15,OK,5.86,58.6,2026-04,EIA retail-sales (sector IND),2026-07-15T12:53:48Z
2026-07-15,OR,8.07,80.7,2026-04,EIA retail-sales (sector IND),2026-07-15T12:53:48Z
2026-07-15,PA,9.82,98.2,2026-04,EIA retail-sales (sector IND),2026-07-15T12:53:48Z
2026-07-15,RI,20.75,207.5,2026-04,EIA retail-sales (sector IND),2026-07-15T12:53:48Z
2026-07-15,SC,7.45,74.5,2026-04,EIA retail-sales (sector IND),2026-07-15T12:53:48Z
2026-07-15,SD,9.15,91.5,2026-04,EIA retail-sales (sector IND),2026-07-15T12:53:48Z
2026-07-15,TN,6.95,69.5,2026-04,EIA retail-sales (sector IND),2026-07-15T12:53:48Z
2026-07-15,TX,6.33,63.3,2026-04,EIA retail-sales (sector IND),2026-07-15T12:53:48Z
2026-07-15,US,8.66,86.6,2026-04,EIA retail-sales (sector IND),2026-07-15T12:53:48Z
2026-07-15,UT,8.51,85.1,2026-04,EIA retail-sales (sector IND),2026-07-15T12:53:48Z
2026-07-15,VA,9.86,98.6,2026-04,EIA retail-sales (sector IND),2026-07-15T12:53:48Z
2026-07-15,VT,12.48,124.8,2026-04,EIA retail-sales (sector IND),2026-07-15T12:53:48Z
2026-07-15,WA,7.01,70.1,2026-04,EIA retail-sales (sector IND),2026-07-15T12:53:48Z
2026-07-15,WI,8.84,88.4,2026-04,EIA retail-sales (sector IND),2026-07-15T12:53:48Z
2026-07-15,WV,8.84,88.4,2026-04,EIA retail-sales (sector IND),2026-07-15T12:53:48Z
2026-07-15,WY,8.75,87.5,2026-04,EIA retail-sales (sector IND),2026-07-15T12:53:48Z
2026-07-16,AK,24.87,248.7,2026-04,EIA retail-sales (sector IND),2026-07-16T13:03:29Z
2026-07-16,AL,7.84,78.4,2026-04,EIA retail-sales (sector IND),2026-07-16T13:03:29Z
2026-07-16,AR,6.2,62.0,2026-04,EIA retail-sales (sector IND),2026-07-16T13:03:29Z
2026-07-16,AZ,7.23,72.3,2026-04,EIA retail-sales (sector IND),2026-07-16T13:03:29Z
2026-07-16,CA,19.87,198.7,2026-04,EIA retail-sales (sector IND),2026-07-16T13:03:29Z
2026-07-16,CO,9.4,94.0,2026-04,EIA retail-sales (sector IND),2026-07-16T13:03:29Z
2026-07-16,CT,17.93,179.3,2026-04,EIA retail-sales (sector IND),2026-07-16T13:03:29Z
2026-07-16,DC,22.39,223.9,2026-04,EIA retail-sales (sector IND),2026-07-16T13:03:29Z
2026-07-16,DE,9.74,97.4,2026-04,EIA retail-sales (sector IND),2026-07-16T13:03:29Z
2026-07-16,FL,9.23,92.3,2026-04,EIA retail-sales (sector IND),2026-07-16T13:03:29Z
2026-07-16,GA,6.84,68.4,2026-04,EIA retail-sales (sector IND),2026-07-16T13:03:29Z
2026-07-16,HI,38.29,382.9,2026-04,EIA retail-sales (sector IND),2026-07-16T13:03:29Z
2026-07-16,IA,6.26,62.6,2026-04,EIA retail-sales (sector IND),2026-07-16T13:03:29Z
2026-07-16,ID,7.27,72.7,2026-04,EIA retail-sales (sector IND),2026-07-16T13:03:29Z
2026-07-16,IL,9.74,97.4,2026-04,EIA retail-sales (sector IND),2026-07-16T13:03:29Z
2026-07-16,IN,8.86,88.6,2026-04,EIA retail-sales (sector IND),2026-07-16T13:03:29Z
2026-07-16,KS,8.21,82.1,2026-04,EIA retail-sales (sector IND),2026-07-16T13:03:29Z
2026-07-16,KY,7.3,73.0,2026-04,EIA retail-sales (sector IND),2026-07-16T13:03:29Z
2026-07-16,LA,7.16,71.6,2026-04,EIA retail-sales (sector IND),2026-07-16T13:03:29Z
2026-07-16,MA,18.55,185.5,2026-04,EIA retail-sales (sector IND),2026-07-16T13:03:29Z
2026-07-16,MD,14.34,143.4,2026-04,EIA retail-sales (sector IND),2026-07-16T13:03:29Z
2026-07-16,ME,14.87,148.7,2026-04,EIA retail-sales (sector IND),2026-07-16T13:03:29Z
2026-07-16,MI,8.95,89.5,2026-04,EIA retail-sales (sector IND),2026-07-16T13:03:29Z
2026-07-16,MN,9.86,98.6,2026-04,EIA retail-sales (sector IND),2026-07-16T13:03:29Z
2026-07-16,MO,8.28,82.8,2026-04,EIA retail-sales (sector IND),2026-07-16T13:03:29Z
2026-07-16,MS,7.46,74.6,2026-04,EIA retail-sales (sector IND),2026-07-16T13:03:29Z
2026-07-16,MT,5.99,59.9,2026-04,EIA retail-sales (sector IND),2026-07-16T13:03:29Z
2026-07-16,NC,7.73,77.3,2026-04,EIA retail-sales (sector IND),2026-07-16T13:03:29Z
2026-07-16,ND,8.21,82.1,2026-04,EIA retail-sales (sector IND),2026-07-16T13:03:29Z
2026-07-16,NE,8.46,84.6,2026-04,EIA retail-sales (sector IND),2026-07-16T13:03:29Z
2026-07-16,NH,17.14,171.4,2026-04,EIA retail-sales (sector IND),2026-07-16T13:03:29Z
2026-07-16,NJ,15.22,152.2,2026-04,EIA retail-sales (sector IND),2026-07-16T13:03:29Z
2026-07-16,NM,6.27,62.7,2026-04,EIA retail-sales (sector IND),2026-07-16T13:03:29Z
2026-07-16,NV,7.58,75.8,2026-04,EIA retail-sales (sector IND),2026-07-16T13:03:29Z
2026-07-16,NY,8.62,86.2,2026-04,EIA retail-sales (sector IND),2026-07-16T13:03:29Z
2026-07-16,OH,9.95,99.5,2026-04,EIA retail-sales (sector IND),2026-07-16T13:03:29Z
2026-07-16,OK,5.86,58.6,2026-04,EIA retail-sales (sector IND),2026-07-16T13:03:29Z
2026-07-16,OR,8.07,80.7,2026-04,EIA retail-sales (sector IND),2026-07-16T13:03:29Z
2026-07-16,PA,9.82,98.2,2026-04,EIA retail-sales (sector IND),2026-07-16T13:03:29Z
2026-07-16,RI,20.75,207.5,2026-04,EIA retail-sales (sector IND),2026-07-16T13:03:29Z
2026-07-16,SC,7.45,74.5,2026-04,EIA retail-sales (sector IND),2026-07-16T13:03:29Z
2026-07-16,SD,9.15,91.5,2026-04,EIA retail-sales (sector IND),2026-07-16T13:03:29Z
2026-07-16,TN,6.95,69.5,2026-04,EIA retail-sales (sector IND),2026-07-16T13:03:29Z
2026-07-16,TX,6.33,63.3,2026-04,EIA retail-sales (sector IND),2026-07-16T13:03:29Z
2026-07-16,US,8.66,86.6,2026-04,EIA retail-sales (sector IND),2026-07-16T13:03:29Z
2026-07-16,UT,8.51,85.1,2026-04,EIA retail-sales (sector IND),2026-07-16T13:03:29Z
2026-07-16,VA,9.86,98.6,2026-04,EIA retail-sales (sector IND),2026-07-16T13:03:29Z
2026-07-16,VT,12.48,124.8,2026-04,EIA retail-sales (sector IND),2026-07-16T13:03:29Z
2026-07-16,WA,7.01,70.1,2026-04,EIA retail-sales (sector IND),2026-07-16T13:03:29Z
2026-07-16,WI,8.84,88.4,2026-04,EIA retail-sales (sector IND),2026-07-16T13:03:29Z
2026-07-16,WV,8.84,88.4,2026-04,EIA retail-sales (sector IND),2026-07-16T13:03:29Z
2026-07-16,WY,8.75,87.5,2026-04,EIA retail-sales (sector IND),2026-07-16T13:03:29Z
2026-07-17,AK,24.87,248.7,2026-04,EIA retail-sales (sector IND),2026-07-17T12:44:34Z
2026-07-17,AL,7.84,78.4,2026-04,EIA retail-sales (sector IND),2026-07-17T12:44:34Z
2026-07-17,AR,6.2,62.0,2026-04,EIA retail-sales (sector IND),2026-07-17T12:44:34Z
2026-07-17,AZ,7.23,72.3,2026-04,EIA retail-sales (sector IND),2026-07-17T12:44:34Z
2026-07-17,CA,19.87,198.7,2026-04,EIA retail-sales (sector IND),2026-07-17T12:44:34Z
2026-07-17,CO,9.4,94.0,2026-04,EIA retail-sales (sector IND),2026-07-17T12:44:34Z
2026-07-17,CT,17.93,179.3,2026-04,EIA retail-sales (sector IND),2026-07-17T12:44:34Z
2026-07-17,DC,22.39,223.9,2026-04,EIA retail-sales (sector IND),2026-07-17T12:44:34Z
2026-07-17,DE,9.74,97.4,2026-04,EIA retail-sales (sector IND),2026-07-17T12:44:34Z
2026-07-17,FL,9.23,92.3,2026-04,EIA retail-sales (sector IND),2026-07-17T12:44:34Z
2026-07-17,GA,6.84,68.4,2026-04,EIA retail-sales (sector IND),2026-07-17T12:44:34Z
2026-07-17,HI,38.29,382.9,2026-04,EIA retail-sales (sector IND),2026-07-17T12:44:34Z
2026-07-17,IA,6.26,62.6,2026-04,EIA retail-sales (sector IND),2026-07-17T12:44:34Z
2026-07-17,ID,7.27,72.7,2026-04,EIA retail-sales (sector IND),2026-07-17T12:44:34Z
2026-07-17,IL,9.74,97.4,2026-04,EIA retail-sales (sector IND),2026-07-17T12:44:34Z
2026-07-17,IN,8.86,88.6,2026-04,EIA retail-sales (sector IND),2026-07-17T12:44:34Z
2026-07-17,KS,8.21,82.1,2026-04,EIA retail-sales (sector IND),2026-07-17T12:44:34Z
2026-07-17,KY,7.3,73.0,2026-04,EIA retail-sales (sector IND),2026-07-17T12:44:34Z
2026-07-17,LA,7.16,71.6,2026-04,EIA retail-sales (sector IND),2026-07-17T12:44:34Z
2026-07-17,MA,18.55,185.5,2026-04,EIA retail-sales (sector IND),2026-07-17T12:44:34Z
2026-07-17,MD,14.34,143.4,2026-04,EIA retail-sales (sector IND),2026-07-17T12:44:34Z
2026-07-17,ME,14.87,148.7,2026-04,EIA retail-sales (sector IND),2026-07-17T12:44:34Z
2026-07-17,MI,8.95,89.5,2026-04,EIA retail-sales (sector IND),2026-07-17T12:44:34Z
2026-07-17,MN,9.86,98.6,2026-04,EIA retail-sales (sector IND),2026-07-17T12:44:34Z
2026-07-17,MO,8.28,82.8,2026-04,EIA retail-sales (sector IND),2026-07-17T12:44:34Z
2026-07-17,MS,7.46,74.6,2026-04,EIA retail-sales (sector IND),2026-07-17T12:44:34Z
2026-07-17,MT,5.99,59.9,2026-04,EIA retail-sales (sector IND),2026-07-17T12:44:34Z
2026-07-17,NC,7.73,77.3,2026-04,EIA retail-sales (sector IND),2026-07-17T12:44:34Z
2026-07-17,ND,8.21,82.1,2026-04,EIA retail-sales (sector IND),2026-07-17T12:44:34Z
2026-07-17,NE,8.46,84.6,2026-04,EIA retail-sales (sector IND),2026-07-17T12:44:34Z
2026-07-17,NH,17.14,171.4,2026-04,EIA retail-sales (sector IND),2026-07-17T12:44:34Z
2026-07-17,NJ,15.22,152.2,2026-04,EIA retail-sales (sector IND),2026-07-17T12:44:34Z
2026-07-17,NM,6.27,62.7,2026-04,EIA retail-sales (sector IND),2026-07-17T12:44:34Z
2026-07-17,NV,7.58,75.8,2026-04,EIA retail-sales (sector IND),2026-07-17T12:44:34Z
2026-07-17,NY,8.62,86.2,2026-04,EIA retail-sales (sector IND),2026-07-17T12:44:34Z
2026-07-17,OH,9.95,99.5,2026-04,EIA retail-sales (sector IND),2026-07-17T12:44:34Z
2026-07-17,OK,5.86,58.6,2026-04,EIA retail-sales (sector IND),2026-07-17T12:44:34Z
2026-07-17,OR,8.07,80.7,2026-04,EIA retail-sales (sector IND),2026-07-17T12:44:34Z
2026-07-17,PA,9.82,98.2,2026-04,EIA retail-sales (sector IND),2026-07-17T12:44:34Z
2026-07-17,RI,20.75,207.5,2026-04,EIA retail-sales (sector IND),2026-07-17T12:44:34Z
2026-07-17,SC,7.45,74.5,2026-04,EIA retail-sales (sector IND),2026-07-17T12:44:34Z
2026-07-17,SD,9.15,91.5,2026-04,EIA retail-sales (sector IND),2026-07-17T12:44:34Z
2026-07-17,TN,6.95,69.5,2026-04,EIA retail-sales (sector IND),2026-07-17T12:44:34Z
2026-07-17,TX,6.33,63.3,2026-04,EIA retail-sales (sector IND),2026-07-17T12:44:34Z
2026-07-17,US,8.66,86.6,2026-04,EIA retail-sales (sector IND),2026-07-17T12:44:34Z
2026-07-17,UT,8.51,85.1,2026-04,EIA retail-sales (sector IND),2026-07-17T12:44:34Z
2026-07-17,VA,9.86,98.6,2026-04,EIA retail-sales (sector IND),2026-07-17T12:44:34Z
2026-07-17,VT,12.48,124.8,2026-04,EIA retail-sales (sector IND),2026-07-17T12:44:34Z
2026-07-17,WA,7.01,70.1,2026-04,EIA retail-sales (sector IND),2026-07-17T12:44:34Z
2026-07-17,WI,8.84,88.4,2026-04,EIA retail-sales (sector IND),2026-07-17T12:44:34Z
2026-07-17,WV,8.84,88.4,2026-04,EIA retail-sales (sector IND),2026-07-17T12:44:34Z
2026-07-17,WY,8.75,87.5,2026-04,EIA retail-sales (sector IND),2026-07-17T12:44:34Z
2026-07-18,AK,24.87,248.7,2026-04,EIA retail-sales (sector IND),2026-07-18T12:29:19Z
2026-07-18,AL,7.84,78.4,2026-04,EIA retail-sales (sector IND),2026-07-18T12:29:19Z
2026-07-18,AR,6.2,62.0,2026-04,EIA retail-sales (sector IND),2026-07-18T12:29:19Z
2026-07-18,AZ,7.23,72.3,2026-04,EIA retail-sales (sector IND),2026-07-18T12:29:19Z
2026-07-18,CA,19.87,198.7,2026-04,EIA retail-sales (sector IND),2026-07-18T12:29:19Z
2026-07-18,CO,9.4,94.0,2026-04,EIA retail-sales (sector IND),2026-07-18T12:29:19Z
2026-07-18,CT,17.93,179.3,2026-04,EIA retail-sales (sector IND),2026-07-18T12:29:19Z
2026-07-18,DC,22.39,223.9,2026-04,EIA retail-sales (sector IND),2026-07-18T12:29:19Z
2026-07-18,DE,9.74,97.4,2026-04,EIA retail-sales (sector IND),2026-07-18T12:29:19Z
2026-07-18,FL,9.23,92.3,2026-04,EIA retail-sales (sector IND),2026-07-18T12:29:19Z
2026-07-18,GA,6.84,68.4,2026-04,EIA retail-sales (sector IND),2026-07-18T12:29:19Z
2026-07-18,HI,38.29,382.9,2026-04,EIA retail-sales (sector IND),2026-07-18T12:29:19Z
2026-07-18,IA,6.26,62.6,2026-04,EIA retail-sales (sector IND),2026-07-18T12:29:19Z
2026-07-18,ID,7.27,72.7,2026-04,EIA retail-sales (sector IND),2026-07-18T12:29:19Z
2026-07-18,IL,9.74,97.4,2026-04,EIA retail-sales (sector IND),2026-07-18T12:29:19Z
2026-07-18,IN,8.86,88.6,2026-04,EIA retail-sales (sector IND),2026-07-18T12:29:19Z
2026-07-18,KS,8.21,82.1,2026-04,EIA retail-sales (sector IND),2026-07-18T12:29:19Z
2026-07-18,KY,7.3,73.0,2026-04,EIA retail-sales (sector IND),2026-07-18T12:29:19Z
2026-07-18,LA,7.16,71.6,2026-04,EIA retail-sales (sector IND),2026-07-18T12:29:19Z
2026-07-18,MA,18.55,185.5,2026-04,EIA retail-sales (sector IND),2026-07-18T12:29:19Z
2026-07-18,MD,14.34,143.4,2026-04,EIA retail-sales (sector IND),2026-07-18T12:29:19Z
2026-07-18,ME,14.87,148.7,2026-04,EIA retail-sales (sector IND),2026-07-18T12:29:19Z
2026-07-18,MI,8.95,89.5,2026-04,EIA retail-sales (sector IND),2026-07-18T12:29:19Z
2026-07-18,MN,9.86,98.6,2026-04,EIA retail-sales (sector IND),2026-07-18T12:29:19Z
2026-07-18,MO,8.28,82.8,2026-04,EIA retail-sales (sector IND),2026-07-18T12:29:19Z
2026-07-18,MS,7.46,74.6,2026-04,EIA retail-sales (sector IND),2026-07-18T12:29:19Z
2026-07-18,MT,5.99,59.9,2026-04,EIA retail-sales (sector IND),2026-07-18T12:29:19Z
2026-07-18,NC,7.73,77.3,2026-04,EIA retail-sales (sector IND),2026-07-18T12:29:19Z
2026-07-18,ND,8.21,82.1,2026-04,EIA retail-sales (sector IND),2026-07-18T12:29:19Z
2026-07-18,NE,8.46,84.6,2026-04,EIA retail-sales (sector IND),2026-07-18T12:29:19Z
2026-07-18,NH,17.14,171.4,2026-04,EIA retail-sales (sector IND),2026-07-18T12:29:19Z
2026-07-18,NJ,15.22,152.2,2026-04,EIA retail-sales (sector IND),2026-07-18T12:29:19Z
2026-07-18,NM,6.27,62.7,2026-04,EIA retail-sales (sector IND),2026-07-18T12:29:19Z
2026-07-18,NV,7.58,75.8,2026-04,EIA retail-sales (sector IND),2026-07-18T12:29:19Z
2026-07-18,NY,8.62,86.2,2026-04,EIA retail-sales (sector IND),2026-07-18T12:29:19Z
2026-07-18,OH,9.95,99.5,2026-04,EIA retail-sales (sector IND),2026-07-18T12:29:19Z
2026-07-18,OK,5.86,58.6,2026-04,EIA retail-sales (sector IND),2026-07-18T12:29:19Z
2026-07-18,OR,8.07,80.7,2026-04,EIA retail-sales (sector IND),2026-07-18T12:29:19Z
2026-07-18,PA,9.82,98.2,2026-04,EIA retail-sales (sector IND),2026-07-18T12:29:19Z
2026-07-18,RI,20.75,207.5,2026-04,EIA retail-sales (sector IND),2026-07-18T12:29:19Z
2026-07-18,SC,7.45,74.5,2026-04,EIA retail-sales (sector IND),2026-07-18T12:29:19Z
2026-07-18,SD,9.15,91.5,2026-04,EIA retail-sales (sector IND),2026-07-18T12:29:19Z
2026-07-18,TN,6.95,69.5,2026-04,EIA retail-sales (sector IND),2026-07-18T12:29:19Z
2026-07-18,TX,6.33,63.3,2026-04,EIA retail-sales (sector IND),2026-07-18T12:29:19Z
2026-07-18,US,8.66,86.6,2026-04,EIA retail-sales (sector IND),2026-07-18T12:29:19Z
2026-07-18,UT,8.51,85.1,2026-04,EIA retail-sales (sector IND),2026-07-18T12:29:19Z
2026-07-18,VA,9.86,98.6,2026-04,EIA retail-sales (sector IND),2026-07-18T12:29:19Z
2026-07-18,VT,12.48,124.8,2026-04,EIA retail-sales (sector IND),2026-07-18T12:29:19Z
2026-07-18,WA,7.01,70.1,2026-04,EIA retail-sales (sector IND),2026-07-18T12:29:19Z
2026-07-18,WI,8.84,88.4,2026-04,EIA retail-sales (sector IND),2026-07-18T12:29:19Z
2026-07-18,WV,8.84,88.4,2026-04,EIA retail-sales (sector IND),2026-07-18T12:29:19Z
2026-07-18,WY,8.75,87.5,2026-04,EIA retail-sales (sector IND),2026-07-18T12:29:19Z
2026-07-19,AK,24.87,248.7,2026-04,EIA retail-sales (sector IND),2026-07-19T12:28:22Z
2026-07-19,AL,7.84,78.4,2026-04,EIA retail-sales (sector IND),2026-07-19T12:28:22Z
2026-07-19,AR,6.2,62.0,2026-04,EIA retail-sales (sector IND),2026-07-19T12:28:22Z
2026-07-19,AZ,7.23,72.3,2026-04,EIA retail-sales (sector IND),2026-07-19T12:28:22Z
2026-07-19,CA,19.87,198.7,2026-04,EIA retail-sales (sector IND),2026-07-19T12:28:22Z
2026-07-19,CO,9.4,94.0,2026-04,EIA retail-sales (sector IND),2026-07-19T12:28:22Z
2026-07-19,CT,17.93,179.3,2026-04,EIA retail-sales (sector IND),2026-07-19T12:28:22Z
2026-07-19,DC,22.39,223.9,2026-04,EIA retail-sales (sector IND),2026-07-19T12:28:22Z
2026-07-19,DE,9.74,97.4,2026-04,EIA retail-sales (sector IND),2026-07-19T12:28:22Z
2026-07-19,FL,9.23,92.3,2026-04,EIA retail-sales (sector IND),2026-07-19T12:28:22Z
2026-07-19,GA,6.84,68.4,2026-04,EIA retail-sales (sector IND),2026-07-19T12:28:22Z
2026-07-19,HI,38.29,382.9,2026-04,EIA retail-sales (sector IND),2026-07-19T12:28:22Z
2026-07-19,IA,6.26,62.6,2026-04,EIA retail-sales (sector IND),2026-07-19T12:28:22Z
2026-07-19,ID,7.27,72.7,2026-04,EIA retail-sales (sector IND),2026-07-19T12:28:22Z
2026-07-19,IL,9.74,97.4,2026-04,EIA retail-sales (sector IND),2026-07-19T12:28:22Z
2026-07-19,IN,8.86,88.6,2026-04,EIA retail-sales (sector IND),2026-07-19T12:28:22Z
2026-07-19,KS,8.21,82.1,2026-04,EIA retail-sales (sector IND),2026-07-19T12:28:22Z
2026-07-19,KY,7.3,73.0,2026-04,EIA retail-sales (sector IND),2026-07-19T12:28:22Z
2026-07-19,LA,7.16,71.6,2026-04,EIA retail-sales (sector IND),2026-07-19T12:28:22Z
2026-07-19,MA,18.55,185.5,2026-04,EIA retail-sales (sector IND),2026-07-19T12:28:22Z
2026-07-19,MD,14.34,143.4,2026-04,EIA retail-sales (sector IND),2026-07-19T12:28:22Z
2026-07-19,ME,14.87,148.7,2026-04,EIA retail-sales (sector IND),2026-07-19T12:28:22Z
2026-07-19,MI,8.95,89.5,2026-04,EIA retail-sales (sector IND),2026-07-19T12:28:22Z
2026-07-19,MN,9.86,98.6,2026-04,EIA retail-sales (sector IND),2026-07-19T12:28:22Z
2026-07-19,MO,8.28,82.8,2026-04,EIA retail-sales (sector IND),2026-07-19T12:28:22Z
2026-07-19,MS,7.46,74.6,2026-04,EIA retail-sales (sector IND),2026-07-19T12:28:22Z
2026-07-19,MT,5.99,59.9,2026-04,EIA retail-sales (sector IND),2026-07-19T12:28:22Z
2026-07-19,NC,7.73,77.3,2026-04,EIA retail-sales (sector IND),2026-07-19T12:28:22Z
2026-07-19,ND,8.21,82.1,2026-04,EIA retail-sales (sector IND),2026-07-19T12:28:22Z
2026-07-19,NE,8.46,84.6,2026-04,EIA retail-sales (sector IND),2026-07-19T12:28:22Z
2026-07-19,NH,17.14,171.4,2026-04,EIA retail-sales (sector IND),2026-07-19T12:28:22Z
2026-07-19,NJ,15.22,152.2,2026-04,EIA retail-sales (sector IND),2026-07-19T12:28:22Z
2026-07-19,NM,6.27,62.7,2026-04,EIA retail-sales (sector IND),2026-07-19T12:28:22Z
2026-07-19,NV,7.58,75.8,2026-04,EIA retail-sales (sector IND),2026-07-19T12:28:22Z
2026-07-19,NY,8.62,86.2,2026-04,EIA retail-sales (sector IND),2026-07-19T12:28:22Z
2026-07-19,OH,9.95,99.5,2026-04,EIA retail-sales (sector IND),2026-07-19T12:28:22Z
2026-07-19,OK,5.86,58.6,2026-04,EIA retail-sales (sector IND),2026-07-19T12:28:22Z
2026-07-19,OR,8.07,80.7,2026-04,EIA retail-sales (sector IND),2026-07-19T12:28:22Z
2026-07-19,PA,9.82,98.2,2026-04,EIA retail-sales (sector IND),2026-07-19T12:28:22Z
2026-07-19,RI,20.75,207.5,2026-04,EIA retail-sales (sector IND),2026-07-19T12:28:22Z
2026-07-19,SC,7.45,74.5,2026-04,EIA retail-sales (sector IND),2026-07-19T12:28:22Z
2026-07-19,SD,9.15,91.5,2026-04,EIA retail-sales (sector IND),2026-07-19T12:28:22Z
2026-07-19,TN,6.95,69.5,2026-04,EIA retail-sales (sector IND),2026-07-19T12:28:22Z
2026-07-19,TX,6.33,63.3,2026-04,EIA retail-sales (sector IND),2026-07-19T12:28:22Z
2026-07-19,US,8.66,86.6,2026-04,EIA retail-sales (sector IND),2026-07-19T12:28:22Z
2026-07-19,UT,8.51,85.1,2026-04,EIA retail-sales (sector IND),2026-07-19T12:28:22Z
2026-07-19,VA,9.86,98.6,2026-04,EIA retail-sales (sector IND),2026-07-19T12:28:22Z
2026-07-19,VT,12.48,124.8,2026-04,EIA retail-sales (sector IND),2026-07-19T12:28:22Z
2026-07-19,WA,7.01,70.1,2026-04,EIA retail-sales (sector IND),2026-07-19T12:28:22Z
2026-07-19,WI,8.84,88.4,2026-04,EIA retail-sales (sector IND),2026-07-19T12:28:22Z
2026-07-19,WV,8.84,88.4,2026-04,EIA retail-sales (sector IND),2026-07-19T12:28:22Z
2026-07-19,WY,8.75,87.5,2026-04,EIA retail-sales (sector IND),2026-07-19T12:28:22Z
2026-07-20,AK,24.87,248.7,2026-04,EIA retail-sales (sector IND),2026-07-20T21:58:29Z
2026-07-20,AL,7.84,78.4,2026-04,EIA retail-sales (sector IND),2026-07-20T21:58:29Z
2026-07-20,AR,6.2,62.0,2026-04,EIA retail-sales (sector IND),2026-07-20T21:58:29Z
2026-07-20,AZ,7.23,72.3,2026-04,EIA retail-sales (sector IND),2026-07-20T21:58:29Z
2026-07-20,CA,19.87,198.7,2026-04,EIA retail-sales (sector IND),2026-07-20T21:58:29Z
2026-07-20,CO,9.4,94.0,2026-04,EIA retail-sales (sector IND),2026-07-20T21:58:29Z
2026-07-20,CT,17.93,179.3,2026-04,EIA retail-sales (sector IND),2026-07-20T21:58:29Z
2026-07-20,DC,22.39,223.9,2026-04,EIA retail-sales (sector IND),2026-07-20T21:58:29Z
2026-07-20,DE,9.74,97.4,2026-04,EIA retail-sales (sector IND),2026-07-20T21:58:29Z
2026-07-20,FL,9.23,92.3,2026-04,EIA retail-sales (sector IND),2026-07-20T21:58:29Z
2026-07-20,GA,6.84,68.4,2026-04,EIA retail-sales (sector IND),2026-07-20T21:58:29Z
2026-07-20,HI,38.29,382.9,2026-04,EIA retail-sales (sector IND),2026-07-20T21:58:29Z
2026-07-20,IA,6.26,62.6,2026-04,EIA retail-sales (sector IND),2026-07-20T21:58:29Z
2026-07-20,ID,7.27,72.7,2026-04,EIA retail-sales (sector IND),2026-07-20T21:58:29Z
2026-07-20,IL,9.74,97.4,2026-04,EIA retail-sales (sector IND),2026-07-20T21:58:29Z
2026-07-20,IN,8.86,88.6,2026-04,EIA retail-sales (sector IND),2026-07-20T21:58:29Z
2026-07-20,KS,8.21,82.1,2026-04,EIA retail-sales (sector IND),2026-07-20T21:58:29Z
2026-07-20,KY,7.3,73.0,2026-04,EIA retail-sales (sector IND),2026-07-20T21:58:29Z
2026-07-20,LA,7.16,71.6,2026-04,EIA retail-sales (sector IND),2026-07-20T21:58:29Z
2026-07-20,MA,18.55,185.5,2026-04,EIA retail-sales (sector IND),2026-07-20T21:58:29Z
2026-07-20,MD,14.34,143.4,2026-04,EIA retail-sales (sector IND),2026-07-20T21:58:29Z
2026-07-20,ME,14.87,148.7,2026-04,EIA retail-sales (sector IND),2026-07-20T21:58:29Z
2026-07-20,MI,8.95,89.5,2026-04,EIA retail-sales (sector IND),2026-07-20T21:58:29Z
2026-07-20,MN,9.86,98.6,2026-04,EIA retail-sales (sector IND),2026-07-20T21:58:29Z
2026-07-20,MO,8.28,82.8,2026-04,EIA retail-sales (sector IND),2026-07-20T21:58:29Z
2026-07-20,MS,7.46,74.6,2026-04,EIA retail-sales (sector IND),2026-07-20T21:58:29Z
2026-07-20,MT,5.99,59.9,2026-04,EIA retail-sales (sector IND),2026-07-20T21:58:29Z
2026-07-20,NC,7.73,77.3,2026-04,EIA retail-sales (sector IND),2026-07-20T21:58:29Z
2026-07-20,ND,8.21,82.1,2026-04,EIA retail-sales (sector IND),2026-07-20T21:58:29Z
2026-07-20,NE,8.46,84.6,2026-04,EIA retail-sales (sector IND),2026-07-20T21:58:29Z
2026-07-20,NH,17.14,171.4,2026-04,EIA retail-sales (sector IND),2026-07-20T21:58:29Z
2026-07-20,NJ,15.22,152.2,2026-04,EIA retail-sales (sector IND),2026-07-20T21:58:29Z
2026-07-20,NM,6.27,62.7,2026-04,EIA retail-sales (sector IND),2026-07-20T21:58:29Z
2026-07-20,NV,7.58,75.8,2026-04,EIA retail-sales (sector IND),2026-07-20T21:58:29Z
2026-07-20,NY,8.62,86.2,2026-04,EIA retail-sales (sector IND),2026-07-20T21:58:29Z
2026-07-20,OH,9.95,99.5,2026-04,EIA retail-sales (sector IND),2026-07-20T21:58:29Z
2026-07-20,OK,5.86,58.6,2026-04,EIA retail-sales (sector IND),2026-07-20T21:58:29Z
2026-07-20,OR,8.07,80.7,2026-04,EIA retail-sales (sector IND),2026-07-20T21:58:29Z
2026-07-20,PA,9.82,98.2,2026-04,EIA retail-sales (sector IND),2026-07-20T21:58:29Z
2026-07-20,RI,20.75,207.5,2026-04,EIA retail-sales (sector IND),2026-07-20T21:58:29Z
2026-07-20,SC,7.45,74.5,2026-04,EIA retail-sales (sector IND),2026-07-20T21:58:29Z
2026-07-20,SD,9.15,91.5,2026-04,EIA retail-sales (sector IND),2026-07-20T21:58:29Z
2026-07-20,TN,6.95,69.5,2026-04,EIA retail-sales (sector IND),2026-07-20T21:58:29Z
2026-07-20,TX,6.33,63.3,2026-04,EIA retail-sales (sector IND),2026-07-20T21:58:29Z
2026-07-20,US,8.66,86.6,2026-04,EIA retail-sales (sector IND),2026-07-20T21:58:29Z
2026-07-20,UT,8.51,85.1,2026-04,EIA retail-sales (sector IND),2026-07-20T21:58:29Z
2026-07-20,VA,9.86,98.6,2026-04,EIA retail-sales (sector IND),2026-07-20T21:58:29Z
2026-07-20,VT,12.48,124.8,2026-04,EIA retail-sales (sector IND),2026-07-20T21:58:29Z
2026-07-20,WA,7.01,70.1,2026-04,EIA retail-sales (sector IND),2026-07-20T21:58:29Z
2026-07-20,WI,8.84,88.4,2026-04,EIA retail-sales (sector IND),2026-07-20T21:58:29Z
2026-07-20,WV,8.84,88.4,2026-04,EIA retail-sales (sector IND),2026-07-20T21:58:29Z
2026-07-20,WY,8.75,87.5,2026-04,EIA retail-sales (sector IND),2026-07-20T21:58:29Z
2026-07-21,AK,24.87,248.7,2026-04,EIA retail-sales (sector IND),2026-07-21T22:02:25Z
2026-07-21,AL,7.84,78.4,2026-04,EIA retail-sales (sector IND),2026-07-21T22:02:25Z
2026-07-21,AR,6.2,62.0,2026-04,EIA retail-sales (sector IND),2026-07-21T22:02:25Z
2026-07-21,AZ,7.23,72.3,2026-04,EIA retail-sales (sector IND),2026-07-21T22:02:25Z
2026-07-21,CA,19.87,198.7,2026-04,EIA retail-sales (sector IND),2026-07-21T22:02:25Z
2026-07-21,CO,9.4,94.0,2026-04,EIA retail-sales (sector IND),2026-07-21T22:02:25Z
2026-07-21,CT,17.93,179.3,2026-04,EIA retail-sales (sector IND),2026-07-21T22:02:25Z
2026-07-21,DC,22.39,223.9,2026-04,EIA retail-sales (sector IND),2026-07-21T22:02:25Z
2026-07-21,DE,9.74,97.4,2026-04,EIA retail-sales (sector IND),2026-07-21T22:02:25Z
2026-07-21,FL,9.23,92.3,2026-04,EIA retail-sales (sector IND),2026-07-21T22:02:25Z
2026-07-21,GA,6.84,68.4,2026-04,EIA retail-sales (sector IND),2026-07-21T22:02:25Z
2026-07-21,HI,38.29,382.9,2026-04,EIA retail-sales (sector IND),2026-07-21T22:02:25Z
2026-07-21,IA,6.26,62.6,2026-04,EIA retail-sales (sector IND),2026-07-21T22:02:25Z
2026-07-21,ID,7.27,72.7,2026-04,EIA retail-sales (sector IND),2026-07-21T22:02:25Z
2026-07-21,IL,9.74,97.4,2026-04,EIA retail-sales (sector IND),2026-07-21T22:02:25Z
2026-07-21,IN,8.86,88.6,2026-04,EIA retail-sales (sector IND),2026-07-21T22:02:25Z
2026-07-21,KS,8.21,82.1,2026-04,EIA retail-sales (sector IND),2026-07-21T22:02:25Z
2026-07-21,KY,7.3,73.0,2026-04,EIA retail-sales (sector IND),2026-07-21T22:02:25Z
2026-07-21,LA,7.16,71.6,2026-04,EIA retail-sales (sector IND),2026-07-21T22:02:25Z
2026-07-21,MA,18.55,185.5,2026-04,EIA retail-sales (sector IND),2026-07-21T22:02:25Z
2026-07-21,MD,14.34,143.4,2026-04,EIA retail-sales (sector IND),2026-07-21T22:02:25Z
2026-07-21,ME,14.87,148.7,2026-04,EIA retail-sales (sector IND),2026-07-21T22:02:25Z
2026-07-21,MI,8.95,89.5,2026-04,EIA retail-sales (sector IND),2026-07-21T22:02:25Z
2026-07-21,MN,9.86,98.6,2026-04,EIA retail-sales (sector IND),2026-07-21T22:02:25Z
2026-07-21,MO,8.28,82.8,2026-04,EIA retail-sales (sector IND),2026-07-21T22:02:25Z
2026-07-21,MS,7.46,74.6,2026-04,EIA retail-sales (sector IND),2026-07-21T22:02:25Z
2026-07-21,MT,5.99,59.9,2026-04,EIA retail-sales (sector IND),2026-07-21T22:02:25Z
2026-07-21,NC,7.73,77.3,2026-04,EIA retail-sales (sector IND),2026-07-21T22:02:25Z
2026-07-21,ND,8.21,82.1,2026-04,EIA retail-sales (sector IND),2026-07-21T22:02:25Z
2026-07-21,NE,8.46,84.6,2026-04,EIA retail-sales (sector IND),2026-07-21T22:02:25Z
2026-07-21,NH,17.14,171.4,2026-04,EIA retail-sales (sector IND),2026-07-21T22:02:25Z
2026-07-21,NJ,15.22,152.2,2026-04,EIA retail-sales (sector IND),2026-07-21T22:02:25Z
2026-07-21,NM,6.27,62.7,2026-04,EIA retail-sales (sector IND),2026-07-21T22:02:25Z
2026-07-21,NV,7.58,75.8,2026-04,EIA retail-sales (sector IND),2026-07-21T22:02:25Z
2026-07-21,NY,8.62,86.2,2026-04,EIA retail-sales (sector IND),2026-07-21T22:02:25Z
2026-07-21,OH,9.95,99.5,2026-04,EIA retail-sales (sector IND),2026-07-21T22:02:25Z
2026-07-21,OK,5.86,58.6,2026-04,EIA retail-sales (sector IND),2026-07-21T22:02:25Z
2026-07-21,OR,8.07,80.7,2026-04,EIA retail-sales (sector IND),2026-07-21T22:02:25Z
2026-07-21,PA,9.82,98.2,2026-04,EIA retail-sales (sector IND),2026-07-21T22:02:25Z
2026-07-21,RI,20.75,207.5,2026-04,EIA retail-sales (sector IND),2026-07-21T22:02:25Z
2026-07-21,SC,7.45,74.5,2026-04,EIA retail-sales (sector IND),2026-07-21T22:02:25Z
2026-07-21,SD,9.15,91.5,2026-04,EIA retail-sales (sector IND),2026-07-21T22:02:25Z
2026-07-21,TN,6.95,69.5,2026-04,EIA retail-sales (sector IND),2026-07-21T22:02:25Z
2026-07-21,TX,6.33,63.3,2026-04,EIA retail-sales (sector IND),2026-07-21T22:02:25Z
2026-07-21,US,8.66,86.6,2026-04,EIA retail-sales (sector IND),2026-07-21T22:02:25Z
2026-07-21,UT,8.51,85.1,2026-04,EIA retail-sales (sector IND),2026-07-21T22:02:25Z
2026-07-21,VA,9.86,98.6,2026-04,EIA retail-sales (sector IND),2026-07-21T22:02:25Z
2026-07-21,VT,12.48,124.8,2026-04,EIA retail-sales (sector IND),2026-07-21T22:02:25Z
2026-07-21,WA,7.01,70.1,2026-04,EIA retail-sales (sector IND),2026-07-21T22:02:25Z
2026-07-21,WI,8.84,88.4,2026-04,EIA retail-sales (sector IND),2026-07-21T22:02:25Z
2026-07-21,WV,8.84,88.4,2026-04,EIA retail-sales (sector IND),2026-07-21T22:02:25Z
2026-07-21,WY,8.75,87.5,2026-04,EIA retail-sales (sector IND),2026-07-21T22:02:25Z
2026-07-22,AK,24.87,248.7,2026-04,EIA retail-sales (sector IND),2026-07-22T22:02:21Z
2026-07-22,AL,7.84,78.4,2026-04,EIA retail-sales (sector IND),2026-07-22T22:02:21Z
2026-07-22,AR,6.2,62.0,2026-04,EIA retail-sales (sector IND),2026-07-22T22:02:21Z
2026-07-22,AZ,7.23,72.3,2026-04,EIA retail-sales (sector IND),2026-07-22T22:02:21Z
2026-07-22,CA,19.87,198.7,2026-04,EIA retail-sales (sector IND),2026-07-22T22:02:21Z
2026-07-22,CO,9.4,94.0,2026-04,EIA retail-sales (sector IND),2026-07-22T22:02:21Z
2026-07-22,CT,17.93,179.3,2026-04,EIA retail-sales (sector IND),2026-07-22T22:02:21Z
2026-07-22,DC,22.39,223.9,2026-04,EIA retail-sales (sector IND),2026-07-22T22:02:21Z
2026-07-22,DE,9.74,97.4,2026-04,EIA retail-sales (sector IND),2026-07-22T22:02:21Z
2026-07-22,FL,9.23,92.3,2026-04,EIA retail-sales (sector IND),2026-07-22T22:02:21Z
2026-07-22,GA,6.84,68.4,2026-04,EIA retail-sales (sector IND),2026-07-22T22:02:21Z
2026-07-22,HI,38.29,382.9,2026-04,EIA retail-sales (sector IND),2026-07-22T22:02:21Z
2026-07-22,IA,6.26,62.6,2026-04,EIA retail-sales (sector IND),2026-07-22T22:02:21Z
2026-07-22,ID,7.27,72.7,2026-04,EIA retail-sales (sector IND),2026-07-22T22:02:21Z
2026-07-22,IL,9.74,97.4,2026-04,EIA retail-sales (sector IND),2026-07-22T22:02:21Z
2026-07-22,IN,8.86,88.6,2026-04,EIA retail-sales (sector IND),2026-07-22T22:02:21Z
2026-07-22,KS,8.21,82.1,2026-04,EIA retail-sales (sector IND),2026-07-22T22:02:21Z
2026-07-22,KY,7.3,73.0,2026-04,EIA retail-sales (sector IND),2026-07-22T22:02:21Z
2026-07-22,LA,7.16,71.6,2026-04,EIA retail-sales (sector IND),2026-07-22T22:02:21Z
2026-07-22,MA,18.55,185.5,2026-04,EIA retail-sales (sector IND),2026-07-22T22:02:21Z
2026-07-22,MD,14.34,143.4,2026-04,EIA retail-sales (sector IND),2026-07-22T22:02:21Z
2026-07-22,ME,14.87,148.7,2026-04,EIA retail-sales (sector IND),2026-07-22T22:02:21Z
2026-07-22,MI,8.95,89.5,2026-04,EIA retail-sales (sector IND),2026-07-22T22:02:21Z
2026-07-22,MN,9.86,98.6,2026-04,EIA retail-sales (sector IND),2026-07-22T22:02:21Z
2026-07-22,MO,8.28,82.8,2026-04,EIA retail-sales (sector IND),2026-07-22T22:02:21Z
2026-07-22,MS,7.46,74.6,2026-04,EIA retail-sales (sector IND),2026-07-22T22:02:21Z
2026-07-22,MT,5.99,59.9,2026-04,EIA retail-sales (sector IND),2026-07-22T22:02:21Z
2026-07-22,NC,7.73,77.3,2026-04,EIA retail-sales (sector IND),2026-07-22T22:02:21Z
2026-07-22,ND,8.21,82.1,2026-04,EIA retail-sales (sector IND),2026-07-22T22:02:21Z
2026-07-22,NE,8.46,84.6,2026-04,EIA retail-sales (sector IND),2026-07-22T22:02:21Z
2026-07-22,NH,17.14,171.4,2026-04,EIA retail-sales (sector IND),2026-07-22T22:02:21Z
2026-07-22,NJ,15.22,152.2,2026-04,EIA retail-sales (sector IND),2026-07-22T22:02:21Z
2026-07-22,NM,6.27,62.7,2026-04,EIA retail-sales (sector IND),2026-07-22T22:02:21Z
2026-07-22,NV,7.58,75.8,2026-04,EIA retail-sales (sector IND),2026-07-22T22:02:21Z
2026-07-22,NY,8.62,86.2,2026-04,EIA retail-sales (sector IND),2026-07-22T22:02:21Z
2026-07-22,OH,9.95,99.5,2026-04,EIA retail-sales (sector IND),2026-07-22T22:02:21Z
2026-07-22,OK,5.86,58.6,2026-04,EIA retail-sales (sector IND),2026-07-22T22:02:21Z
2026-07-22,OR,8.07,80.7,2026-04,EIA retail-sales (sector IND),2026-07-22T22:02:21Z
2026-07-22,PA,9.82,98.2,2026-04,EIA retail-sales (sector IND),2026-07-22T22:02:21Z
2026-07-22,RI,20.75,207.5,2026-04,EIA retail-sales (sector IND),2026-07-22T22:02:21Z
2026-07-22,SC,7.45,74.5,2026-04,EIA retail-sales (sector IND),2026-07-22T22:02:21Z
2026-07-22,SD,9.15,91.5,2026-04,EIA retail-sales (sector IND),2026-07-22T22:02:21Z
2026-07-22,TN,6.95,69.5,2026-04,EIA retail-sales (sector IND),2026-07-22T22:02:21Z
2026-07-22,TX,6.33,63.3,2026-04,EIA retail-sales (sector IND),2026-07-22T22:02:21Z
2026-07-22,US,8.66,86.6,2026-04,EIA retail-sales (sector IND),2026-07-22T22:02:21Z
2026-07-22,UT,8.51,85.1,2026-04,EIA retail-sales (sector IND),2026-07-22T22:02:21Z
2026-07-22,VA,9.86,98.6,2026-04,EIA retail-sales (sector IND),2026-07-22T22:02:21Z
2026-07-22,VT,12.48,124.8,2026-04,EIA retail-sales (sector IND),2026-07-22T22:02:21Z
2026-07-22,WA,7.01,70.1,2026-04,EIA retail-sales (sector IND),2026-07-22T22:02:21Z
2026-07-22,WI,8.84,88.4,2026-04,EIA retail-sales (sector IND),2026-07-22T22:02:21Z
2026-07-22,WV,8.84,88.4,2026-04,EIA retail-sales (sector IND),2026-07-22T22:02:21Z
2026-07-22,WY,8.75,87.5,2026-04,EIA retail-sales (sector IND),2026-07-22T22:02:21Z
2026-07-23,AK,31.36,313.6,2026-05,EIA retail-sales (sector IND),2026-07-23T22:02:35Z
2026-07-23,AL,7.89,78.9,2026-05,EIA retail-sales (sector IND),2026-07-23T22:02:35Z
2026-07-23,AR,6.69,66.9,2026-05,EIA retail-sales (sector IND),2026-07-23T22:02:35Z
2026-07-23,AZ,7.54,75.4,2026-05,EIA retail-sales (sector IND),2026-07-23T22:02:35Z
2026-07-23,CA,20.2,202.0,2026-05,EIA retail-sales (sector IND),2026-07-23T22:02:35Z
2026-07-23,CO,9.47,94.7,2026-05,EIA retail-sales (sector IND),2026-07-23T22:02:35Z
2026-07-23,CT,16.76,167.6,2026-05,EIA retail-sales (sector IND),2026-07-23T22:02:35Z
2026-07-23,DC,14.6,146.0,2026-05,EIA retail-sales (sector IND),2026-07-23T22:02:35Z
2026-07-23,DE,10.69,106.9,2026-05,EIA retail-sales (sector IND),2026-07-23T22:02:35Z
2026-07-23,FL,8.99,89.9,2026-05,EIA retail-sales (sector IND),2026-07-23T22:02:35Z
2026-07-23,GA,7.04,70.4,2026-05,EIA retail-sales (sector IND),2026-07-23T22:02:35Z
2026-07-23,HI,41.9,419.0,2026-05,EIA retail-sales (sector IND),2026-07-23T22:02:35Z
2026-07-23,IA,6.62,66.2,2026-05,EIA retail-sales (sector IND),2026-07-23T22:02:35Z
2026-07-23,ID,7.21,72.1,2026-05,EIA retail-sales (sector IND),2026-07-23T22:02:35Z
2026-07-23,IL,10.2,102.0,2026-05,EIA retail-sales (sector IND),2026-07-23T22:02:35Z
2026-07-23,IN,9.08,90.8,2026-05,EIA retail-sales (sector IND),2026-07-23T22:02:35Z
2026-07-23,KS,8.12,81.2,2026-05,EIA retail-sales (sector IND),2026-07-23T22:02:35Z
2026-07-23,KY,7.13,71.3,2026-05,EIA retail-sales (sector IND),2026-07-23T22:02:35Z
2026-07-23,LA,6.88,68.8,2026-05,EIA retail-sales (sector IND),2026-07-23T22:02:35Z
2026-07-23,MA,19.94,199.4,2026-05,EIA retail-sales (sector IND),2026-07-23T22:02:35Z
2026-07-23,MD,11.22,112.2,2026-05,EIA retail-sales (sector IND),2026-07-23T22:02:35Z
2026-07-23,ME,14.48,144.8,2026-05,EIA retail-sales (sector IND),2026-07-23T22:02:35Z
2026-07-23,MI,9.43,94.3,2026-05,EIA retail-sales (sector IND),2026-07-23T22:02:35Z
2026-07-23,MN,9.8,98.0,2026-05,EIA retail-sales (sector IND),2026-07-23T22:02:35Z
2026-07-23,MO,7.89,78.9,2026-05,EIA retail-sales (sector IND),2026-07-23T22:02:35Z
2026-07-23,MS,7.5,75.0,2026-05,EIA retail-sales (sector IND),2026-07-23T22:02:35Z
2026-07-23,MT,6.97,69.7,2026-05,EIA retail-sales (sector IND),2026-07-23T22:02:35Z
2026-07-23,NC,7.78,77.8,2026-05,EIA retail-sales (sector IND),2026-07-23T22:02:35Z
2026-07-23,ND,8.27,82.7,2026-05,EIA retail-sales (sector IND),2026-07-23T22:02:35Z
2026-07-23,NE,9.25,92.5,2026-05,EIA retail-sales (sector IND),2026-07-23T22:02:35Z
2026-07-23,NH,17.04,170.4,2026-05,EIA retail-sales (sector IND),2026-07-23T22:02:35Z
2026-07-23,NJ,14.57,145.7,2026-05,EIA retail-sales (sector IND),2026-07-23T22:02:35Z
2026-07-23,NM,4.45,44.5,2026-05,EIA retail-sales (sector IND),2026-07-23T22:02:35Z
2026-07-23,NV,7.61,76.1,2026-05,EIA retail-sales (sector IND),2026-07-23T22:02:35Z
2026-07-23,NY,9.55,95.5,2026-05,EIA retail-sales (sector IND),2026-07-23T22:02:35Z
2026-07-23,OH,9.87,98.7,2026-05,EIA retail-sales (sector IND),2026-07-23T22:02:35Z
2026-07-23,OK,6.17,61.7,2026-05,EIA retail-sales (sector IND),2026-07-23T22:02:35Z
2026-07-23,OR,8.55,85.5,2026-05,EIA retail-sales (sector IND),2026-07-23T22:02:35Z
2026-07-23,PA,10.31,103.1,2026-05,EIA retail-sales (sector IND),2026-07-23T22:02:35Z
2026-07-23,RI,22.18,221.8,2026-05,EIA retail-sales (sector IND),2026-07-23T22:02:35Z
2026-07-23,SC,7.23,72.3,2026-05,EIA retail-sales (sector IND),2026-07-23T22:02:35Z
2026-07-23,SD,9.78,97.8,2026-05,EIA retail-sales (sector IND),2026-07-23T22:02:35Z
2026-07-23,TN,6.45,64.5,2026-05,EIA retail-sales (sector IND),2026-07-23T22:02:35Z
2026-07-23,TX,6.33,63.3,2026-05,EIA retail-sales (sector IND),2026-07-23T22:02:35Z
2026-07-23,US,8.71,87.1,2026-05,EIA retail-sales (sector IND),2026-07-23T22:02:35Z
2026-07-23,UT,8.1,81.0,2026-05,EIA retail-sales (sector IND),2026-07-23T22:02:35Z
2026-07-23,VA,10.53,105.3,2026-05,EIA retail-sales (sector IND),2026-07-23T22:02:35Z
2026-07-23,VT,12.59,125.9,2026-05,EIA retail-sales (sector IND),2026-07-23T22:02:35Z
2026-07-23,WA,7.24,72.4,2026-05,EIA retail-sales (sector IND),2026-07-23T22:02:35Z
2026-07-23,WI,9.0,90.0,2026-05,EIA retail-sales (sector IND),2026-07-23T22:02:35Z
2026-07-23,WV,9.48,94.8,2026-05,EIA retail-sales (sector IND),2026-07-23T22:02:35Z
2026-07-23,WY,9.12,91.2,2026-05,EIA retail-sales (sector IND),2026-07-23T22:02:35Z
2026-07-24,AK,31.36,313.6,2026-05,EIA retail-sales (sector IND),2026-07-24T22:02:57Z
2026-07-24,AL,7.89,78.9,2026-05,EIA retail-sales (sector IND),2026-07-24T22:02:57Z
2026-07-24,AR,6.69,66.9,2026-05,EIA retail-sales (sector IND),2026-07-24T22:02:57Z
2026-07-24,AZ,7.54,75.4,2026-05,EIA retail-sales (sector IND),2026-07-24T22:02:57Z
2026-07-24,CA,20.2,202.0,2026-05,EIA retail-sales (sector IND),2026-07-24T22:02:57Z
2026-07-24,CO,9.47,94.7,2026-05,EIA retail-sales (sector IND),2026-07-24T22:02:57Z
2026-07-24,CT,16.76,167.6,2026-05,EIA retail-sales (sector IND),2026-07-24T22:02:57Z
2026-07-24,DC,14.6,146.0,2026-05,EIA retail-sales (sector IND),2026-07-24T22:02:57Z
2026-07-24,DE,10.69,106.9,2026-05,EIA retail-sales (sector IND),2026-07-24T22:02:57Z
2026-07-24,FL,8.99,89.9,2026-05,EIA retail-sales (sector IND),2026-07-24T22:02:57Z
2026-07-24,GA,7.04,70.4,2026-05,EIA retail-sales (sector IND),2026-07-24T22:02:57Z
2026-07-24,HI,41.9,419.0,2026-05,EIA retail-sales (sector IND),2026-07-24T22:02:57Z
2026-07-24,IA,6.62,66.2,2026-05,EIA retail-sales (sector IND),2026-07-24T22:02:57Z
2026-07-24,ID,7.21,72.1,2026-05,EIA retail-sales (sector IND),2026-07-24T22:02:57Z
2026-07-24,IL,10.2,102.0,2026-05,EIA retail-sales (sector IND),2026-07-24T22:02:57Z
2026-07-24,IN,9.08,90.8,2026-05,EIA retail-sales (sector IND),2026-07-24T22:02:57Z
2026-07-24,KS,8.12,81.2,2026-05,EIA retail-sales (sector IND),2026-07-24T22:02:57Z
2026-07-24,KY,7.13,71.3,2026-05,EIA retail-sales (sector IND),2026-07-24T22:02:57Z
2026-07-24,LA,6.88,68.8,2026-05,EIA retail-sales (sector IND),2026-07-24T22:02:57Z
2026-07-24,MA,19.94,199.4,2026-05,EIA retail-sales (sector IND),2026-07-24T22:02:57Z
2026-07-24,MD,11.22,112.2,2026-05,EIA retail-sales (sector IND),2026-07-24T22:02:57Z
2026-07-24,ME,14.48,144.8,2026-05,EIA retail-sales (sector IND),2026-07-24T22:02:57Z
2026-07-24,MI,9.43,94.3,2026-05,EIA retail-sales (sector IND),2026-07-24T22:02:57Z
2026-07-24,MN,9.8,98.0,2026-05,EIA retail-sales (sector IND),2026-07-24T22:02:57Z
2026-07-24,MO,7.89,78.9,2026-05,EIA retail-sales (sector IND),2026-07-24T22:02:57Z
2026-07-24,MS,7.5,75.0,2026-05,EIA retail-sales (sector IND),2026-07-24T22:02:57Z
2026-07-24,MT,6.97,69.7,2026-05,EIA retail-sales (sector IND),2026-07-24T22:02:57Z
2026-07-24,NC,7.78,77.8,2026-05,EIA retail-sales (sector IND),2026-07-24T22:02:57Z
2026-07-24,ND,8.27,82.7,2026-05,EIA retail-sales (sector IND),2026-07-24T22:02:57Z
2026-07-24,NE,9.25,92.5,2026-05,EIA retail-sales (sector IND),2026-07-24T22:02:57Z
2026-07-24,NH,17.04,170.4,2026-05,EIA retail-sales (sector IND),2026-07-24T22:02:57Z
2026-07-24,NJ,14.57,145.7,2026-05,EIA retail-sales (sector IND),2026-07-24T22:02:57Z
2026-07-24,NM,4.45,44.5,2026-05,EIA retail-sales (sector IND),2026-07-24T22:02:57Z
2026-07-24,NV,7.61,76.1,2026-05,EIA retail-sales (sector IND),2026-07-24T22:02:57Z
2026-07-24,NY,9.55,95.5,2026-05,EIA retail-sales (sector IND),2026-07-24T22:02:57Z
2026-07-24,OH,9.87,98.7,2026-05,EIA retail-sales (sector IND),2026-07-24T22:02:57Z
2026-07-24,OK,6.17,61.7,2026-05,EIA retail-sales (sector IND),2026-07-24T22:02:57Z
2026-07-24,OR,8.55,85.5,2026-05,EIA retail-sales (sector IND),2026-07-24T22:02:57Z
2026-07-24,PA,10.31,103.1,2026-05,EIA retail-sales (sector IND),2026-07-24T22:02:57Z
2026-07-24,RI,22.18,221.8,2026-05,EIA retail-sales (sector IND),2026-07-24T22:02:57Z
2026-07-24,SC,7.23,72.3,2026-05,EIA retail-sales (sector IND),2026-07-24T22:02:57Z
2026-07-24,SD,9.78,97.8,2026-05,EIA retail-sales (sector IND),2026-07-24T22:02:57Z
2026-07-24,TN,6.45,64.5,2026-05,EIA retail-sales (sector IND),2026-07-24T22:02:57Z
2026-07-24,TX,6.33,63.3,2026-05,EIA retail-sales (sector IND),2026-07-24T22:02:57Z
2026-07-24,US,8.71,87.1,2026-05,EIA retail-sales (sector IND),2026-07-24T22:02:57Z
2026-07-24,UT,8.1,81.0,2026-05,EIA retail-sales (sector IND),2026-07-24T22:02:57Z
2026-07-24,VA,10.53,105.3,2026-05,EIA retail-sales (sector IND),2026-07-24T22:02:57Z
2026-07-24,VT,12.59,125.9,2026-05,EIA retail-sales (sector IND),2026-07-24T22:02:57Z
2026-07-24,WA,7.24,72.4,2026-05,EIA retail-sales (sector IND),2026-07-24T22:02:57Z
2026-07-24,WI,9.0,90.0,2026-05,EIA retail-sales (sector IND),2026-07-24T22:02:57Z
2026-07-24,WV,9.48,94.8,2026-05,EIA retail-sales (sector IND),2026-07-24T22:02:57Z
2026-07-24,WY,9.12,91.2,2026-05,EIA retail-sales (sector IND),2026-07-24T22:02:57Z
2026-07-25,AK,31.36,313.6,2026-05,EIA retail-sales (sector IND),2026-07-25T21:53:22Z
2026-07-25,AL,7.89,78.9,2026-05,EIA retail-sales (sector IND),2026-07-25T21:53:22Z
2026-07-25,AR,6.69,66.9,2026-05,EIA retail-sales (sector IND),2026-07-25T21:53:22Z
2026-07-25,AZ,7.54,75.4,2026-05,EIA retail-sales (sector IND),2026-07-25T21:53:22Z
2026-07-25,CA,20.2,202.0,2026-05,EIA retail-sales (sector IND),2026-07-25T21:53:22Z
2026-07-25,CO,9.47,94.7,2026-05,EIA retail-sales (sector IND),2026-07-25T21:53:22Z
2026-07-25,CT,16.76,167.6,2026-05,EIA retail-sales (sector IND),2026-07-25T21:53:22Z
2026-07-25,DC,14.6,146.0,2026-05,EIA retail-sales (sector IND),2026-07-25T21:53:22Z
2026-07-25,DE,10.69,106.9,2026-05,EIA retail-sales (sector IND),2026-07-25T21:53:22Z
2026-07-25,FL,8.99,89.9,2026-05,EIA retail-sales (sector IND),2026-07-25T21:53:22Z
2026-07-25,GA,7.04,70.4,2026-05,EIA retail-sales (sector IND),2026-07-25T21:53:22Z
2026-07-25,HI,41.9,419.0,2026-05,EIA retail-sales (sector IND),2026-07-25T21:53:22Z
2026-07-25,IA,6.62,66.2,2026-05,EIA retail-sales (sector IND),2026-07-25T21:53:22Z
2026-07-25,ID,7.21,72.1,2026-05,EIA retail-sales (sector IND),2026-07-25T21:53:22Z
2026-07-25,IL,10.2,102.0,2026-05,EIA retail-sales (sector IND),2026-07-25T21:53:22Z
2026-07-25,IN,9.08,90.8,2026-05,EIA retail-sales (sector IND),2026-07-25T21:53:22Z
2026-07-25,KS,8.12,81.2,2026-05,EIA retail-sales (sector IND),2026-07-25T21:53:22Z
2026-07-25,KY,7.13,71.3,2026-05,EIA retail-sales (sector IND),2026-07-25T21:53:22Z
2026-07-25,LA,6.88,68.8,2026-05,EIA retail-sales (sector IND),2026-07-25T21:53:22Z
2026-07-25,MA,19.94,199.4,2026-05,EIA retail-sales (sector IND),2026-07-25T21:53:22Z
2026-07-25,MD,11.22,112.2,2026-05,EIA retail-sales (sector IND),2026-07-25T21:53:22Z
2026-07-25,ME,14.48,144.8,2026-05,EIA retail-sales (sector IND),2026-07-25T21:53:22Z
2026-07-25,MI,9.43,94.3,2026-05,EIA retail-sales (sector IND),2026-07-25T21:53:22Z
2026-07-25,MN,9.8,98.0,2026-05,EIA retail-sales (sector IND),2026-07-25T21:53:22Z
2026-07-25,MO,7.89,78.9,2026-05,EIA retail-sales (sector IND),2026-07-25T21:53:22Z
2026-07-25,MS,7.5,75.0,2026-05,EIA retail-sales (sector IND),2026-07-25T21:53:22Z
2026-07-25,MT,6.97,69.7,2026-05,EIA retail-sales (sector IND),2026-07-25T21:53:22Z
2026-07-25,NC,7.78,77.8,2026-05,EIA retail-sales (sector IND),2026-07-25T21:53:22Z
2026-07-25,ND,8.27,82.7,2026-05,EIA retail-sales (sector IND),2026-07-25T21:53:22Z
2026-07-25,NE,9.25,92.5,2026-05,EIA retail-sales (sector IND),2026-07-25T21:53:22Z
2026-07-25,NH,17.04,170.4,2026-05,EIA retail-sales (sector IND),2026-07-25T21:53:22Z
2026-07-25,NJ,14.57,145.7,2026-05,EIA retail-sales (sector IND),2026-07-25T21:53:22Z
2026-07-25,NM,4.45,44.5,2026-05,EIA retail-sales (sector IND),2026-07-25T21:53:22Z
2026-07-25,NV,7.61,76.1,2026-05,EIA retail-sales (sector IND),2026-07-25T21:53:22Z
2026-07-25,NY,9.55,95.5,2026-05,EIA retail-sales (sector IND),2026-07-25T21:53:22Z
2026-07-25,OH,9.87,98.7,2026-05,EIA retail-sales (sector IND),2026-07-25T21:53:22Z
2026-07-25,OK,6.17,61.7,2026-05,EIA retail-sales (sector IND),2026-07-25T21:53:22Z
2026-07-25,OR,8.55,85.5,2026-05,EIA retail-sales (sector IND),2026-07-25T21:53:22Z
2026-07-25,PA,10.31,103.1,2026-05,EIA retail-sales (sector IND),2026-07-25T21:53:22Z
2026-07-25,RI,22.18,221.8,2026-05,EIA retail-sales (sector IND),2026-07-25T21:53:22Z
2026-07-25,SC,7.23,72.3,2026-05,EIA retail-sales (sector IND),2026-07-25T21:53:22Z
2026-07-25,SD,9.78,97.8,2026-05,EIA retail-sales (sector IND),2026-07-25T21:53:22Z
2026-07-25,TN,6.45,64.5,2026-05,EIA retail-sales (sector IND),2026-07-25T21:53:22Z
2026-07-25,TX,6.33,63.3,2026-05,EIA retail-sales (sector IND),2026-07-25T21:53:22Z
2026-07-25,US,8.71,87.1,2026-05,EIA retail-sales (sector IND),2026-07-25T21:53:22Z
2026-07-25,UT,8.1,81.0,2026-05,EIA retail-sales (sector IND),2026-07-25T21:53:22Z
2026-07-25,VA,10.53,105.3,2026-05,EIA retail-sales (sector IND),2026-07-25T21:53:22Z
2026-07-25,VT,12.59,125.9,2026-05,EIA retail-sales (sector IND),2026-07-25T21:53:22Z
2026-07-25,WA,7.24,72.4,2026-05,EIA retail-sales (sector IND),2026-07-25T21:53:22Z
2026-07-25,WI,9.0,90.0,2026-05,EIA retail-sales (sector IND),2026-07-25T21:53:22Z
2026-07-25,WV,9.48,94.8,2026-05,EIA retail-sales (sector IND),2026-07-25T21:53:22Z
2026-07-25,WY,9.12,91.2,2026-05,EIA retail-sales (sector IND),2026-07-25T21:53:22Z
2026-07-26,AK,31.36,313.6,2026-05,EIA retail-sales (sector IND),2026-07-26T21:57:07Z
2026-07-26,AL,7.89,78.9,2026-05,EIA retail-sales (sector IND),2026-07-26T21:57:07Z
2026-07-26,AR,6.69,66.9,2026-05,EIA retail-sales (sector IND),2026-07-26T21:57:07Z
2026-07-26,AZ,7.54,75.4,2026-05,EIA retail-sales (sector IND),2026-07-26T21:57:07Z
2026-07-26,CA,20.2,202.0,2026-05,EIA retail-sales (sector IND),2026-07-26T21:57:07Z
2026-07-26,CO,9.47,94.7,2026-05,EIA retail-sales (sector IND),2026-07-26T21:57:07Z
2026-07-26,CT,16.76,167.6,2026-05,EIA retail-sales (sector IND),2026-07-26T21:57:07Z
2026-07-26,DC,14.6,146.0,2026-05,EIA retail-sales (sector IND),2026-07-26T21:57:07Z
2026-07-26,DE,10.69,106.9,2026-05,EIA retail-sales (sector IND),2026-07-26T21:57:07Z
2026-07-26,FL,8.99,89.9,2026-05,EIA retail-sales (sector IND),2026-07-26T21:57:07Z
2026-07-26,GA,7.04,70.4,2026-05,EIA retail-sales (sector IND),2026-07-26T21:57:07Z
2026-07-26,HI,41.9,419.0,2026-05,EIA retail-sales (sector IND),2026-07-26T21:57:07Z
2026-07-26,IA,6.62,66.2,2026-05,EIA retail-sales (sector IND),2026-07-26T21:57:07Z
2026-07-26,ID,7.21,72.1,2026-05,EIA retail-sales (sector IND),2026-07-26T21:57:07Z
2026-07-26,IL,10.2,102.0,2026-05,EIA retail-sales (sector IND),2026-07-26T21:57:07Z
2026-07-26,IN,9.08,90.8,2026-05,EIA retail-sales (sector IND),2026-07-26T21:57:07Z
2026-07-26,KS,8.12,81.2,2026-05,EIA retail-sales (sector IND),2026-07-26T21:57:07Z
2026-07-26,KY,7.13,71.3,2026-05,EIA retail-sales (sector IND),2026-07-26T21:57:07Z
2026-07-26,LA,6.88,68.8,2026-05,EIA retail-sales (sector IND),2026-07-26T21:57:07Z
2026-07-26,MA,19.94,199.4,2026-05,EIA retail-sales (sector IND),2026-07-26T21:57:07Z
2026-07-26,MD,11.22,112.2,2026-05,EIA retail-sales (sector IND),2026-07-26T21:57:07Z
2026-07-26,ME,14.48,144.8,2026-05,EIA retail-sales (sector IND),2026-07-26T21:57:07Z
2026-07-26,MI,9.43,94.3,2026-05,EIA retail-sales (sector IND),2026-07-26T21:57:07Z
2026-07-26,MN,9.8,98.0,2026-05,EIA retail-sales (sector IND),2026-07-26T21:57:07Z
2026-07-26,MO,7.89,78.9,2026-05,EIA retail-sales (sector IND),2026-07-26T21:57:07Z
2026-07-26,MS,7.5,75.0,2026-05,EIA retail-sales (sector IND),2026-07-26T21:57:07Z
2026-07-26,MT,6.97,69.7,2026-05,EIA retail-sales (sector IND),2026-07-26T21:57:07Z
2026-07-26,NC,7.78,77.8,2026-05,EIA retail-sales (sector IND),2026-07-26T21:57:07Z
2026-07-26,ND,8.27,82.7,2026-05,EIA retail-sales (sector IND),2026-07-26T21:57:07Z
2026-07-26,NE,9.25,92.5,2026-05,EIA retail-sales (sector IND),2026-07-26T21:57:07Z
2026-07-26,NH,17.04,170.4,2026-05,EIA retail-sales (sector IND),2026-07-26T21:57:07Z
2026-07-26,NJ,14.57,145.7,2026-05,EIA retail-sales (sector IND),2026-07-26T21:57:07Z
2026-07-26,NM,4.45,44.5,2026-05,EIA retail-sales (sector IND),2026-07-26T21:57:07Z
2026-07-26,NV,7.61,76.1,2026-05,EIA retail-sales (sector IND),2026-07-26T21:57:07Z
2026-07-26,NY,9.55,95.5,2026-05,EIA retail-sales (sector IND),2026-07-26T21:57:07Z
2026-07-26,OH,9.87,98.7,2026-05,EIA retail-sales (sector IND),2026-07-26T21:57:07Z
2026-07-26,OK,6.17,61.7,2026-05,EIA retail-sales (sector IND),2026-07-26T21:57:07Z
2026-07-26,OR,8.55,85.5,2026-05,EIA retail-sales (sector IND),2026-07-26T21:57:07Z
2026-07-26,PA,10.31,103.1,2026-05,EIA retail-sales (sector IND),2026-07-26T21:57:07Z
2026-07-26,RI,22.18,221.8,2026-05,EIA retail-sales (sector IND),2026-07-26T21:57:07Z
2026-07-26,SC,7.23,72.3,2026-05,EIA retail-sales (sector IND),2026-07-26T21:57:07Z
2026-07-26,SD,9.78,97.8,2026-05,EIA retail-sales (sector IND),2026-07-26T21:57:07Z
2026-07-26,TN,6.45,64.5,2026-05,EIA retail-sales (sector IND),2026-07-26T21:57:07Z
2026-07-26,TX,6.33,63.3,2026-05,EIA retail-sales (sector IND),2026-07-26T21:57:07Z
2026-07-26,US,8.71,87.1,2026-05,EIA retail-sales (sector IND),2026-07-26T21:57:07Z
2026-07-26,UT,8.1,81.0,2026-05,EIA retail-sales (sector IND),2026-07-26T21:57:07Z
2026-07-26,VA,10.53,105.3,2026-05,EIA retail-sales (sector IND),2026-07-26T21:57:07Z
2026-07-26,VT,12.59,125.9,2026-05,EIA retail-sales (sector IND),2026-07-26T21:57:07Z
2026-07-26,WA,7.24,72.4,2026-05,EIA retail-sales (sector IND),2026-07-26T21:57:07Z
2026-07-26,WI,9.0,90.0,2026-05,EIA retail-sales (sector IND),2026-07-26T21:57:07Z
2026-07-26,WV,9.48,94.8,2026-05,EIA retail-sales (sector IND),2026-07-26T21:57:07Z
2026-07-26,WY,9.12,91.2,2026-05,EIA retail-sales (sector IND),2026-07-26T21:57:07Z
2026-07-27,AK,31.36,313.6,2026-05,EIA retail-sales (sector IND),2026-07-27T22:04:24Z
2026-07-27,AL,7.89,78.9,2026-05,EIA retail-sales (sector IND),2026-07-27T22:04:24Z
2026-07-27,AR,6.69,66.9,2026-05,EIA retail-sales (sector IND),2026-07-27T22:04:24Z
2026-07-27,AZ,7.54,75.4,2026-05,EIA retail-sales (sector IND),2026-07-27T22:04:24Z
2026-07-27,CA,20.2,202.0,2026-05,EIA retail-sales (sector IND),2026-07-27T22:04:24Z
2026-07-27,CO,9.47,94.7,2026-05,EIA retail-sales (sector IND),2026-07-27T22:04:24Z
2026-07-27,CT,16.76,167.6,2026-05,EIA retail-sales (sector IND),2026-07-27T22:04:24Z
2026-07-27,DC,14.6,146.0,2026-05,EIA retail-sales (sector IND),2026-07-27T22:04:24Z
2026-07-27,DE,10.69,106.9,2026-05,EIA retail-sales (sector IND),2026-07-27T22:04:24Z
2026-07-27,FL,8.99,89.9,2026-05,EIA retail-sales (sector IND),2026-07-27T22:04:24Z
2026-07-27,GA,7.04,70.4,2026-05,EIA retail-sales (sector IND),2026-07-27T22:04:24Z
2026-07-27,HI,41.9,419.0,2026-05,EIA retail-sales (sector IND),2026-07-27T22:04:24Z
2026-07-27,IA,6.62,66.2,2026-05,EIA retail-sales (sector IND),2026-07-27T22:04:24Z
2026-07-27,ID,7.21,72.1,2026-05,EIA retail-sales (sector IND),2026-07-27T22:04:24Z
2026-07-27,IL,10.2,102.0,2026-05,EIA retail-sales (sector IND),2026-07-27T22:04:24Z
2026-07-27,IN,9.08,90.8,2026-05,EIA retail-sales (sector IND),2026-07-27T22:04:24Z
2026-07-27,KS,8.12,81.2,2026-05,EIA retail-sales (sector IND),2026-07-27T22:04:24Z
2026-07-27,KY,7.13,71.3,2026-05,EIA retail-sales (sector IND),2026-07-27T22:04:24Z
2026-07-27,LA,6.88,68.8,2026-05,EIA retail-sales (sector IND),2026-07-27T22:04:24Z
2026-07-27,MA,19.94,199.4,2026-05,EIA retail-sales (sector IND),2026-07-27T22:04:24Z
2026-07-27,MD,11.22,112.2,2026-05,EIA retail-sales (sector IND),2026-07-27T22:04:24Z
2026-07-27,ME,14.48,144.8,2026-05,EIA retail-sales (sector IND),2026-07-27T22:04:24Z
2026-07-27,MI,9.43,94.3,2026-05,EIA retail-sales (sector IND),2026-07-27T22:04:24Z
2026-07-27,MN,9.8,98.0,2026-05,EIA retail-sales (sector IND),2026-07-27T22:04:24Z
2026-07-27,MO,7.89,78.9,2026-05,EIA retail-sales (sector IND),2026-07-27T22:04:24Z
2026-07-27,MS,7.5,75.0,2026-05,EIA retail-sales (sector IND),2026-07-27T22:04:24Z
2026-07-27,MT,6.97,69.7,2026-05,EIA retail-sales (sector IND),2026-07-27T22:04:24Z
2026-07-27,NC,7.78,77.8,2026-05,EIA retail-sales (sector IND),2026-07-27T22:04:24Z
2026-07-27,ND,8.27,82.7,2026-05,EIA retail-sales (sector IND),2026-07-27T22:04:24Z
2026-07-27,NE,9.25,92.5,2026-05,EIA retail-sales (sector IND),2026-07-27T22:04:24Z
2026-07-27,NH,17.04,170.4,2026-05,EIA retail-sales (sector IND),2026-07-27T22:04:24Z
2026-07-27,NJ,14.57,145.7,2026-05,EIA retail-sales (sector IND),2026-07-27T22:04:24Z
2026-07-27,NM,4.45,44.5,2026-05,EIA retail-sales (sector IND),2026-07-27T22:04:24Z
2026-07-27,NV,7.61,76.1,2026-05,EIA retail-sales (sector IND),2026-07-27T22:04:24Z
2026-07-27,NY,9.55,95.5,2026-05,EIA retail-sales (sector IND),2026-07-27T22:04:24Z
2026-07-27,OH,9.87,98.7,2026-05,EIA retail-sales (sector IND),2026-07-27T22:04:24Z
2026-07-27,OK,6.17,61.7,2026-05,EIA retail-sales (sector IND),2026-07-27T22:04:24Z
2026-07-27,OR,8.55,85.5,2026-05,EIA retail-sales (sector IND),2026-07-27T22:04:24Z
2026-07-27,PA,10.31,103.1,2026-05,EIA retail-sales (sector IND),2026-07-27T22:04:24Z
2026-07-27,RI,22.18,221.8,2026-05,EIA retail-sales (sector IND),2026-07-27T22:04:24Z
2026-07-27,SC,7.23,72.3,2026-05,EIA retail-sales (sector IND),2026-07-27T22:04:24Z
2026-07-27,SD,9.78,97.8,2026-05,EIA retail-sales (sector IND),2026-07-27T22:04:24Z
2026-07-27,TN,6.45,64.5,2026-05,EIA retail-sales (sector IND),2026-07-27T22:04:24Z
2026-07-27,TX,6.33,63.3,2026-05,EIA retail-sales (sector IND),2026-07-27T22:04:24Z
2026-07-27,US,8.71,87.1,2026-05,EIA retail-sales (sector IND),2026-07-27T22:04:24Z
2026-07-27,UT,8.1,81.0,2026-05,EIA retail-sales (sector IND),2026-07-27T22:04:24Z
2026-07-27,VA,10.53,105.3,2026-05,EIA retail-sales (sector IND),2026-07-27T22:04:24Z
2026-07-27,VT,12.59,125.9,2026-05,EIA retail-sales (sector IND),2026-07-27T22:04:24Z
2026-07-27,WA,7.24,72.4,2026-05,EIA retail-sales (sector IND),2026-07-27T22:04:24Z
2026-07-27,WI,9.0,90.0,2026-05,EIA retail-sales (sector IND),2026-07-27T22:04:24Z
2026-07-27,WV,9.48,94.8,2026-05,EIA retail-sales (sector IND),2026-07-27T22:04:24Z
2026-07-27,WY,9.12,91.2,2026-05,EIA retail-sales (sector IND),2026-07-27T22:04:24Z
2026-07-28,AK,31.36,313.6,2026-05,EIA retail-sales (sector IND),2026-07-28T22:01:53Z
2026-07-28,AL,7.89,78.9,2026-05,EIA retail-sales (sector IND),2026-07-28T22:01:53Z
2026-07-28,AR,6.69,66.9,2026-05,EIA retail-sales (sector IND),2026-07-28T22:01:53Z
2026-07-28,AZ,7.54,75.4,2026-05,EIA retail-sales (sector IND),2026-07-28T22:01:53Z
2026-07-28,CA,20.2,202.0,2026-05,EIA retail-sales (sector IND),2026-07-28T22:01:53Z
2026-07-28,CO,9.47,94.7,2026-05,EIA retail-sales (sector IND),2026-07-28T22:01:53Z
2026-07-28,CT,16.76,167.6,2026-05,EIA retail-sales (sector IND),2026-07-28T22:01:53Z
2026-07-28,DC,14.6,146.0,2026-05,EIA retail-sales (sector IND),2026-07-28T22:01:53Z
2026-07-28,DE,10.69,106.9,2026-05,EIA retail-sales (sector IND),2026-07-28T22:01:53Z
2026-07-28,FL,8.99,89.9,2026-05,EIA retail-sales (sector IND),2026-07-28T22:01:53Z
2026-07-28,GA,7.04,70.4,2026-05,EIA retail-sales (sector IND),2026-07-28T22:01:53Z
2026-07-28,HI,41.9,419.0,2026-05,EIA retail-sales (sector IND),2026-07-28T22:01:53Z
2026-07-28,IA,6.62,66.2,2026-05,EIA retail-sales (sector IND),2026-07-28T22:01:53Z
2026-07-28,ID,7.21,72.1,2026-05,EIA retail-sales (sector IND),2026-07-28T22:01:53Z
2026-07-28,IL,10.2,102.0,2026-05,EIA retail-sales (sector IND),2026-07-28T22:01:53Z
2026-07-28,IN,9.08,90.8,2026-05,EIA retail-sales (sector IND),2026-07-28T22:01:53Z
2026-07-28,KS,8.12,81.2,2026-05,EIA retail-sales (sector IND),2026-07-28T22:01:53Z
2026-07-28,KY,7.13,71.3,2026-05,EIA retail-sales (sector IND),2026-07-28T22:01:53Z
2026-07-28,LA,6.88,68.8,2026-05,EIA retail-sales (sector IND),2026-07-28T22:01:53Z
2026-07-28,MA,19.94,199.4,2026-05,EIA retail-sales (sector IND),2026-07-28T22:01:53Z
2026-07-28,MD,11.22,112.2,2026-05,EIA retail-sales (sector IND),2026-07-28T22:01:53Z
2026-07-28,ME,14.48,144.8,2026-05,EIA retail-sales (sector IND),2026-07-28T22:01:53Z
2026-07-28,MI,9.43,94.3,2026-05,EIA retail-sales (sector IND),2026-07-28T22:01:53Z
2026-07-28,MN,9.8,98.0,2026-05,EIA retail-sales (sector IND),2026-07-28T22:01:53Z
2026-07-28,MO,7.89,78.9,2026-05,EIA retail-sales (sector IND),2026-07-28T22:01:53Z
2026-07-28,MS,7.5,75.0,2026-05,EIA retail-sales (sector IND),2026-07-28T22:01:53Z
2026-07-28,MT,6.97,69.7,2026-05,EIA retail-sales (sector IND),2026-07-28T22:01:53Z
2026-07-28,NC,7.78,77.8,2026-05,EIA retail-sales (sector IND),2026-07-28T22:01:53Z
2026-07-28,ND,8.27,82.7,2026-05,EIA retail-sales (sector IND),2026-07-28T22:01:53Z
2026-07-28,NE,9.25,92.5,2026-05,EIA retail-sales (sector IND),2026-07-28T22:01:53Z
2026-07-28,NH,17.04,170.4,2026-05,EIA retail-sales (sector IND),2026-07-28T22:01:53Z
2026-07-28,NJ,14.57,145.7,2026-05,EIA retail-sales (sector IND),2026-07-28T22:01:53Z
2026-07-28,NM,4.45,44.5,2026-05,EIA retail-sales (sector IND),2026-07-28T22:01:53Z
2026-07-28,NV,7.61,76.1,2026-05,EIA retail-sales (sector IND),2026-07-28T22:01:53Z
2026-07-28,NY,9.55,95.5,2026-05,EIA retail-sales (sector IND),2026-07-28T22:01:53Z
2026-07-28,OH,9.87,98.7,2026-05,EIA retail-sales (sector IND),2026-07-28T22:01:53Z
2026-07-28,OK,6.17,61.7,2026-05,EIA retail-sales (sector IND),2026-07-28T22:01:53Z
2026-07-28,OR,8.55,85.5,2026-05,EIA retail-sales (sector IND),2026-07-28T22:01:53Z
2026-07-28,PA,10.31,103.1,2026-05,EIA retail-sales (sector IND),2026-07-28T22:01:53Z
2026-07-28,RI,22.18,221.8,2026-05,EIA retail-sales (sector IND),2026-07-28T22:01:53Z
2026-07-28,SC,7.23,72.3,2026-05,EIA retail-sales (sector IND),2026-07-28T22:01:53Z
2026-07-28,SD,9.78,97.8,2026-05,EIA retail-sales (sector IND),2026-07-28T22:01:53Z
2026-07-28,TN,6.45,64.5,2026-05,EIA retail-sales (sector IND),2026-07-28T22:01:53Z
2026-07-28,TX,6.33,63.3,2026-05,EIA retail-sales (sector IND),2026-07-28T22:01:53Z
2026-07-28,US,8.71,87.1,2026-05,EIA retail-sales (sector IND),2026-07-28T22:01:53Z
2026-07-28,UT,8.1,81.0,2026-05,EIA retail-sales (sector IND),2026-07-28T22:01:53Z
2026-07-28,VA,10.53,105.3,2026-05,EIA retail-sales (sector IND),2026-07-28T22:01:53Z
2026-07-28,VT,12.59,125.9,2026-05,EIA retail-sales (sector IND),2026-07-28T22:01:53Z
2026-07-28,WA,7.24,72.4,2026-05,EIA retail-sales (sector IND),2026-07-28T22:01:53Z
2026-07-28,WI,9.0,90.0,2026-05,EIA retail-sales (sector IND),2026-07-28T22:01:53Z
2026-07-28,WV,9.48,94.8,2026-05,EIA retail-sales (sector IND),2026-07-28T22:01:53Z
2026-07-28,WY,9.12,91.2,2026-05,EIA retail-sales (sector IND),2026-07-28T22:01:53Z
2026-07-29,AK,31.36,313.6,2026-05,EIA retail-sales (sector IND),2026-07-29T21:58:08Z
2026-07-29,AL,7.89,78.9,2026-05,EIA retail-sales (sector IND),2026-07-29T21:58:08Z
2026-07-29,AR,6.69,66.9,2026-05,EIA retail-sales (sector IND),2026-07-29T21:58:08Z
2026-07-29,AZ,7.54,75.4,2026-05,EIA retail-sales (sector IND),2026-07-29T21:58:08Z
2026-07-29,CA,20.2,202.0,2026-05,EIA retail-sales (sector IND),2026-07-29T21:58:08Z
2026-07-29,CO,9.47,94.7,2026-05,EIA retail-sales (sector IND),2026-07-29T21:58:08Z
2026-07-29,CT,16.76,167.6,2026-05,EIA retail-sales (sector IND),2026-07-29T21:58:08Z
2026-07-29,DC,14.6,146.0,2026-05,EIA retail-sales (sector IND),2026-07-29T21:58:08Z
2026-07-29,DE,10.69,106.9,2026-05,EIA retail-sales (sector IND),2026-07-29T21:58:08Z
2026-07-29,FL,8.99,89.9,2026-05,EIA retail-sales (sector IND),2026-07-29T21:58:08Z
2026-07-29,GA,7.04,70.4,2026-05,EIA retail-sales (sector IND),2026-07-29T21:58:08Z
2026-07-29,HI,41.9,419.0,2026-05,EIA retail-sales (sector IND),2026-07-29T21:58:08Z
2026-07-29,IA,6.62,66.2,2026-05,EIA retail-sales (sector IND),2026-07-29T21:58:08Z
2026-07-29,ID,7.21,72.1,2026-05,EIA retail-sales (sector IND),2026-07-29T21:58:08Z
2026-07-29,IL,10.2,102.0,2026-05,EIA retail-sales (sector IND),2026-07-29T21:58:08Z
2026-07-29,IN,9.08,90.8,2026-05,EIA retail-sales (sector IND),2026-07-29T21:58:08Z
2026-07-29,KS,8.12,81.2,2026-05,EIA retail-sales (sector IND),2026-07-29T21:58:08Z
2026-07-29,KY,7.13,71.3,2026-05,EIA retail-sales (sector IND),2026-07-29T21:58:08Z
2026-07-29,LA,6.88,68.8,2026-05,EIA retail-sales (sector IND),2026-07-29T21:58:08Z
2026-07-29,MA,19.94,199.4,2026-05,EIA retail-sales (sector IND),2026-07-29T21:58:08Z
2026-07-29,MD,11.22,112.2,2026-05,EIA retail-sales (sector IND),2026-07-29T21:58:08Z
2026-07-29,ME,14.48,144.8,2026-05,EIA retail-sales (sector IND),2026-07-29T21:58:08Z
2026-07-29,MI,9.43,94.3,2026-05,EIA retail-sales (sector IND),2026-07-29T21:58:08Z
2026-07-29,MN,9.8,98.0,2026-05,EIA retail-sales (sector IND),2026-07-29T21:58:08Z
2026-07-29,MO,7.89,78.9,2026-05,EIA retail-sales (sector IND),2026-07-29T21:58:08Z
2026-07-29,MS,7.5,75.0,2026-05,EIA retail-sales (sector IND),2026-07-29T21:58:08Z
2026-07-29,MT,6.97,69.7,2026-05,EIA retail-sales (sector IND),2026-07-29T21:58:08Z
2026-07-29,NC,7.78,77.8,2026-05,EIA retail-sales (sector IND),2026-07-29T21:58:08Z
2026-07-29,ND,8.27,82.7,2026-05,EIA retail-sales (sector IND),2026-07-29T21:58:08Z
2026-07-29,NE,9.25,92.5,2026-05,EIA retail-sales (sector IND),2026-07-29T21:58:08Z
2026-07-29,NH,17.04,170.4,2026-05,EIA retail-sales (sector IND),2026-07-29T21:58:08Z
2026-07-29,NJ,14.57,145.7,2026-05,EIA retail-sales (sector IND),2026-07-29T21:58:08Z
2026-07-29,NM,4.45,44.5,2026-05,EIA retail-sales (sector IND),2026-07-29T21:58:08Z
2026-07-29,NV,7.61,76.1,2026-05,EIA retail-sales (sector IND),2026-07-29T21:58:08Z
2026-07-29,NY,9.55,95.5,2026-05,EIA retail-sales (sector IND),2026-07-29T21:58:08Z
2026-07-29,OH,9.87,98.7,2026-05,EIA retail-sales (sector IND),2026-07-29T21:58:08Z
2026-07-29,OK,6.17,61.7,2026-05,EIA retail-sales (sector IND),2026-07-29T21:58:08Z
2026-07-29,OR,8.55,85.5,2026-05,EIA retail-sales (sector IND),2026-07-29T21:58:08Z
2026-07-29,PA,10.31,103.1,2026-05,EIA retail-sales (sector IND),2026-07-29T21:58:08Z
2026-07-29,RI,22.18,221.8,2026-05,EIA retail-sales (sector IND),2026-07-29T21:58:08Z
2026-07-29,SC,7.23,72.3,2026-05,EIA retail-sales (sector IND),2026-07-29T21:58:08Z
2026-07-29,SD,9.78,97.8,2026-05,EIA retail-sales (sector IND),2026-07-29T21:58:08Z
2026-07-29,TN,6.45,64.5,2026-05,EIA retail-sales (sector IND),2026-07-29T21:58:08Z
2026-07-29,TX,6.33,63.3,2026-05,EIA retail-sales (sector IND),2026-07-29T21:58:08Z
2026-07-29,US,8.71,87.1,2026-05,EIA retail-sales (sector IND),2026-07-29T21:58:08Z
2026-07-29,UT,8.1,81.0,2026-05,EIA retail-sales (sector IND),2026-07-29T21:58:08Z
2026-07-29,VA,10.53,105.3,2026-05,EIA retail-sales (sector IND),2026-07-29T21:58:08Z
2026-07-29,VT,12.59,125.9,2026-05,EIA retail-sales (sector IND),2026-07-29T21:58:08Z
2026-07-29,WA,7.24,72.4,2026-05,EIA retail-sales (sector IND),2026-07-29T21:58:08Z
2026-07-29,WI,9.0,90.0,2026-05,EIA retail-sales (sector IND),2026-07-29T21:58:08Z
2026-07-29,WV,9.48,94.8,2026-05,EIA retail-sales (sector IND),2026-07-29T21:58:08Z
2026-07-29,WY,9.12,91.2,2026-05,EIA retail-sales (sector IND),2026-07-29T21:58:08Z
2026-07-30,AK,31.36,313.6,2026-05,EIA retail-sales (sector IND),2026-07-30T22:03:40Z
2026-07-30,AL,7.89,78.9,2026-05,EIA retail-sales (sector IND),2026-07-30T22:03:40Z
2026-07-30,AR,6.69,66.9,2026-05,EIA retail-sales (sector IND),2026-07-30T22:03:40Z
2026-07-30,AZ,7.54,75.4,2026-05,EIA retail-sales (sector IND),2026-07-30T22:03:40Z
2026-07-30,CA,20.2,202.0,2026-05,EIA retail-sales (sector IND),2026-07-30T22:03:40Z
2026-07-30,CO,9.47,94.7,2026-05,EIA retail-sales (sector IND),2026-07-30T22:03:40Z
2026-07-30,CT,16.76,167.6,2026-05,EIA retail-sales (sector IND),2026-07-30T22:03:40Z
2026-07-30,DC,14.6,146.0,2026-05,EIA retail-sales (sector IND),2026-07-30T22:03:40Z
2026-07-30,DE,10.69,106.9,2026-05,EIA retail-sales (sector IND),2026-07-30T22:03:40Z
2026-07-30,FL,8.99,89.9,2026-05,EIA retail-sales (sector IND),2026-07-30T22:03:40Z
2026-07-30,GA,7.04,70.4,2026-05,EIA retail-sales (sector IND),2026-07-30T22:03:40Z
2026-07-30,HI,41.9,419.0,2026-05,EIA retail-sales (sector IND),2026-07-30T22:03:40Z
2026-07-30,IA,6.62,66.2,2026-05,EIA retail-sales (sector IND),2026-07-30T22:03:40Z
2026-07-30,ID,7.21,72.1,2026-05,EIA retail-sales (sector IND),2026-07-30T22:03:40Z
2026-07-30,IL,10.2,102.0,2026-05,EIA retail-sales (sector IND),2026-07-30T22:03:40Z
2026-07-30,IN,9.08,90.8,2026-05,EIA retail-sales (sector IND),2026-07-30T22:03:40Z
2026-07-30,KS,8.12,81.2,2026-05,EIA retail-sales (sector IND),2026-07-30T22:03:40Z
2026-07-30,KY,7.13,71.3,2026-05,EIA retail-sales (sector IND),2026-07-30T22:03:40Z
2026-07-30,LA,6.88,68.8,2026-05,EIA retail-sales (sector IND),2026-07-30T22:03:40Z
2026-07-30,MA,19.94,199.4,2026-05,EIA retail-sales (sector IND),2026-07-30T22:03:40Z
2026-07-30,MD,11.22,112.2,2026-05,EIA retail-sales (sector IND),2026-07-30T22:03:40Z
2026-07-30,ME,14.48,144.8,2026-05,EIA retail-sales (sector IND),2026-07-30T22:03:40Z
2026-07-30,MI,9.43,94.3,2026-05,EIA retail-sales (sector IND),2026-07-30T22:03:40Z
2026-07-30,MN,9.8,98.0,2026-05,EIA retail-sales (sector IND),2026-07-30T22:03:40Z
2026-07-30,MO,7.89,78.9,2026-05,EIA retail-sales (sector IND),2026-07-30T22:03:40Z
2026-07-30,MS,7.5,75.0,2026-05,EIA retail-sales (sector IND),2026-07-30T22:03:40Z
2026-07-30,MT,6.97,69.7,2026-05,EIA retail-sales (sector IND),2026-07-30T22:03:40Z
2026-07-30,NC,7.78,77.8,2026-05,EIA retail-sales (sector IND),2026-07-30T22:03:40Z
2026-07-30,ND,8.27,82.7,2026-05,EIA retail-sales (sector IND),2026-07-30T22:03:40Z
2026-07-30,NE,9.25,92.5,2026-05,EIA retail-sales (sector IND),2026-07-30T22:03:40Z
2026-07-30,NH,17.04,170.4,2026-05,EIA retail-sales (sector IND),2026-07-30T22:03:40Z
2026-07-30,NJ,14.57,145.7,2026-05,EIA retail-sales (sector IND),2026-07-30T22:03:40Z
2026-07-30,NM,4.45,44.5,2026-05,EIA retail-sales (sector IND),2026-07-30T22:03:40Z
2026-07-30,NV,7.61,76.1,2026-05,EIA retail-sales (sector IND),2026-07-30T22:03:40Z
2026-07-30,NY,9.55,95.5,2026-05,EIA retail-sales (sector IND),2026-07-30T22:03:40Z
2026-07-30,OH,9.87,98.7,2026-05,EIA retail-sales (sector IND),2026-07-30T22:03:40Z
2026-07-30,OK,6.17,61.7,2026-05,EIA retail-sales (sector IND),2026-07-30T22:03:40Z
2026-07-30,OR,8.55,85.5,2026-05,EIA retail-sales (sector IND),2026-07-30T22:03:40Z
2026-07-30,PA,10.31,103.1,2026-05,EIA retail-sales (sector IND),2026-07-30T22:03:40Z
2026-07-30,RI,22.18,221.8,2026-05,EIA retail-sales (sector IND),2026-07-30T22:03:40Z
2026-07-30,SC,7.23,72.3,2026-05,EIA retail-sales (sector IND),2026-07-30T22:03:40Z
2026-07-30,SD,9.78,97.8,2026-05,EIA retail-sales (sector IND),2026-07-30T22:03:40Z
2026-07-30,TN,6.45,64.5,2026-05,EIA retail-sales (sector IND),2026-07-30T22:03:40Z
2026-07-30,TX,6.33,63.3,2026-05,EIA retail-sales (sector IND),2026-07-30T22:03:40Z
2026-07-30,US,8.71,87.1,2026-05,EIA retail-sales (sector IND),2026-07-30T22:03:40Z
2026-07-30,UT,8.1,81.0,2026-05,EIA retail-sales (sector IND),2026-07-30T22:03:40Z
2026-07-30,VA,10.53,105.3,2026-05,EIA retail-sales (sector IND),2026-07-30T22:03:40Z
2026-07-30,VT,12.59,125.9,2026-05,EIA retail-sales (sector IND),2026-07-30T22:03:40Z
2026-07-30,WA,7.24,72.4,2026-05,EIA retail-sales (sector IND),2026-07-30T22:03:40Z
2026-07-30,WI,9.0,90.0,2026-05,EIA retail-sales (sector IND),2026-07-30T22:03:40Z
2026-07-30,WV,9.48,94.8,2026-05,EIA retail-sales (sector IND),2026-07-30T22:03:40Z
2026-07-30,WY,9.12,91.2,2026-05,EIA retail-sales (sector IND),2026-07-30T22:03:40Z
2026-07-31,AK,31.36,313.6,2026-05,EIA retail-sales (sector IND),2026-07-31T22:02:53Z
2026-07-31,AL,7.89,78.9,2026-05,EIA retail-sales (sector IND),2026-07-31T22:02:53Z
2026-07-31,AR,6.69,66.9,2026-05,EIA retail-sales (sector IND),2026-07-31T22:02:53Z
2026-07-31,AZ,7.54,75.4,2026-05,EIA retail-sales (sector IND),2026-07-31T22:02:53Z
2026-07-31,CA,20.2,202.0,2026-05,EIA retail-sales (sector IND),2026-07-31T22:02:53Z
2026-07-31,CO,9.47,94.7,2026-05,EIA retail-sales (sector IND),2026-07-31T22:02:53Z
2026-07-31,CT,16.76,167.6,2026-05,EIA retail-sales (sector IND),2026-07-31T22:02:53Z
2026-07-31,DC,14.6,146.0,2026-05,EIA retail-sales (sector IND),2026-07-31T22:02:53Z
2026-07-31,DE,10.69,106.9,2026-05,EIA retail-sales (sector IND),2026-07-31T22:02:53Z
2026-07-31,FL,8.99,89.9,2026-05,EIA retail-sales (sector IND),2026-07-31T22:02:53Z
2026-07-31,GA,7.04,70.4,2026-05,EIA retail-sales (sector IND),2026-07-31T22:02:53Z
2026-07-31,HI,41.9,419.0,2026-05,EIA retail-sales (sector IND),2026-07-31T22:02:53Z
2026-07-31,IA,6.62,66.2,2026-05,EIA retail-sales (sector IND),2026-07-31T22:02:53Z
2026-07-31,ID,7.21,72.1,2026-05,EIA retail-sales (sector IND),2026-07-31T22:02:53Z
2026-07-31,IL,10.2,102.0,2026-05,EIA retail-sales (sector IND),2026-07-31T22:02:53Z
2026-07-31,IN,9.08,90.8,2026-05,EIA retail-sales (sector IND),2026-07-31T22:02:53Z
2026-07-31,KS,8.12,81.2,2026-05,EIA retail-sales (sector IND),2026-07-31T22:02:53Z
2026-07-31,KY,7.13,71.3,2026-05,EIA retail-sales (sector IND),2026-07-31T22:02:53Z
2026-07-31,LA,6.88,68.8,2026-05,EIA retail-sales (sector IND),2026-07-31T22:02:53Z
2026-07-31,MA,19.94,199.4,2026-05,EIA retail-sales (sector IND),2026-07-31T22:02:53Z
2026-07-31,MD,11.22,112.2,2026-05,EIA retail-sales (sector IND),2026-07-31T22:02:53Z
2026-07-31,ME,14.48,144.8,2026-05,EIA retail-sales (sector IND),2026-07-31T22:02:53Z
2026-07-31,MI,9.43,94.3,2026-05,EIA retail-sales (sector IND),2026-07-31T22:02:53Z
2026-07-31,MN,9.8,98.0,2026-05,EIA retail-sales (sector IND),2026-07-31T22:02:53Z
2026-07-31,MO,7.89,78.9,2026-05,EIA retail-sales (sector IND),2026-07-31T22:02:53Z
2026-07-31,MS,7.5,75.0,2026-05,EIA retail-sales (sector IND),2026-07-31T22:02:53Z
2026-07-31,MT,6.97,69.7,2026-05,EIA retail-sales (sector IND),2026-07-31T22:02:53Z
2026-07-31,NC,7.78,77.8,2026-05,EIA retail-sales (sector IND),2026-07-31T22:02:53Z
2026-07-31,ND,8.27,82.7,2026-05,EIA retail-sales (sector IND),2026-07-31T22:02:53Z
2026-07-31,NE,9.25,92.5,2026-05,EIA retail-sales (sector IND),2026-07-31T22:02:53Z
2026-07-31,NH,17.04,170.4,2026-05,EIA retail-sales (sector IND),2026-07-31T22:02:53Z
2026-07-31,NJ,14.57,145.7,2026-05,EIA retail-sales (sector IND),2026-07-31T22:02:53Z
2026-07-31,NM,4.45,44.5,2026-05,EIA retail-sales (sector IND),2026-07-31T22:02:53Z
2026-07-31,NV,7.61,76.1,2026-05,EIA retail-sales (sector IND),2026-07-31T22:02:53Z
2026-07-31,NY,9.55,95.5,2026-05,EIA retail-sales (sector IND),2026-07-31T22:02:53Z
2026-07-31,OH,9.87,98.7,2026-05,EIA retail-sales (sector IND),2026-07-31T22:02:53Z
2026-07-31,OK,6.17,61.7,2026-05,EIA retail-sales (sector IND),2026-07-31T22:02:53Z
2026-07-31,OR,8.55,85.5,2026-05,EIA retail-sales (sector IND),2026-07-31T22:02:53Z
2026-07-31,PA,10.31,103.1,2026-05,EIA retail-sales (sector IND),2026-07-31T22:02:53Z
2026-07-31,RI,22.18,221.8,2026-05,EIA retail-sales (sector IND),2026-07-31T22:02:53Z
2026-07-31,SC,7.23,72.3,2026-05,EIA retail-sales (sector IND),2026-07-31T22:02:53Z
2026-07-31,SD,9.78,97.8,2026-05,EIA retail-sales (sector IND),2026-07-31T22:02:53Z
2026-07-31,TN,6.45,64.5,2026-05,EIA retail-sales (sector IND),2026-07-31T22:02:53Z
2026-07-31,TX,6.33,63.3,2026-05,EIA retail-sales (sector IND),2026-07-31T22:02:53Z
2026-07-31,US,8.71,87.1,2026-05,EIA retail-sales (sector IND),2026-07-31T22:02:53Z
2026-07-31,UT,8.1,81.0,2026-05,EIA retail-sales (sector IND),2026-07-31T22:02:53Z
2026-07-31,VA,10.53,105.3,2026-05,EIA retail-sales (sector IND),2026-07-31T22:02:53Z
2026-07-31,VT,12.59,125.9,2026-05,EIA retail-sales (sector IND),2026-07-31T22:02:53Z
2026-07-31,WA,7.24,72.4,2026-05,EIA retail-sales (sector IND),2026-07-31T22:02:53Z
2026-07-31,WI,9.0,90.0,2026-05,EIA retail-sales (sector IND),2026-07-31T22:02:53Z
2026-07-31,WV,9.48,94.8,2026-05,EIA retail-sales (sector IND),2026-07-31T22:02:53Z
2026-07-31,WY,9.12,91.2,2026-05,EIA retail-sales (sector IND),2026-07-31T22:02:53Z
2026-08-01,AK,31.36,313.6,2026-05,EIA retail-sales (sector IND),2026-08-01T21:52:46Z
2026-08-01,AL,7.89,78.9,2026-05,EIA retail-sales (sector IND),2026-08-01T21:52:46Z
2026-08-01,AR,6.69,66.9,2026-05,EIA retail-sales (sector IND),2026-08-01T21:52:46Z
2026-08-01,AZ,7.54,75.4,2026-05,EIA retail-sales (sector IND),2026-08-01T21:52:46Z
2026-08-01,CA,20.2,202.0,2026-05,EIA retail-sales (sector IND),2026-08-01T21:52:46Z
2026-08-01,CO,9.47,94.7,2026-05,EIA retail-sales (sector IND),2026-08-01T21:52:46Z
2026-08-01,CT,16.76,167.6,2026-05,EIA retail-sales (sector IND),2026-08-01T21:52:46Z
2026-08-01,DC,14.6,146.0,2026-05,EIA retail-sales (sector IND),2026-08-01T21:52:46Z
2026-08-01,DE,10.69,106.9,2026-05,EIA retail-sales (sector IND),2026-08-01T21:52:46Z
2026-08-01,FL,8.99,89.9,2026-05,EIA retail-sales (sector IND),2026-08-01T21:52:46Z
2026-08-01,GA,7.04,70.4,2026-05,EIA retail-sales (sector IND),2026-08-01T21:52:46Z
2026-08-01,HI,41.9,419.0,2026-05,EIA retail-sales (sector IND),2026-08-01T21:52:46Z
2026-08-01,IA,6.62,66.2,2026-05,EIA retail-sales (sector IND),2026-08-01T21:52:46Z
2026-08-01,ID,7.21,72.1,2026-05,EIA retail-sales (sector IND),2026-08-01T21:52:46Z
2026-08-01,IL,10.2,102.0,2026-05,EIA retail-sales (sector IND),2026-08-01T21:52:46Z
2026-08-01,IN,9.08,90.8,2026-05,EIA retail-sales (sector IND),2026-08-01T21:52:46Z
2026-08-01,KS,8.12,81.2,2026-05,EIA retail-sales (sector IND),2026-08-01T21:52:46Z
2026-08-01,KY,7.13,71.3,2026-05,EIA retail-sales (sector IND),2026-08-01T21:52:46Z
2026-08-01,LA,6.88,68.8,2026-05,EIA retail-sales (sector IND),2026-08-01T21:52:46Z
2026-08-01,MA,19.94,199.4,2026-05,EIA retail-sales (sector IND),2026-08-01T21:52:46Z
2026-08-01,MD,11.22,112.2,2026-05,EIA retail-sales (sector IND),2026-08-01T21:52:46Z
2026-08-01,ME,14.48,144.8,2026-05,EIA retail-sales (sector IND),2026-08-01T21:52:46Z
2026-08-01,MI,9.43,94.3,2026-05,EIA retail-sales (sector IND),2026-08-01T21:52:46Z
2026-08-01,MN,9.8,98.0,2026-05,EIA retail-sales (sector IND),2026-08-01T21:52:46Z
2026-08-01,MO,7.89,78.9,2026-05,EIA retail-sales (sector IND),2026-08-01T21:52:46Z
2026-08-01,MS,7.5,75.0,2026-05,EIA retail-sales (sector IND),2026-08-01T21:52:46Z
2026-08-01,MT,6.97,69.7,2026-05,EIA retail-sales (sector IND),2026-08-01T21:52:46Z
2026-08-01,NC,7.78,77.8,2026-05,EIA retail-sales (sector IND),2026-08-01T21:52:46Z
2026-08-01,ND,8.27,82.7,2026-05,EIA retail-sales (sector IND),2026-08-01T21:52:46Z
2026-08-01,NE,9.25,92.5,2026-05,EIA retail-sales (sector IND),2026-08-01T21:52:46Z
2026-08-01,NH,17.04,170.4,2026-05,EIA retail-sales (sector IND),2026-08-01T21:52:46Z
2026-08-01,NJ,14.57,145.7,2026-05,EIA retail-sales (sector IND),2026-08-01T21:52:46Z
2026-08-01,NM,4.45,44.5,2026-05,EIA retail-sales (sector IND),2026-08-01T21:52:46Z
2026-08-01,NV,7.61,76.1,2026-05,EIA retail-sales (sector IND),2026-08-01T21:52:46Z
2026-08-01,NY,9.55,95.5,2026-05,EIA retail-sales (sector IND),2026-08-01T21:52:46Z
2026-08-01,OH,9.87,98.7,2026-05,EIA retail-sales (sector IND),2026-08-01T21:52:46Z
2026-08-01,OK,6.17,61.7,2026-05,EIA retail-sales (sector IND),2026-08-01T21:52:46Z
2026-08-01,OR,8.55,85.5,2026-05,EIA retail-sales (sector IND),2026-08-01T21:52:46Z
2026-08-01,PA,10.31,103.1,2026-05,EIA retail-sales (sector IND),2026-08-01T21:52:46Z
2026-08-01,RI,22.18,221.8,2026-05,EIA retail-sales (sector IND),2026-08-01T21:52:46Z
2026-08-01,SC,7.23,72.3,2026-05,EIA retail-sales (sector IND),2026-08-01T21:52:46Z
2026-08-01,SD,9.78,97.8,2026-05,EIA retail-sales (sector IND),2026-08-01T21:52:46Z
2026-08-01,TN,6.45,64.5,2026-05,EIA retail-sales (sector IND),2026-08-01T21:52:46Z
2026-08-01,TX,6.33,63.3,2026-05,EIA retail-sales (sector IND),2026-08-01T21:52:46Z
2026-08-01,US,8.71,87.1,2026-05,EIA retail-sales (sector IND),2026-08-01T21:52:46Z
2026-08-01,UT,8.1,81.0,2026-05,EIA retail-sales (sector IND),2026-08-01T21:52:46Z
2026-08-01,VA,10.53,105.3,2026-05,EIA retail-sales (sector IND),2026-08-01T21:52:46Z
2026-08-01,VT,12.59,125.9,2026-05,EIA retail-sales (sector IND),2026-08-01T21:52:46Z
2026-08-01,WA,7.24,72.4,2026-05,EIA retail-sales (sector IND),2026-08-01T21:52:46Z
2026-08-01,WI,9.0,90.0,2026-05,EIA retail-sales (sector IND),2026-08-01T21:52:46Z
2026-08-01,WV,9.48,94.8,2026-05,EIA retail-sales (sector IND),2026-08-01T21:52:46Z
2026-08-01,WY,9.12,91.2,2026-05,EIA retail-sales (sector IND),2026-08-01T21:52:46Z
2026-08-02,AK,31.36,313.6,2026-05,EIA retail-sales (sector IND),2026-08-02T21:53:12Z
2026-08-02,AL,7.89,78.9,2026-05,EIA retail-sales (sector IND),2026-08-02T21:53:12Z
2026-08-02,AR,6.69,66.9,2026-05,EIA retail-sales (sector IND),2026-08-02T21:53:12Z
2026-08-02,AZ,7.54,75.4,2026-05,EIA retail-sales (sector IND),2026-08-02T21:53:12Z
2026-08-02,CA,20.2,202.0,2026-05,EIA retail-sales (sector IND),2026-08-02T21:53:12Z
2026-08-02,CO,9.47,94.7,2026-05,EIA retail-sales (sector IND),2026-08-02T21:53:12Z
2026-08-02,CT,16.76,167.6,2026-05,EIA retail-sales (sector IND),2026-08-02T21:53:12Z
2026-08-02,DC,14.6,146.0,2026-05,EIA retail-sales (sector IND),2026-08-02T21:53:12Z
2026-08-02,DE,10.69,106.9,2026-05,EIA retail-sales (sector IND),2026-08-02T21:53:12Z
2026-08-02,FL,8.99,89.9,2026-05,EIA retail-sales (sector IND),2026-08-02T21:53:12Z
2026-08-02,GA,7.04,70.4,2026-05,EIA retail-sales (sector IND),2026-08-02T21:53:12Z
2026-08-02,HI,41.9,419.0,2026-05,EIA retail-sales (sector IND),2026-08-02T21:53:12Z
2026-08-02,IA,6.62,66.2,2026-05,EIA retail-sales (sector IND),2026-08-02T21:53:12Z
2026-08-02,ID,7.21,72.1,2026-05,EIA retail-sales (sector IND),2026-08-02T21:53:12Z
2026-08-02,IL,10.2,102.0,2026-05,EIA retail-sales (sector IND),2026-08-02T21:53:12Z
2026-08-02,IN,9.08,90.8,2026-05,EIA retail-sales (sector IND),2026-08-02T21:53:12Z
2026-08-02,KS,8.12,81.2,2026-05,EIA retail-sales (sector IND),2026-08-02T21:53:12Z
2026-08-02,KY,7.13,71.3,2026-05,EIA retail-sales (sector IND),2026-08-02T21:53:12Z
2026-08-02,LA,6.88,68.8,2026-05,EIA retail-sales (sector IND),2026-08-02T21:53:12Z
2026-08-02,MA,19.94,199.4,2026-05,EIA retail-sales (sector IND),2026-08-02T21:53:12Z
2026-08-02,MD,11.22,112.2,2026-05,EIA retail-sales (sector IND),2026-08-02T21:53:12Z
2026-08-02,ME,14.48,144.8,2026-05,EIA retail-sales (sector IND),2026-08-02T21:53:12Z
2026-08-02,MI,9.43,94.3,2026-05,EIA retail-sales (sector IND),2026-08-02T21:53:12Z
2026-08-02,MN,9.8,98.0,2026-05,EIA retail-sales (sector IND),2026-08-02T21:53:12Z
2026-08-02,MO,7.89,78.9,2026-05,EIA retail-sales (sector IND),2026-08-02T21:53:12Z
2026-08-02,MS,7.5,75.0,2026-05,EIA retail-sales (sector IND),2026-08-02T21:53:12Z
2026-08-02,MT,6.97,69.7,2026-05,EIA retail-sales (sector IND),2026-08-02T21:53:12Z
2026-08-02,NC,7.78,77.8,2026-05,EIA retail-sales (sector IND),2026-08-02T21:53:12Z
2026-08-02,ND,8.27,82.7,2026-05,EIA retail-sales (sector IND),2026-08-02T21:53:12Z
2026-08-02,NE,9.25,92.5,2026-05,EIA retail-sales (sector IND),2026-08-02T21:53:12Z
2026-08-02,NH,17.04,170.4,2026-05,EIA retail-sales (sector IND),2026-08-02T21:53:12Z
2026-08-02,NJ,14.57,145.7,2026-05,EIA retail-sales (sector IND),2026-08-02T21:53:12Z
2026-08-02,NM,4.45,44.5,2026-05,EIA retail-sales (sector IND),2026-08-02T21:53:12Z
2026-08-02,NV,7.61,76.1,2026-05,EIA retail-sales (sector IND),2026-08-02T21:53:12Z
2026-08-02,NY,9.55,95.5,2026-05,EIA retail-sales (sector IND),2026-08-02T21:53:12Z
2026-08-02,OH,9.87,98.7,2026-05,EIA retail-sales (sector IND),2026-08-02T21:53:12Z
2026-08-02,OK,6.17,61.7,2026-05,EIA retail-sales (sector IND),2026-08-02T21:53:12Z
2026-08-02,OR,8.55,85.5,2026-05,EIA retail-sales (sector IND),2026-08-02T21:53:12Z
2026-08-02,PA,10.31,103.1,2026-05,EIA retail-sales (sector IND),2026-08-02T21:53:12Z
2026-08-02,RI,22.18,221.8,2026-05,EIA retail-sales (sector IND),2026-08-02T21:53:12Z
2026-08-02,SC,7.23,72.3,2026-05,EIA retail-sales (sector IND),2026-08-02T21:53:12Z
2026-08-02,SD,9.78,97.8,2026-05,EIA retail-sales (sector IND),2026-08-02T21:53:12Z
2026-08-02,TN,6.45,64.5,2026-05,EIA retail-sales (sector IND),2026-08-02T21:53:12Z
2026-08-02,TX,6.33,63.3,2026-05,EIA retail-sales (sector IND),2026-08-02T21:53:12Z
2026-08-02,US,8.71,87.1,2026-05,EIA retail-sales (sector IND),2026-08-02T21:53:12Z
2026-08-02,UT,8.1,81.0,2026-05,EIA retail-sales (sector IND),2026-08-02T21:53:12Z
2026-08-02,VA,10.53,105.3,2026-05,EIA retail-sales (sector IND),2026-08-02T21:53:12Z
2026-08-02,VT,12.59,125.9,2026-05,EIA retail-sales (sector IND),2026-08-02T21:53:12Z
2026-08-02,WA,7.24,72.4,2026-05,EIA retail-sales (sector IND),2026-08-02T21:53:12Z
2026-08-02,WI,9.0,90.0,2026-05,EIA retail-sales (sector IND),2026-08-02T21:53:12Z
2026-08-02,WV,9.48,94.8,2026-05,EIA retail-sales (sector IND),2026-08-02T21:53:12Z
2026-08-02,WY,9.12,91.2,2026-05,EIA retail-sales (sector IND),2026-08-02T21:53:12Z
2026-08-03,AK,31.36,313.6,2026-05,EIA retail-sales (sector IND),2026-08-03T22:06:10Z
2026-08-03,AL,7.89,78.9,2026-05,EIA retail-sales (sector IND),2026-08-03T22:06:10Z
2026-08-03,AR,6.69,66.9,2026-05,EIA retail-sales (sector IND),2026-08-03T22:06:10Z
2026-08-03,AZ,7.54,75.4,2026-05,EIA retail-sales (sector IND),2026-08-03T22:06:10Z
2026-08-03,CA,20.2,202.0,2026-05,EIA retail-sales (sector IND),2026-08-03T22:06:10Z
2026-08-03,CO,9.47,94.7,2026-05,EIA retail-sales (sector IND),2026-08-03T22:06:10Z
2026-08-03,CT,16.76,167.6,2026-05,EIA retail-sales (sector IND),2026-08-03T22:06:10Z
2026-08-03,DC,14.6,146.0,2026-05,EIA retail-sales (sector IND),2026-08-03T22:06:10Z
2026-08-03,DE,10.69,106.9,2026-05,EIA retail-sales (sector IND),2026-08-03T22:06:10Z
2026-08-03,FL,8.99,89.9,2026-05,EIA retail-sales (sector IND),2026-08-03T22:06:10Z
2026-08-03,GA,7.04,70.4,2026-05,EIA retail-sales (sector IND),2026-08-03T22:06:10Z
2026-08-03,HI,41.9,419.0,2026-05,EIA retail-sales (sector IND),2026-08-03T22:06:10Z
2026-08-03,IA,6.62,66.2,2026-05,EIA retail-sales (sector IND),2026-08-03T22:06:10Z
2026-08-03,ID,7.21,72.1,2026-05,EIA retail-sales (sector IND),2026-08-03T22:06:10Z
2026-08-03,IL,10.2,102.0,2026-05,EIA retail-sales (sector IND),2026-08-03T22:06:10Z
2026-08-03,IN,9.08,90.8,2026-05,EIA retail-sales (sector IND),2026-08-03T22:06:10Z
2026-08-03,KS,8.12,81.2,2026-05,EIA retail-sales (sector IND),2026-08-03T22:06:10Z
2026-08-03,KY,7.13,71.3,2026-05,EIA retail-sales (sector IND),2026-08-03T22:06:10Z
2026-08-03,LA,6.88,68.8,2026-05,EIA retail-sales (sector IND),2026-08-03T22:06:10Z
2026-08-03,MA,19.94,199.4,2026-05,EIA retail-sales (sector IND),2026-08-03T22:06:10Z
2026-08-03,MD,11.22,112.2,2026-05,EIA retail-sales (sector IND),2026-08-03T22:06:10Z
2026-08-03,ME,14.48,144.8,2026-05,EIA retail-sales (sector IND),2026-08-03T22:06:10Z
2026-08-03,MI,9.43,94.3,2026-05,EIA retail-sales (sector IND),2026-08-03T22:06:10Z
2026-08-03,MN,9.8,98.0,2026-05,EIA retail-sales (sector IND),2026-08-03T22:06:10Z
2026-08-03,MO,7.89,78.9,2026-05,EIA retail-sales (sector IND),2026-08-03T22:06:10Z
2026-08-03,MS,7.5,75.0,2026-05,EIA retail-sales (sector IND),2026-08-03T22:06:10Z
2026-08-03,MT,6.97,69.7,2026-05,EIA retail-sales (sector IND),2026-08-03T22:06:10Z
2026-08-03,NC,7.78,77.8,2026-05,EIA retail-sales (sector IND),2026-08-03T22:06:10Z
2026-08-03,ND,8.27,82.7,2026-05,EIA retail-sales (sector IND),2026-08-03T22:06:10Z
2026-08-03,NE,9.25,92.5,2026-05,EIA retail-sales (sector IND),2026-08-03T22:06:10Z
2026-08-03,NH,17.04,170.4,2026-05,EIA retail-sales (sector IND),2026-08-03T22:06:10Z
2026-08-03,NJ,14.57,145.7,2026-05,EIA retail-sales (sector IND),2026-08-03T22:06:10Z
2026-08-03,NM,4.45,44.5,2026-05,EIA retail-sales (sector IND),2026-08-03T22:06:10Z
2026-08-03,NV,7.61,76.1,2026-05,EIA retail-sales (sector IND),2026-08-03T22:06:10Z
2026-08-03,NY,9.55,95.5,2026-05,EIA retail-sales (sector IND),2026-08-03T22:06:10Z
2026-08-03,OH,9.87,98.7,2026-05,EIA retail-sales (sector IND),2026-08-03T22:06:10Z
2026-08-03,OK,6.17,61.7,2026-05,EIA retail-sales (sector IND),2026-08-03T22:06:10Z
2026-08-03,OR,8.55,85.5,2026-05,EIA retail-sales (sector IND),2026-08-03T22:06:10Z
2026-08-03,PA,10.31,103.1,2026-05,EIA retail-sales (sector IND),2026-08-03T22:06:10Z
2026-08-03,RI,22.18,221.8,2026-05,EIA retail-sales (sector IND),2026-08-03T22:06:10Z
2026-08-03,SC,7.23,72.3,2026-05,EIA retail-sales (sector IND),2026-08-03T22:06:10Z
2026-08-03,SD,9.78,97.8,2026-05,EIA retail-sales (sector IND),2026-08-03T22:06:10Z
2026-08-03,TN,6.45,64.5,2026-05,EIA retail-sales (sector IND),2026-08-03T22:06:10Z
2026-08-03,TX,6.33,63.3,2026-05,EIA retail-sales (sector IND),2026-08-03T22:06:10Z
2026-08-03,US,8.71,87.1,2026-05,EIA retail-sales (sector IND),2026-08-03T22:06:10Z
2026-08-03,UT,8.1,81.0,2026-05,EIA retail-sales (sector IND),2026-08-03T22:06:10Z
2026-08-03,VA,10.53,105.3,2026-05,EIA retail-sales (sector IND),2026-08-03T22:06:10Z
2026-08-03,VT,12.59,125.9,2026-05,EIA retail-sales (sector IND),2026-08-03T22:06:10Z
2026-08-03,WA,7.24,72.4,2026-05,EIA retail-sales (sector IND),2026-08-03T22:06:10Z
2026-08-03,WI,9.0,90.0,2026-05,EIA retail-sales (sector IND),2026-08-03T22:06:10Z
2026-08-03,WV,9.48,94.8,2026-05,EIA retail-sales (sector IND),2026-08-03T22:06:10Z
2026-08-03,WY,9.12,91.2,2026-05,EIA retail-sales (sector IND),2026-08-03T22:06:10Z
2026-08-04,AK,31.36,313.6,2026-05,EIA retail-sales (sector IND),2026-08-04T22:12:11Z
2026-08-04,AL,7.89,78.9,2026-05,EIA retail-sales (sector IND),2026-08-04T22:12:11Z
2026-08-04,AR,6.69,66.9,2026-05,EIA retail-sales (sector IND),2026-08-04T22:12:11Z
2026-08-04,AZ,7.54,75.4,2026-05,EIA retail-sales (sector IND),2026-08-04T22:12:11Z
2026-08-04,CA,20.2,202.0,2026-05,EIA retail-sales (sector IND),2026-08-04T22:12:11Z
2026-08-04,CO,9.47,94.7,2026-05,EIA retail-sales (sector IND),2026-08-04T22:12:11Z
2026-08-04,CT,16.76,167.6,2026-05,EIA retail-sales (sector IND),2026-08-04T22:12:11Z
2026-08-04,DC,14.6,146.0,2026-05,EIA retail-sales (sector IND),2026-08-04T22:12:11Z
2026-08-04,DE,10.69,106.9,2026-05,EIA retail-sales (sector IND),2026-08-04T22:12:11Z
2026-08-04,FL,8.99,89.9,2026-05,EIA retail-sales (sector IND),2026-08-04T22:12:11Z
2026-08-04,GA,7.04,70.4,2026-05,EIA retail-sales (sector IND),2026-08-04T22:12:11Z
2026-08-04,HI,41.9,419.0,2026-05,EIA retail-sales (sector IND),2026-08-04T22:12:11Z
2026-08-04,IA,6.62,66.2,2026-05,EIA retail-sales (sector IND),2026-08-04T22:12:11Z
2026-08-04,ID,7.21,72.1,2026-05,EIA retail-sales (sector IND),2026-08-04T22:12:11Z
2026-08-04,IL,10.2,102.0,2026-05,EIA retail-sales (sector IND),2026-08-04T22:12:11Z
2026-08-04,IN,9.08,90.8,2026-05,EIA retail-sales (sector IND),2026-08-04T22:12:11Z
2026-08-04,KS,8.12,81.2,2026-05,EIA retail-sales (sector IND),2026-08-04T22:12:11Z
2026-08-04,KY,7.13,71.3,2026-05,EIA retail-sales (sector IND),2026-08-04T22:12:11Z
2026-08-04,LA,6.88,68.8,2026-05,EIA retail-sales (sector IND),2026-08-04T22:12:11Z
2026-08-04,MA,19.94,199.4,2026-05,EIA retail-sales (sector IND),2026-08-04T22:12:11Z
2026-08-04,MD,11.22,112.2,2026-05,EIA retail-sales (sector IND),2026-08-04T22:12:11Z
2026-08-04,ME,14.48,144.8,2026-05,EIA retail-sales (sector IND),2026-08-04T22:12:11Z
2026-08-04,MI,9.43,94.3,2026-05,EIA retail-sales (sector IND),2026-08-04T22:12:11Z
2026-08-04,MN,9.8,98.0,2026-05,EIA retail-sales (sector IND),2026-08-04T22:12:11Z
2026-08-04,MO,7.89,78.9,2026-05,EIA retail-sales (sector IND),2026-08-04T22:12:11Z
2026-08-04,MS,7.5,75.0,2026-05,EIA retail-sales (sector IND),2026-08-04T22:12:11Z
2026-08-04,MT,6.97,69.7,2026-05,EIA retail-sales (sector IND),2026-08-04T22:12:11Z
2026-08-04,NC,7.78,77.8,2026-05,EIA retail-sales (sector IND),2026-08-04T22:12:11Z
2026-08-04,ND,8.27,82.7,2026-05,EIA retail-sales (sector IND),2026-08-04T22:12:11Z
2026-08-04,NE,9.25,92.5,2026-05,EIA retail-sales (sector IND),2026-08-04T22:12:11Z
2026-08-04,NH,17.04,170.4,2026-05,EIA retail-sales (sector IND),2026-08-04T22:12:11Z
2026-08-04,NJ,14.57,145.7,2026-05,EIA retail-sales (sector IND),2026-08-04T22:12:11Z
2026-08-04,NM,4.45,44.5,2026-05,EIA retail-sales (sector IND),2026-08-04T22:12:11Z
2026-08-04,NV,7.61,76.1,2026-05,EIA retail-sales (sector IND),2026-08-04T22:12:11Z
2026-08-04,NY,9.55,95.5,2026-05,EIA retail-sales (sector IND),2026-08-04T22:12:11Z
2026-08-04,OH,9.87,98.7,2026-05,EIA retail-sales (sector IND),2026-08-04T22:12:11Z
2026-08-04,OK,6.17,61.7,2026-05,EIA retail-sales (sector IND),2026-08-04T22:12:11Z
2026-08-04,OR,8.55,85.5,2026-05,EIA retail-sales (sector IND),2026-08-04T22:12:11Z
2026-08-04,PA,10.31,103.1,2026-05,EIA retail-sales (sector IND),2026-08-04T22:12:11Z
2026-08-04,RI,22.18,221.8,2026-05,EIA retail-sales (sector IND),2026-08-04T22:12:11Z
2026-08-04,SC,7.23,72.3,2026-05,EIA retail-sales (sector IND),2026-08-04T22:12:11Z
2026-08-04,SD,9.78,97.8,2026-05,EIA retail-sales (sector IND),2026-08-04T22:12:11Z
2026-08-04,TN,6.45,64.5,2026-05,EIA retail-sales (sector IND),2026-08-04T22:12:11Z
2026-08-04,TX,6.33,63.3,2026-05,EIA retail-sales (sector IND),2026-08-04T22:12:11Z
2026-08-04,US,8.71,87.1,2026-05,EIA retail-sales (sector IND),2026-08-04T22:12:11Z
2026-08-04,UT,8.1,81.0,2026-05,EIA retail-sales (sector IND),2026-08-04T22:12:11Z
2026-08-04,VA,10.53,105.3,2026-05,EIA retail-sales (sector IND),2026-08-04T22:12:11Z
2026-08-04,VT,12.59,125.9,2026-05,EIA retail-sales (sector IND),2026-08-04T22:12:11Z
2026-08-04,WA,7.24,72.4,2026-05,EIA retail-sales (sector IND),2026-08-04T22:12:11Z
2026-08-04,WI,9.0,90.0,2026-05,EIA retail-sales (sector IND),2026-08-04T22:12:11Z
2026-08-04,WV,9.48,94.8,2026-05,EIA retail-sales (sector IND),2026-08-04T22:12:11Z
2026-08-04,WY,9.12,91.2,2026-05,EIA retail-sales (sector IND),2026-08-04T22:12:11Z
2026-08-05,AK,31.36,313.6,2026-05,EIA retail-sales (sector IND),2026-08-05T22:10:34Z
2026-08-05,AL,7.89,78.9,2026-05,EIA retail-sales (sector IND),2026-08-05T22:10:34Z
2026-08-05,AR,6.69,66.9,2026-05,EIA retail-sales (sector IND),2026-08-05T22:10:34Z
2026-08-05,AZ,7.54,75.4,2026-05,EIA retail-sales (sector IND),2026-08-05T22:10:34Z
2026-08-05,CA,20.2,202.0,2026-05,EIA retail-sales (sector IND),2026-08-05T22:10:34Z
2026-08-05,CO,9.47,94.7,2026-05,EIA retail-sales (sector IND),2026-08-05T22:10:34Z
2026-08-05,CT,16.76,167.6,2026-05,EIA retail-sales (sector IND),2026-08-05T22:10:34Z
2026-08-05,DC,14.6,146.0,2026-05,EIA retail-sales (sector IND),2026-08-05T22:10:34Z
2026-08-05,DE,10.69,106.9,2026-05,EIA retail-sales (sector IND),2026-08-05T22:10:34Z
2026-08-05,FL,8.99,89.9,2026-05,EIA retail-sales (sector IND),2026-08-05T22:10:34Z
2026-08-05,GA,7.04,70.4,2026-05,EIA retail-sales (sector IND),2026-08-05T22:10:34Z
2026-08-05,HI,41.9,419.0,2026-05,EIA retail-sales (sector IND),2026-08-05T22:10:34Z
2026-08-05,IA,6.62,66.2,2026-05,EIA retail-sales (sector IND),2026-08-05T22:10:34Z
2026-08-05,ID,7.21,72.1,2026-05,EIA retail-sales (sector IND),2026-08-05T22:10:34Z
2026-08-05,IL,10.2,102.0,2026-05,EIA retail-sales (sector IND),2026-08-05T22:10:34Z
2026-08-05,IN,9.08,90.8,2026-05,EIA retail-sales (sector IND),2026-08-05T22:10:34Z
2026-08-05,KS,8.12,81.2,2026-05,EIA retail-sales (sector IND),2026-08-05T22:10:34Z
2026-08-05,KY,7.13,71.3,2026-05,EIA retail-sales (sector IND),2026-08-05T22:10:34Z
2026-08-05,LA,6.88,68.8,2026-05,EIA retail-sales (sector IND),2026-08-05T22:10:34Z
2026-08-05,MA,19.94,199.4,2026-05,EIA retail-sales (sector IND),2026-08-05T22:10:34Z
2026-08-05,MD,11.22,112.2,2026-05,EIA retail-sales (sector IND),2026-08-05T22:10:34Z
2026-08-05,ME,14.48,144.8,2026-05,EIA retail-sales (sector IND),2026-08-05T22:10:34Z
2026-08-05,MI,9.43,94.3,2026-05,EIA retail-sales (sector IND),2026-08-05T22:10:34Z
2026-08-05,MN,9.8,98.0,2026-05,EIA retail-sales (sector IND),2026-08-05T22:10:34Z
2026-08-05,MO,7.89,78.9,2026-05,EIA retail-sales (sector IND),2026-08-05T22:10:34Z
2026-08-05,MS,7.5,75.0,2026-05,EIA retail-sales (sector IND),2026-08-05T22:10:34Z
2026-08-05,MT,6.97,69.7,2026-05,EIA retail-sales (sector IND),2026-08-05T22:10:34Z
2026-08-05,NC,7.78,77.8,2026-05,EIA retail-sales (sector IND),2026-08-05T22:10:34Z
2026-08-05,ND,8.27,82.7,2026-05,EIA retail-sales (sector IND),2026-08-05T22:10:34Z
2026-08-05,NE,9.25,92.5,2026-05,EIA retail-sales (sector IND),2026-08-05T22:10:34Z
2026-08-05,NH,17.04,170.4,2026-05,EIA retail-sales (sector IND),2026-08-05T22:10:34Z
2026-08-05,NJ,14.57,145.7,2026-05,EIA retail-sales (sector IND),2026-08-05T22:10:34Z
2026-08-05,NM,4.45,44.5,2026-05,EIA retail-sales (sector IND),2026-08-05T22:10:34Z
2026-08-05,NV,7.61,76.1,2026-05,EIA retail-sales (sector IND),2026-08-05T22:10:34Z
2026-08-05,NY,9.55,95.5,2026-05,EIA retail-sales (sector IND),2026-08-05T22:10:34Z
2026-08-05,OH,9.87,98.7,2026-05,EIA retail-sales (sector IND),2026-08-05T22:10:34Z
2026-08-05,OK,6.17,61.7,2026-05,EIA retail-sales (sector IND),2026-08-05T22:10:34Z
2026-08-05,OR,8.55,85.5,2026-05,EIA retail-sales (sector IND),2026-08-05T22:10:34Z
2026-08-05,PA,10.31,103.1,2026-05,EIA retail-sales (sector IND),2026-08-05T22:10:34Z
2026-08-05,RI,22.18,221.8,2026-05,EIA retail-sales (sector IND),2026-08-05T22:10:34Z
2026-08-05,SC,7.23,72.3,2026-05,EIA retail-sales (sector IND),2026-08-05T22:10:34Z
2026-08-05,SD,9.78,97.8,2026-05,EIA retail-sales (sector IND),2026-08-05T22:10:34Z
2026-08-05,TN,6.45,64.5,2026-05,EIA retail-sales (sector IND),2026-08-05T22:10:34Z
2026-08-05,TX,6.33,63.3,2026-05,EIA retail-sales (sector IND),2026-08-05T22:10:34Z
2026-08-05,US,8.71,87.1,2026-05,EIA retail-sales (sector IND),2026-08-05T22:10:34Z
2026-08-05,UT,8.1,81.0,2026-05,EIA retail-sales (sector IND),2026-08-05T22:10:34Z
2026-08-05,VA,10.53,105.3,2026-05,EIA retail-sales (sector IND),2026-08-05T22:10:34Z
2026-08-05,VT,12.59,125.9,2026-05,EIA retail-sales (sector IND),2026-08-05T22:10:34Z
2026-08-05,WA,7.24,72.4,2026-05,EIA retail-sales (sector IND),2026-08-05T22:10:34Z
2026-08-05,WI,9.0,90.0,2026-05,EIA retail-sales (sector IND),2026-08-05T22:10:34Z
2026-08-05,WV,9.48,94.8,2026-05,EIA retail-sales (sector IND),2026-08-05T22:10:34Z
2026-08-05,WY,9.12,91.2,2026-05,EIA retail-sales (sector IND),2026-08-05T22:10:34Z
2026-08-06,AK,31.36,313.6,2026-05,EIA retail-sales (sector IND),2026-08-06T15:11:20Z
2026-08-06,AL,7.89,78.9,2026-05,EIA retail-sales (sector IND),2026-08-06T15:11:20Z
2026-08-06,AR,6.69,66.9,2026-05,EIA retail-sales (sector IND),2026-08-06T15:11:20Z
2026-08-06,AZ,7.54,75.4,2026-05,EIA retail-sales (sector IND),2026-08-06T15:11:20Z
2026-08-06,CA,20.2,202.0,2026-05,EIA retail-sales (sector IND),2026-08-06T15:11:20Z
2026-08-06,CO,9.47,94.7,2026-05,EIA retail-sales (sector IND),2026-08-06T15:11:20Z
2026-08-06,CT,16.76,167.6,2026-05,EIA retail-sales (sector IND),2026-08-06T15:11:20Z
2026-08-06,DC,14.6,146.0,2026-05,EIA retail-sales (sector IND),2026-08-06T15:11:20Z
2026-08-06,DE,10.69,106.9,2026-05,EIA retail-sales (sector IND),2026-08-06T15:11:20Z
2026-08-06,FL,8.99,89.9,2026-05,EIA retail-sales (sector IND),2026-08-06T15:11:20Z
2026-08-06,GA,7.04,70.4,2026-05,EIA retail-sales (sector IND),2026-08-06T15:11:20Z
2026-08-06,HI,41.9,419.0,2026-05,EIA retail-sales (sector IND),2026-08-06T15:11:20Z
2026-08-06,IA,6.62,66.2,2026-05,EIA retail-sales (sector IND),2026-08-06T15:11:20Z
2026-08-06,ID,7.21,72.1,2026-05,EIA retail-sales (sector IND),2026-08-06T15:11:20Z
2026-08-06,IL,10.2,102.0,2026-05,EIA retail-sales (sector IND),2026-08-06T15:11:20Z
2026-08-06,IN,9.08,90.8,2026-05,EIA retail-sales (sector IND),2026-08-06T15:11:20Z
2026-08-06,KS,8.12,81.2,2026-05,EIA retail-sales (sector IND),2026-08-06T15:11:20Z
2026-08-06,KY,7.13,71.3,2026-05,EIA retail-sales (sector IND),2026-08-06T15:11:20Z
2026-08-06,LA,6.88,68.8,2026-05,EIA retail-sales (sector IND),2026-08-06T15:11:20Z
2026-08-06,MA,19.94,199.4,2026-05,EIA retail-sales (sector IND),2026-08-06T15:11:20Z
2026-08-06,MD,11.22,112.2,2026-05,EIA retail-sales (sector IND),2026-08-06T15:11:20Z
2026-08-06,ME,14.48,144.8,2026-05,EIA retail-sales (sector IND),2026-08-06T15:11:20Z
2026-08-06,MI,9.43,94.3,2026-05,EIA retail-sales (sector IND),2026-08-06T15:11:20Z
2026-08-06,MN,9.8,98.0,2026-05,EIA retail-sales (sector IND),2026-08-06T15:11:20Z
2026-08-06,MO,7.89,78.9,2026-05,EIA retail-sales (sector IND),2026-08-06T15:11:20Z
2026-08-06,MS,7.5,75.0,2026-05,EIA retail-sales (sector IND),2026-08-06T15:11:20Z
2026-08-06,MT,6.97,69.7,2026-05,EIA retail-sales (sector IND),2026-08-06T15:11:20Z
2026-08-06,NC,7.78,77.8,2026-05,EIA retail-sales (sector IND),2026-08-06T15:11:20Z
2026-08-06,ND,8.27,82.7,2026-05,EIA retail-sales (sector IND),2026-08-06T15:11:20Z
2026-08-06,NE,9.25,92.5,2026-05,EIA retail-sales (sector IND),2026-08-06T15:11:20Z
2026-08-06,NH,17.04,170.4,2026-05,EIA retail-sales (sector IND),2026-08-06T15:11:20Z
2026-08-06,NJ,14.57,145.7,2026-05,EIA retail-sales (sector IND),2026-08-06T15:11:20Z
2026-08-06,NM,4.45,44.5,2026-05,EIA retail-sales (sector IND),2026-08-06T15:11:20Z
2026-08-06,NV,7.61,76.1,2026-05,EIA retail-sales (sector IND),2026-08-06T15:11:20Z
2026-08-06,NY,9.55,95.5,2026-05,EIA retail-sales (sector IND),2026-08-06T15:11:20Z
2026-08-06,OH,9.87,98.7,2026-05,EIA retail-sales (sector IND),2026-08-06T15:11:20Z
2026-08-06,OK,6.17,61.7,2026-05,EIA retail-sales (sector IND),2026-08-06T15:11:20Z
2026-08-06,OR,8.55,85.5,2026-05,EIA retail-sales (sector IND),2026-08-06T15:11:20Z
2026-08-06,PA,10.31,103.1,2026-05,EIA retail-sales (sector IND),2026-08-06T15:11:20Z
2026-08-06,RI,22.18,221.8,2026-05,EIA retail-sales (sector IND),2026-08-06T15:11:20Z
2026-08-06,SC,7.23,72.3,2026-05,EIA retail-sales (sector IND),2026-08-06T15:11:20Z
2026-08-06,SD,9.78,97.8,2026-05,EIA retail-sales (sector IND),2026-08-06T15:11:20Z
2026-08-06,TN,6.45,64.5,2026-05,EIA retail-sales (sector IND),2026-08-06T15:11:20Z
2026-08-06,TX,6.33,63.3,2026-05,EIA retail-sales (sector IND),2026-08-06T15:11:20Z
2026-08-06,US,8.71,87.1,2026-05,EIA retail-sales (sector IND),2026-08-06T15:11:20Z
2026-08-06,UT,8.1,81.0,2026-05,EIA retail-sales (sector IND),2026-08-06T15:11:20Z
2026-08-06,VA,10.53,105.3,2026-05,EIA retail-sales (sector IND),2026-08-06T15:11:20Z
2026-08-06,VT,12.59,125.9,2026-05,EIA retail-sales (sector IND),2026-08-06T15:11:20Z
2026-08-06,WA,7.24,72.4,2026-05,EIA retail-sales (sector IND),2026-08-06T15:11:20Z
2026-08-06,WI,9.0,90.0,2026-05,EIA retail-sales (sector IND),2026-08-06T15:11:20Z
2026-08-06,WV,9.48,94.8,2026-05,EIA retail-sales (sector IND),2026-08-06T15:11:20Z
2026-08-06,WY,9.12,91.2,2026-05,EIA retail-sales (sector IND),2026-08-06T15:11:20Z
2026-08-07,AK,31.36,313.6,2026-05,EIA retail-sales (sector IND),2026-08-07T21:36:04Z
2026-08-07,AL,7.89,78.9,2026-05,EIA retail-sales (sector IND),2026-08-07T21:36:04Z
2026-08-07,AR,6.69,66.9,2026-05,EIA retail-sales (sector IND),2026-08-07T21:36:04Z
2026-08-07,AZ,7.54,75.4,2026-05,EIA retail-sales (sector IND),2026-08-07T21:36:04Z
2026-08-07,CA,20.2,202.0,2026-05,EIA retail-sales (sector IND),2026-08-07T21:36:04Z
2026-08-07,CO,9.47,94.7,2026-05,EIA retail-sales (sector IND),2026-08-07T21:36:04Z
2026-08-07,CT,16.76,167.6,2026-05,EIA retail-sales (sector IND),2026-08-07T21:36:04Z
2026-08-07,DC,14.6,146.0,2026-05,EIA retail-sales (sector IND),2026-08-07T21:36:04Z
2026-08-07,DE,10.69,106.9,2026-05,EIA retail-sales (sector IND),2026-08-07T21:36:04Z
2026-08-07,FL,8.99,89.9,2026-05,EIA retail-sales (sector IND),2026-08-07T21:36:04Z
2026-08-07,GA,7.04,70.4,2026-05,EIA retail-sales (sector IND),2026-08-07T21:36:04Z
2026-08-07,HI,41.9,419.0,2026-05,EIA retail-sales (sector IND),2026-08-07T21:36:04Z
2026-08-07,IA,6.62,66.2,2026-05,EIA retail-sales (sector IND),2026-08-07T21:36:04Z
2026-08-07,ID,7.21,72.1,2026-05,EIA retail-sales (sector IND),2026-08-07T21:36:04Z
2026-08-07,IL,10.2,102.0,2026-05,EIA retail-sales (sector IND),2026-08-07T21:36:04Z
2026-08-07,IN,9.08,90.8,2026-05,EIA retail-sales (sector IND),2026-08-07T21:36:04Z
2026-08-07,KS,8.12,81.2,2026-05,EIA retail-sales (sector IND),2026-08-07T21:36:04Z
2026-08-07,KY,7.13,71.3,2026-05,EIA retail-sales (sector IND),2026-08-07T21:36:04Z
2026-08-07,LA,6.88,68.8,2026-05,EIA retail-sales (sector IND),2026-08-07T21:36:04Z
2026-08-07,MA,19.94,199.4,2026-05,EIA retail-sales (sector IND),2026-08-07T21:36:04Z
2026-08-07,MD,11.22,112.2,2026-05,EIA retail-sales (sector IND),2026-08-07T21:36:04Z
2026-08-07,ME,14.48,144.8,2026-05,EIA retail-sales (sector IND),2026-08-07T21:36:04Z
2026-08-07,MI,9.43,94.3,2026-05,EIA retail-sales (sector IND),2026-08-07T21:36:04Z
2026-08-07,MN,9.8,98.0,2026-05,EIA retail-sales (sector IND),2026-08-07T21:36:04Z
2026-08-07,MO,7.89,78.9,2026-05,EIA retail-sales (sector IND),2026-08-07T21:36:04Z
2026-08-07,MS,7.5,75.0,2026-05,EIA retail-sales (sector IND),2026-08-07T21:36:04Z
2026-08-07,MT,6.97,69.7,2026-05,EIA retail-sales (sector IND),2026-08-07T21:36:04Z
2026-08-07,NC,7.78,77.8,2026-05,EIA retail-sales (sector IND),2026-08-07T21:36:04Z
2026-08-07,ND,8.27,82.7,2026-05,EIA retail-sales (sector IND),2026-08-07T21:36:04Z
2026-08-07,NE,9.25,92.5,2026-05,EIA retail-sales (sector IND),2026-08-07T21:36:04Z
2026-08-07,NH,17.04,170.4,2026-05,EIA retail-sales (sector IND),2026-08-07T21:36:04Z
2026-08-07,NJ,14.57,145.7,2026-05,EIA retail-sales (sector IND),2026-08-07T21:36:04Z
2026-08-07,NM,4.45,44.5,2026-05,EIA retail-sales (sector IND),2026-08-07T21:36:04Z
2026-08-07,NV,7.61,76.1,2026-05,EIA retail-sales (sector IND),2026-08-07T21:36:04Z
2026-08-07,NY,9.55,95.5,2026-05,EIA retail-sales (sector IND),2026-08-07T21:36:04Z
2026-08-07,OH,9.87,98.7,2026-05,EIA retail-sales (sector IND),2026-08-07T21:36:04Z
2026-08-07,OK,6.17,61.7,2026-05,EIA retail-sales (sector IND),2026-08-07T21:36:04Z
2026-08-07,OR,8.55,85.5,2026-05,EIA retail-sales (sector IND),2026-08-07T21:36:04Z
2026-08-07,PA,10.31,103.1,2026-05,EIA retail-sales (sector IND),2026-08-07T21:36:04Z
2026-08-07,RI,22.18,221.8,2026-05,EIA retail-sales (sector IND),2026-08-07T21:36:04Z
2026-08-07,SC,7.23,72.3,2026-05,EIA retail-sales (sector IND),2026-08-07T21:36:04Z
2026-08-07,SD,9.78,97.8,2026-05,EIA retail-sales (sector IND),2026-08-07T21:36:04Z
2026-08-07,TN,6.45,64.5,2026-05,EIA retail-sales (sector IND),2026-08-07T21:36:04Z
2026-08-07,TX,6.33,63.3,2026-05,EIA retail-sales (sector IND),2026-08-07T21:36:04Z
2026-08-07,US,8.71,87.1,2026-05,EIA retail-sales (sector IND),2026-08-07T21:36:04Z
2026-08-07,UT,8.1,81.0,2026-05,EIA retail-sales (sector IND),2026-08-07T21:36:04Z
2026-08-07,VA,10.53,105.3,2026-05,EIA retail-sales (sector IND),2026-08-07T21:36:04Z
2026-08-07,VT,12.59,125.9,2026-05,EIA retail-sales (sector IND),2026-08-07T21:36:04Z
2026-08-07,WA,7.24,72.4,2026-05,EIA retail-sales (sector IND),2026-08-07T21:36:04Z
2026-08-07,WI,9.0,90.0,2026-05,EIA retail-sales (sector IND),2026-08-07T21:36:04Z
2026-08-07,WV,9.48,94.8,2026-05,EIA retail-sales (sector IND),2026-08-07T21:36:04Z
2026-08-07,WY,9.12,91.2,2026-05,EIA retail-sales (sector IND),2026-08-07T21:36:04Z
2026-08-08,AK,31.36,313.6,2026-05,EIA retail-sales (sector IND),2026-08-08T21:26:39Z
2026-08-08,AL,7.89,78.9,2026-05,EIA retail-sales (sector IND),2026-08-08T21:26:39Z
2026-08-08,AR,6.69,66.9,2026-05,EIA retail-sales (sector IND),2026-08-08T21:26:39Z
2026-08-08,AZ,7.54,75.4,2026-05,EIA retail-sales (sector IND),2026-08-08T21:26:39Z
2026-08-08,CA,20.2,202.0,2026-05,EIA retail-sales (sector IND),2026-08-08T21:26:39Z
2026-08-08,CO,9.47,94.7,2026-05,EIA retail-sales (sector IND),2026-08-08T21:26:39Z
2026-08-08,CT,16.76,167.6,2026-05,EIA retail-sales (sector IND),2026-08-08T21:26:39Z
2026-08-08,DC,14.6,146.0,2026-05,EIA retail-sales (sector IND),2026-08-08T21:26:39Z
2026-08-08,DE,10.69,106.9,2026-05,EIA retail-sales (sector IND),2026-08-08T21:26:39Z
2026-08-08,FL,8.99,89.9,2026-05,EIA retail-sales (sector IND),2026-08-08T21:26:39Z
2026-08-08,GA,7.04,70.4,2026-05,EIA retail-sales (sector IND),2026-08-08T21:26:39Z
2026-08-08,HI,41.9,419.0,2026-05,EIA retail-sales (sector IND),2026-08-08T21:26:39Z
2026-08-08,IA,6.62,66.2,2026-05,EIA retail-sales (sector IND),2026-08-08T21:26:39Z
2026-08-08,ID,7.21,72.1,2026-05,EIA retail-sales (sector IND),2026-08-08T21:26:39Z
2026-08-08,IL,10.2,102.0,2026-05,EIA retail-sales (sector IND),2026-08-08T21:26:39Z
2026-08-08,IN,9.08,90.8,2026-05,EIA retail-sales (sector IND),2026-08-08T21:26:39Z
2026-08-08,KS,8.12,81.2,2026-05,EIA retail-sales (sector IND),2026-08-08T21:26:39Z
2026-08-08,KY,7.13,71.3,2026-05,EIA retail-sales (sector IND),2026-08-08T21:26:39Z
2026-08-08,LA,6.88,68.8,2026-05,EIA retail-sales (sector IND),2026-08-08T21:26:39Z
2026-08-08,MA,19.94,199.4,2026-05,EIA retail-sales (sector IND),2026-08-08T21:26:39Z
2026-08-08,MD,11.22,112.2,2026-05,EIA retail-sales (sector IND),2026-08-08T21:26:39Z
2026-08-08,ME,14.48,144.8,2026-05,EIA retail-sales (sector IND),2026-08-08T21:26:39Z
2026-08-08,MI,9.43,94.3,2026-05,EIA retail-sales (sector IND),2026-08-08T21:26:39Z
2026-08-08,MN,9.8,98.0,2026-05,EIA retail-sales (sector IND),2026-08-08T21:26:39Z
2026-08-08,MO,7.89,78.9,2026-05,EIA retail-sales (sector IND),2026-08-08T21:26:39Z
2026-08-08,MS,7.5,75.0,2026-05,EIA retail-sales (sector IND),2026-08-08T21:26:39Z
2026-08-08,MT,6.97,69.7,2026-05,EIA retail-sales (sector IND),2026-08-08T21:26:39Z
2026-08-08,NC,7.78,77.8,2026-05,EIA retail-sales (sector IND),2026-08-08T21:26:39Z
2026-08-08,ND,8.27,82.7,2026-05,EIA retail-sales (sector IND),2026-08-08T21:26:39Z
2026-08-08,NE,9.25,92.5,2026-05,EIA retail-sales (sector IND),2026-08-08T21:26:39Z
2026-08-08,NH,17.04,170.4,2026-05,EIA retail-sales (sector IND),2026-08-08T21:26:39Z
2026-08-08,NJ,14.57,145.7,2026-05,EIA retail-sales (sector IND),2026-08-08T21:26:39Z
2026-08-08,NM,4.45,44.5,2026-05,EIA retail-sales (sector IND),2026-08-08T21:26:39Z
2026-08-08,NV,7.61,76.1,2026-05,EIA retail-sales (sector IND),2026-08-08T21:26:39Z
2026-08-08,NY,9.55,95.5,2026-05,EIA retail-sales (sector IND),2026-08-08T21:26:39Z
2026-08-08,OH,9.87,98.7,2026-05,EIA retail-sales (sector IND),2026-08-08T21:26:39Z
2026-08-08,OK,6.17,61.7,2026-05,EIA retail-sales (sector IND),2026-08-08T21:26:39Z
2026-08-08,OR,8.55,85.5,2026-05,EIA retail-sales (sector IND),2026-08-08T21:26:39Z
2026-08-08,PA,10.31,103.1,2026-05,EIA retail-sales (sector IND),2026-08-08T21:26:39Z
2026-08-08,RI,22.18,221.8,2026-05,EIA retail-sales (sector IND),2026-08-08T21:26:39Z
2026-08-08,SC,7.23,72.3,2026-05,EIA retail-sales (sector IND),2026-08-08T21:26:39Z
2026-08-08,SD,9.78,97.8,2026-05,EIA retail-sales (sector IND),2026-08-08T21:26:39Z
2026-08-08,TN,6.45,64.5,2026-05,EIA retail-sales (sector IND),2026-08-08T21:26:39Z
2026-08-08,TX,6.33,63.3,2026-05,EIA retail-sales (sector IND),2026-08-08T21:26:39Z
2026-08-08,US,8.71,87.1,2026-05,EIA retail-sales (sector IND),2026-08-08T21:26:39Z
2026-08-08,UT,8.1,81.0,2026-05,EIA retail-sales (sector IND),2026-08-08T21:26:39Z
2026-08-08,VA,10.53,105.3,2026-05,EIA retail-sales (sector IND),2026-08-08T21:26:39Z
2026-08-08,VT,12.59,125.9,2026-05,EIA retail-sales (sector IND),2026-08-08T21:26:39Z
2026-08-08,WA,7.24,72.4,2026-05,EIA retail-sales (sector IND),2026-08-08T21:26:39Z
2026-08-08,WI,9.0,90.0,2026-05,EIA retail-sales (sector IND),2026-08-08T21:26:39Z
2026-08-08,WV,9.48,94.8,2026-05,EIA retail-sales (sector IND),2026-08-08T21:26:39Z
2026-08-08,WY,9.12,91.2,2026-05,EIA retail-sales (sector IND),2026-08-08T21:26:39Z
2026-08-09,AK,31.36,313.6,2026-05,EIA retail-sales (sector IND),2026-08-09T21:28:22Z
2026-08-09,AL,7.89,78.9,2026-05,EIA retail-sales (sector IND),2026-08-09T21:28:22Z
2026-08-09,AR,6.69,66.9,2026-05,EIA retail-sales (sector IND),2026-08-09T21:28:22Z
2026-08-09,AZ,7.54,75.4,2026-05,EIA retail-sales (sector IND),2026-08-09T21:28:22Z
2026-08-09,CA,20.2,202.0,2026-05,EIA retail-sales (sector IND),2026-08-09T21:28:22Z
2026-08-09,CO,9.47,94.7,2026-05,EIA retail-sales (sector IND),2026-08-09T21:28:22Z
2026-08-09,CT,16.76,167.6,2026-05,EIA retail-sales (sector IND),2026-08-09T21:28:22Z
2026-08-09,DC,14.6,146.0,2026-05,EIA retail-sales (sector IND),2026-08-09T21:28:22Z
2026-08-09,DE,10.69,106.9,2026-05,EIA retail-sales (sector IND),2026-08-09T21:28:22Z
2026-08-09,FL,8.99,89.9,2026-05,EIA retail-sales (sector IND),2026-08-09T21:28:22Z
2026-08-09,GA,7.04,70.4,2026-05,EIA retail-sales (sector IND),2026-08-09T21:28:22Z
2026-08-09,HI,41.9,419.0,2026-05,EIA retail-sales (sector IND),2026-08-09T21:28:22Z
2026-08-09,IA,6.62,66.2,2026-05,EIA retail-sales (sector IND),2026-08-09T21:28:22Z
2026-08-09,ID,7.21,72.1,2026-05,EIA retail-sales (sector IND),2026-08-09T21:28:22Z
2026-08-09,IL,10.2,102.0,2026-05,EIA retail-sales (sector IND),2026-08-09T21:28:22Z
2026-08-09,IN,9.08,90.8,2026-05,EIA retail-sales (sector IND),2026-08-09T21:28:22Z
2026-08-09,KS,8.12,81.2,2026-05,EIA retail-sales (sector IND),2026-08-09T21:28:22Z
2026-08-09,KY,7.13,71.3,2026-05,EIA retail-sales (sector IND),2026-08-09T21:28:22Z
2026-08-09,LA,6.88,68.8,2026-05,EIA retail-sales (sector IND),2026-08-09T21:28:22Z
2026-08-09,MA,19.94,199.4,2026-05,EIA retail-sales (sector IND),2026-08-09T21:28:22Z
2026-08-09,MD,11.22,112.2,2026-05,EIA retail-sales (sector IND),2026-08-09T21:28:22Z
2026-08-09,ME,14.48,144.8,2026-05,EIA retail-sales (sector IND),2026-08-09T21:28:22Z
2026-08-09,MI,9.43,94.3,2026-05,EIA retail-sales (sector IND),2026-08-09T21:28:22Z
2026-08-09,MN,9.8,98.0,2026-05,EIA retail-sales (sector IND),2026-08-09T21:28:22Z
2026-08-09,MO,7.89,78.9,2026-05,EIA retail-sales (sector IND),2026-08-09T21:28:22Z
2026-08-09,MS,7.5,75.0,2026-05,EIA retail-sales (sector IND),2026-08-09T21:28:22Z
2026-08-09,MT,6.97,69.7,2026-05,EIA retail-sales (sector IND),2026-08-09T21:28:22Z
2026-08-09,NC,7.78,77.8,2026-05,EIA retail-sales (sector IND),2026-08-09T21:28:22Z
2026-08-09,ND,8.27,82.7,2026-05,EIA retail-sales (sector IND),2026-08-09T21:28:22Z
2026-08-09,NE,9.25,92.5,2026-05,EIA retail-sales (sector IND),2026-08-09T21:28:22Z
2026-08-09,NH,17.04,170.4,2026-05,EIA retail-sales (sector IND),2026-08-09T21:28:22Z
2026-08-09,NJ,14.57,145.7,2026-05,EIA retail-sales (sector IND),2026-08-09T21:28:22Z
2026-08-09,NM,4.45,44.5,2026-05,EIA retail-sales (sector IND),2026-08-09T21:28:22Z
2026-08-09,NV,7.61,76.1,2026-05,EIA retail-sales (sector IND),2026-08-09T21:28:22Z
2026-08-09,NY,9.55,95.5,2026-05,EIA retail-sales (sector IND),2026-08-09T21:28:22Z
2026-08-09,OH,9.87,98.7,2026-05,EIA retail-sales (sector IND),2026-08-09T21:28:22Z
2026-08-09,OK,6.17,61.7,2026-05,EIA retail-sales (sector IND),2026-08-09T21:28:22Z
2026-08-09,OR,8.55,85.5,2026-05,EIA retail-sales (sector IND),2026-08-09T21:28:22Z
2026-08-09,PA,10.31,103.1,2026-05,EIA retail-sales (sector IND),2026-08-09T21:28:22Z
2026-08-09,RI,22.18,221.8,2026-05,EIA retail-sales (sector IND),2026-08-09T21:28:22Z
2026-08-09,SC,7.23,72.3,2026-05,EIA retail-sales (sector IND),2026-08-09T21:28:22Z
2026-08-09,SD,9.78,97.8,2026-05,EIA retail-sales (sector IND),2026-08-09T21:28:22Z
2026-08-09,TN,6.45,64.5,2026-05,EIA retail-sales (sector IND),2026-08-09T21:28:22Z
2026-08-09,TX,6.33,63.3,2026-05,EIA retail-sales (sector IND),2026-08-09T21:28:22Z
2026-08-09,US,8.71,87.1,2026-05,EIA retail-sales (sector IND),2026-08-09T21:28:22Z
2026-08-09,UT,8.1,81.0,2026-05,EIA retail-sales (sector IND),2026-08-09T21:28:22Z
2026-08-09,VA,10.53,105.3,2026-05,EIA retail-sales (sector IND),2026-08-09T21:28:22Z
2026-08-09,VT,12.59,125.9,2026-05,EIA retail-sales (sector IND),2026-08-09T21:28:22Z
2026-08-09,WA,7.24,72.4,2026-05,EIA retail-sales (sector IND),2026-08-09T21:28:22Z
2026-08-09,WI,9.0,90.0,2026-05,EIA retail-sales (sector IND),2026-08-09T21:28:22Z
2026-08-09,WV,9.48,94.8,2026-05,EIA retail-sales (sector IND),2026-08-09T21:28:22Z
2026-08-09,WY,9.12,91.2,2026-05,EIA retail-sales (sector IND),2026-08-09T21:28:22Z
2026-08-10,AK,31.36,313.6,2026-05,EIA retail-sales (sector IND),2026-08-10T21:37:59Z
2026-08-10,AL,7.89,78.9,2026-05,EIA retail-sales (sector IND),2026-08-10T21:37:59Z
2026-08-10,AR,6.69,66.9,2026-05,EIA retail-sales (sector IND),2026-08-10T21:37:59Z
2026-08-10,AZ,7.54,75.4,2026-05,EIA retail-sales (sector IND),2026-08-10T21:37:59Z
2026-08-10,CA,20.2,202.0,2026-05,EIA retail-sales (sector IND),2026-08-10T21:37:59Z
2026-08-10,CO,9.47,94.7,2026-05,EIA retail-sales (sector IND),2026-08-10T21:37:59Z
2026-08-10,CT,16.76,167.6,2026-05,EIA retail-sales (sector IND),2026-08-10T21:37:59Z
2026-08-10,DC,14.6,146.0,2026-05,EIA retail-sales (sector IND),2026-08-10T21:37:59Z
2026-08-10,DE,10.69,106.9,2026-05,EIA retail-sales (sector IND),2026-08-10T21:37:59Z
2026-08-10,FL,8.99,89.9,2026-05,EIA retail-sales (sector IND),2026-08-10T21:37:59Z
2026-08-10,GA,7.04,70.4,2026-05,EIA retail-sales (sector IND),2026-08-10T21:37:59Z
2026-08-10,HI,41.9,419.0,2026-05,EIA retail-sales (sector IND),2026-08-10T21:37:59Z
2026-08-10,IA,6.62,66.2,2026-05,EIA retail-sales (sector IND),2026-08-10T21:37:59Z
2026-08-10,ID,7.21,72.1,2026-05,EIA retail-sales (sector IND),2026-08-10T21:37:59Z
2026-08-10,IL,10.2,102.0,2026-05,EIA retail-sales (sector IND),2026-08-10T21:37:59Z
2026-08-10,IN,9.08,90.8,2026-05,EIA retail-sales (sector IND),2026-08-10T21:37:59Z
2026-08-10,KS,8.12,81.2,2026-05,EIA retail-sales (sector IND),2026-08-10T21:37:59Z
2026-08-10,KY,7.13,71.3,2026-05,EIA retail-sales (sector IND),2026-08-10T21:37:59Z
2026-08-10,LA,6.88,68.8,2026-05,EIA retail-sales (sector IND),2026-08-10T21:37:59Z
2026-08-10,MA,19.94,199.4,2026-05,EIA retail-sales (sector IND),2026-08-10T21:37:59Z
2026-08-10,MD,11.22,112.2,2026-05,EIA retail-sales (sector IND),2026-08-10T21:37:59Z
2026-08-10,ME,14.48,144.8,2026-05,EIA retail-sales (sector IND),2026-08-10T21:37:59Z
2026-08-10,MI,9.43,94.3,2026-05,EIA retail-sales (sector IND),2026-08-10T21:37:59Z
2026-08-10,MN,9.8,98.0,2026-05,EIA retail-sales (sector IND),2026-08-10T21:37:59Z
2026-08-10,MO,7.89,78.9,2026-05,EIA retail-sales (sector IND),2026-08-10T21:37:59Z
2026-08-10,MS,7.5,75.0,2026-05,EIA retail-sales (sector IND),2026-08-10T21:37:59Z
2026-08-10,MT,6.97,69.7,2026-05,EIA retail-sales (sector IND),2026-08-10T21:37:59Z
2026-08-10,NC,7.78,77.8,2026-05,EIA retail-sales (sector IND),2026-08-10T21:37:59Z
2026-08-10,ND,8.27,82.7,2026-05,EIA retail-sales (sector IND),2026-08-10T21:37:59Z
2026-08-10,NE,9.25,92.5,2026-05,EIA retail-sales (sector IND),2026-08-10T21:37:59Z
2026-08-10,NH,17.04,170.4,2026-05,EIA retail-sales (sector IND),2026-08-10T21:37:59Z
2026-08-10,NJ,14.57,145.7,2026-05,EIA retail-sales (sector IND),2026-08-10T21:37:59Z
2026-08-10,NM,4.45,44.5,2026-05,EIA retail-sales (sector IND),2026-08-10T21:37:59Z
2026-08-10,NV,7.61,76.1,2026-05,EIA retail-sales (sector IND),2026-08-10T21:37:59Z
2026-08-10,NY,9.55,95.5,2026-05,EIA retail-sales (sector IND),2026-08-10T21:37:59Z
2026-08-10,OH,9.87,98.7,2026-05,EIA retail-sales (sector IND),2026-08-10T21:37:59Z
2026-08-10,OK,6.17,61.7,2026-05,EIA retail-sales (sector IND),2026-08-10T21:37:59Z
2026-08-10,OR,8.55,85.5,2026-05,EIA retail-sales (sector IND),2026-08-10T21:37:59Z
2026-08-10,PA,10.31,103.1,2026-05,EIA retail-sales (sector IND),2026-08-10T21:37:59Z
2026-08-10,RI,22.18,221.8,2026-05,EIA retail-sales (sector IND),2026-08-10T21:37:59Z
2026-08-10,SC,7.23,72.3,2026-05,EIA retail-sales (sector IND),2026-08-10T21:37:59Z
2026-08-10,SD,9.78,97.8,2026-05,EIA retail-sales (sector IND),2026-08-10T21:37:59Z
2026-08-10,TN,6.45,64.5,2026-05,EIA retail-sales (sector IND),2026-08-10T21:37:59Z
2026-08-10,TX,6.33,63.3,2026-05,EIA retail-sales (sector IND),2026-08-10T21:37:59Z
2026-08-10,US,8.71,87.1,2026-05,EIA retail-sales (sector IND),2026-08-10T21:37:59Z
2026-08-10,UT,8.1,81.0,2026-05,EIA retail-sales (sector IND),2026-08-10T21:37:59Z
2026-08-10,VA,10.53,105.3,2026-05,EIA retail-sales (sector IND),2026-08-10T21:37:59Z
2026-08-10,VT,12.59,125.9,2026-05,EIA retail-sales (sector IND),2026-08-10T21:37:59Z
2026-08-10,WA,7.24,72.4,2026-05,EIA retail-sales (sector IND),2026-08-10T21:37:59Z
2026-08-10,WI,9.0,90.0,2026-05,EIA retail-sales (sector IND),2026-08-10T21:37:59Z
2026-08-10,WV,9.48,94.8,2026-05,EIA retail-sales (sector IND),2026-08-10T21:37:59Z
2026-08-10,WY,9.12,91.2,2026-05,EIA retail-sales (sector IND),2026-08-10T21:37:59Z
2026-08-11,AK,31.36,313.6,2026-05,EIA retail-sales (sector IND),2026-08-11T21:42:18Z
2026-08-11,AL,7.89,78.9,2026-05,EIA retail-sales (sector IND),2026-08-11T21:42:18Z
2026-08-11,AR,6.69,66.9,2026-05,EIA retail-sales (sector IND),2026-08-11T21:42:18Z
2026-08-11,AZ,7.54,75.4,2026-05,EIA retail-sales (sector IND),2026-08-11T21:42:18Z
2026-08-11,CA,20.2,202.0,2026-05,EIA retail-sales (sector IND),2026-08-11T21:42:18Z
2026-08-11,CO,9.47,94.7,2026-05,EIA retail-sales (sector IND),2026-08-11T21:42:18Z
2026-08-11,CT,16.76,167.6,2026-05,EIA retail-sales (sector IND),2026-08-11T21:42:18Z
2026-08-11,DC,14.6,146.0,2026-05,EIA retail-sales (sector IND),2026-08-11T21:42:18Z
2026-08-11,DE,10.69,106.9,2026-05,EIA retail-sales (sector IND),2026-08-11T21:42:18Z
2026-08-11,FL,8.99,89.9,2026-05,EIA retail-sales (sector IND),2026-08-11T21:42:18Z
2026-08-11,GA,7.04,70.4,2026-05,EIA retail-sales (sector IND),2026-08-11T21:42:18Z
2026-08-11,HI,41.9,419.0,2026-05,EIA retail-sales (sector IND),2026-08-11T21:42:18Z
2026-08-11,IA,6.62,66.2,2026-05,EIA retail-sales (sector IND),2026-08-11T21:42:18Z
2026-08-11,ID,7.21,72.1,2026-05,EIA retail-sales (sector IND),2026-08-11T21:42:18Z
2026-08-11,IL,10.2,102.0,2026-05,EIA retail-sales (sector IND),2026-08-11T21:42:18Z
2026-08-11,IN,9.08,90.8,2026-05,EIA retail-sales (sector IND),2026-08-11T21:42:18Z
2026-08-11,KS,8.12,81.2,2026-05,EIA retail-sales (sector IND),2026-08-11T21:42:18Z
2026-08-11,KY,7.13,71.3,2026-05,EIA retail-sales (sector IND),2026-08-11T21:42:18Z
2026-08-11,LA,6.88,68.8,2026-05,EIA retail-sales (sector IND),2026-08-11T21:42:18Z
2026-08-11,MA,19.94,199.4,2026-05,EIA retail-sales (sector IND),2026-08-11T21:42:18Z
2026-08-11,MD,11.22,112.2,2026-05,EIA retail-sales (sector IND),2026-08-11T21:42:18Z
2026-08-11,ME,14.48,144.8,2026-05,EIA retail-sales (sector IND),2026-08-11T21:42:18Z
2026-08-11,MI,9.43,94.3,2026-05,EIA retail-sales (sector IND),2026-08-11T21:42:18Z
2026-08-11,MN,9.8,98.0,2026-05,EIA retail-sales (sector IND),2026-08-11T21:42:18Z
2026-08-11,MO,7.89,78.9,2026-05,EIA retail-sales (sector IND),2026-08-11T21:42:18Z
2026-08-11,MS,7.5,75.0,2026-05,EIA retail-sales (sector IND),2026-08-11T21:42:18Z
2026-08-11,MT,6.97,69.7,2026-05,EIA retail-sales (sector IND),2026-08-11T21:42:18Z
2026-08-11,NC,7.78,77.8,2026-05,EIA retail-sales (sector IND),2026-08-11T21:42:18Z
2026-08-11,ND,8.27,82.7,2026-05,EIA retail-sales (sector IND),2026-08-11T21:42:18Z
2026-08-11,NE,9.25,92.5,2026-05,EIA retail-sales (sector IND),2026-08-11T21:42:18Z
2026-08-11,NH,17.04,170.4,2026-05,EIA retail-sales (sector IND),2026-08-11T21:42:18Z
2026-08-11,NJ,14.57,145.7,2026-05,EIA retail-sales (sector IND),2026-08-11T21:42:18Z
2026-08-11,NM,4.45,44.5,2026-05,EIA retail-sales (sector IND),2026-08-11T21:42:18Z
2026-08-11,NV,7.61,76.1,2026-05,EIA retail-sales (sector IND),2026-08-11T21:42:18Z
2026-08-11,NY,9.55,95.5,2026-05,EIA retail-sales (sector IND),2026-08-11T21:42:18Z
2026-08-11,OH,9.87,98.7,2026-05,EIA retail-sales (sector IND),2026-08-11T21:42:18Z
2026-08-11,OK,6.17,61.7,2026-05,EIA retail-sales (sector IND),2026-08-11T21:42:18Z
2026-08-11,OR,8.55,85.5,2026-05,EIA retail-sales (sector IND),2026-08-11T21:42:18Z
2026-08-11,PA,10.31,103.1,2026-05,EIA retail-sales (sector IND),2026-08-11T21:42:18Z
2026-08-11,RI,22.18,221.8,2026-05,EIA retail-sales (sector IND),2026-08-11T21:42:18Z
2026-08-11,SC,7.23,72.3,2026-05,EIA retail-sales (sector IND),2026-08-11T21:42:18Z
2026-08-11,SD,9.78,97.8,2026-05,EIA retail-sales (sector IND),2026-08-11T21:42:18Z
2026-08-11,TN,6.45,64.5,2026-05,EIA retail-sales (sector IND),2026-08-11T21:42:18Z
2026-08-11,TX,6.33,63.3,2026-05,EIA retail-sales (sector IND),2026-08-11T21:42:18Z
2026-08-11,US,8.71,87.1,2026-05,EIA retail-sales (sector IND),2026-08-11T21:42:18Z
2026-08-11,UT,8.1,81.0,2026-05,EIA retail-sales (sector IND),2026-08-11T21:42:18Z
2026-08-11,VA,10.53,105.3,2026-05,EIA retail-sales (sector IND),2026-08-11T21:42:18Z
2026-08-11,VT,12.59,125.9,2026-05,EIA retail-sales (sector IND),2026-08-11T21:42:18Z
2026-08-11,WA,7.24,72.4,2026-05,EIA retail-sales (sector IND),2026-08-11T21:42:18Z
2026-08-11,WI,9.0,90.0,2026-05,EIA retail-sales (sector IND),2026-08-11T21:42:18Z
2026-08-11,WV,9.48,94.8,2026-05,EIA retail-sales (sector IND),2026-08-11T21:42:18Z
2026-08-11,WY,9.12,91.2,2026-05,EIA retail-sales (sector IND),2026-08-11T21:42:18Z
2026-08-12,AK,31.36,313.6,2026-05,EIA retail-sales (sector IND),2026-08-12T21:41:41Z
2026-08-12,AL,7.89,78.9,2026-05,EIA retail-sales (sector IND),2026-08-12T21:41:41Z
2026-08-12,AR,6.69,66.9,2026-05,EIA retail-sales (sector IND),2026-08-12T21:41:41Z
2026-08-12,AZ,7.54,75.4,2026-05,EIA retail-sales (sector IND),2026-08-12T21:41:41Z
2026-08-12,CA,20.2,202.0,2026-05,EIA retail-sales (sector IND),2026-08-12T21:41:41Z
2026-08-12,CO,9.47,94.7,2026-05,EIA retail-sales (sector IND),2026-08-12T21:41:41Z
2026-08-12,CT,16.76,167.6,2026-05,EIA retail-sales (sector IND),2026-08-12T21:41:41Z
2026-08-12,DC,14.6,146.0,2026-05,EIA retail-sales (sector IND),2026-08-12T21:41:41Z
2026-08-12,DE,10.69,106.9,2026-05,EIA retail-sales (sector IND),2026-08-12T21:41:41Z
2026-08-12,FL,8.99,89.9,2026-05,EIA retail-sales (sector IND),2026-08-12T21:41:41Z
2026-08-12,GA,7.04,70.4,2026-05,EIA retail-sales (sector IND),2026-08-12T21:41:41Z
2026-08-12,HI,41.9,419.0,2026-05,EIA retail-sales (sector IND),2026-08-12T21:41:41Z
2026-08-12,IA,6.62,66.2,2026-05,EIA retail-sales (sector IND),2026-08-12T21:41:41Z
2026-08-12,ID,7.21,72.1,2026-05,EIA retail-sales (sector IND),2026-08-12T21:41:41Z
2026-08-12,IL,10.2,102.0,2026-05,EIA retail-sales (sector IND),2026-08-12T21:41:41Z
2026-08-12,IN,9.08,90.8,2026-05,EIA retail-sales (sector IND),2026-08-12T21:41:41Z
2026-08-12,KS,8.12,81.2,2026-05,EIA retail-sales (sector IND),2026-08-12T21:41:41Z
2026-08-12,KY,7.13,71.3,2026-05,EIA retail-sales (sector IND),2026-08-12T21:41:41Z
2026-08-12,LA,6.88,68.8,2026-05,EIA retail-sales (sector IND),2026-08-12T21:41:41Z
2026-08-12,MA,19.94,199.4,2026-05,EIA retail-sales (sector IND),2026-08-12T21:41:41Z
2026-08-12,MD,11.22,112.2,2026-05,EIA retail-sales (sector IND),2026-08-12T21:41:41Z
2026-08-12,ME,14.48,144.8,2026-05,EIA retail-sales (sector IND),2026-08-12T21:41:41Z
2026-08-12,MI,9.43,94.3,2026-05,EIA retail-sales (sector IND),2026-08-12T21:41:41Z
2026-08-12,MN,9.8,98.0,2026-05,EIA retail-sales (sector IND),2026-08-12T21:41:41Z
2026-08-12,MO,7.89,78.9,2026-05,EIA retail-sales (sector IND),2026-08-12T21:41:41Z
2026-08-12,MS,7.5,75.0,2026-05,EIA retail-sales (sector IND),2026-08-12T21:41:41Z
2026-08-12,MT,6.97,69.7,2026-05,EIA retail-sales (sector IND),2026-08-12T21:41:41Z
2026-08-12,NC,7.78,77.8,2026-05,EIA retail-sales (sector IND),2026-08-12T21:41:41Z
2026-08-12,ND,8.27,82.7,2026-05,EIA retail-sales (sector IND),2026-08-12T21:41:41Z
2026-08-12,NE,9.25,92.5,2026-05,EIA retail-sales (sector IND),2026-08-12T21:41:41Z
2026-08-12,NH,17.04,170.4,2026-05,EIA retail-sales (sector IND),2026-08-12T21:41:41Z
2026-08-12,NJ,14.57,145.7,2026-05,EIA retail-sales (sector IND),2026-08-12T21:41:41Z
2026-08-12,NM,4.45,44.5,2026-05,EIA retail-sales (sector IND),2026-08-12T21:41:41Z
2026-08-12,NV,7.61,76.1,2026-05,EIA retail-sales (sector IND),2026-08-12T21:41:41Z
2026-08-12,NY,9.55,95.5,2026-05,EIA retail-sales (sector IND),2026-08-12T21:41:41Z
2026-08-12,OH,9.87,98.7,2026-05,EIA retail-sales (sector IND),2026-08-12T21:41:41Z
2026-08-12,OK,6.17,61.7,2026-05,EIA retail-sales (sector IND),2026-08-12T21:41:41Z
2026-08-12,OR,8.55,85.5,2026-05,EIA retail-sales (sector IND),2026-08-12T21:41:41Z
2026-08-12,PA,10.31,103.1,2026-05,EIA retail-sales (sector IND),2026-08-12T21:41:41Z
2026-08-12,RI,22.18,221.8,2026-05,EIA retail-sales (sector IND),2026-08-12T21:41:41Z
2026-08-12,SC,7.23,72.3,2026-05,EIA retail-sales (sector IND),2026-08-12T21:41:41Z
2026-08-12,SD,9.78,97.8,2026-05,EIA retail-sales (sector IND),2026-08-12T21:41:41Z
2026-08-12,TN,6.45,64.5,2026-05,EIA retail-sales (sector IND),2026-08-12T21:41:41Z
2026-08-12,TX,6.33,63.3,2026-05,EIA retail-sales (sector IND),2026-08-12T21:41:41Z
2026-08-12,US,8.71,87.1,2026-05,EIA retail-sales (sector IND),2026-08-12T21:41:41Z
2026-08-12,UT,8.1,81.0,2026-05,EIA retail-sales (sector IND),2026-08-12T21:41:41Z
2026-08-12,VA,10.53,105.3,2026-05,EIA retail-sales (sector IND),2026-08-12T21:41:41Z
2026-08-12,VT,12.59,125.9,2026-05,EIA retail-sales (sector IND),2026-08-12T21:41:41Z
2026-08-12,WA,7.24,72.4,2026-05,EIA retail-sales (sector IND),2026-08-12T21:41:41Z
2026-08-12,WI,9.0,90.0,2026-05,EIA retail-sales (sector IND),2026-08-12T21:41:41Z
2026-08-12,WV,9.48,94.8,2026-05,EIA retail-sales (sector IND),2026-08-12T21:41:41Z
2026-08-12,WY,9.12,91.2,2026-05,EIA retail-sales (sector IND),2026-08-12T21:41:41Z
2026-08-13,AK,31.36,313.6,2026-05,EIA retail-sales (sector IND),2026-08-13T21:41:32Z
2026-08-13,AL,7.89,78.9,2026-05,EIA retail-sales (sector IND),2026-08-13T21:41:32Z
2026-08-13,AR,6.69,66.9,2026-05,EIA retail-sales (sector IND),2026-08-13T21:41:32Z
2026-08-13,AZ,7.54,75.4,2026-05,EIA retail-sales (sector IND),2026-08-13T21:41:32Z
2026-08-13,CA,20.2,202.0,2026-05,EIA retail-sales (sector IND),2026-08-13T21:41:32Z
2026-08-13,CO,9.47,94.7,2026-05,EIA retail-sales (sector IND),2026-08-13T21:41:32Z
2026-08-13,CT,16.76,167.6,2026-05,EIA retail-sales (sector IND),2026-08-13T21:41:32Z
2026-08-13,DC,14.6,146.0,2026-05,EIA retail-sales (sector IND),2026-08-13T21:41:32Z
2026-08-13,DE,10.69,106.9,2026-05,EIA retail-sales (sector IND),2026-08-13T21:41:32Z
2026-08-13,FL,8.99,89.9,2026-05,EIA retail-sales (sector IND),2026-08-13T21:41:32Z
2026-08-13,GA,7.04,70.4,2026-05,EIA retail-sales (sector IND),2026-08-13T21:41:32Z
2026-08-13,HI,41.9,419.0,2026-05,EIA retail-sales (sector IND),2026-08-13T21:41:32Z
2026-08-13,IA,6.62,66.2,2026-05,EIA retail-sales (sector IND),2026-08-13T21:41:32Z
2026-08-13,ID,7.21,72.1,2026-05,EIA retail-sales (sector IND),2026-08-13T21:41:32Z
2026-08-13,IL,10.2,102.0,2026-05,EIA retail-sales (sector IND),2026-08-13T21:41:32Z
2026-08-13,IN,9.08,90.8,2026-05,EIA retail-sales (sector IND),2026-08-13T21:41:32Z
2026-08-13,KS,8.12,81.2,2026-05,EIA retail-sales (sector IND),2026-08-13T21:41:32Z
2026-08-13,KY,7.13,71.3,2026-05,EIA retail-sales (sector IND),2026-08-13T21:41:32Z
2026-08-13,LA,6.88,68.8,2026-05,EIA retail-sales (sector IND),2026-08-13T21:41:32Z
2026-08-13,MA,19.94,199.4,2026-05,EIA retail-sales (sector IND),2026-08-13T21:41:32Z
2026-08-13,MD,11.22,112.2,2026-05,EIA retail-sales (sector IND),2026-08-13T21:41:32Z
2026-08-13,ME,14.48,144.8,2026-05,EIA retail-sales (sector IND),2026-08-13T21:41:32Z
2026-08-13,MI,9.43,94.3,2026-05,EIA retail-sales (sector IND),2026-08-13T21:41:32Z
2026-08-13,MN,9.8,98.0,2026-05,EIA retail-sales (sector IND),2026-08-13T21:41:32Z
2026-08-13,MO,7.89,78.9,2026-05,EIA retail-sales (sector IND),2026-08-13T21:41:32Z
2026-08-13,MS,7.5,75.0,2026-05,EIA retail-sales (sector IND),2026-08-13T21:41:32Z
2026-08-13,MT,6.97,69.7,2026-05,EIA retail-sales (sector IND),2026-08-13T21:41:32Z
2026-08-13,NC,7.78,77.8,2026-05,EIA retail-sales (sector IND),2026-08-13T21:41:32Z
2026-08-13,ND,8.27,82.7,2026-05,EIA retail-sales (sector IND),2026-08-13T21:41:32Z
2026-08-13,NE,9.25,92.5,2026-05,EIA retail-sales (sector IND),2026-08-13T21:41:32Z
2026-08-13,NH,17.04,170.4,2026-05,EIA retail-sales (sector IND),2026-08-13T21:41:32Z
2026-08-13,NJ,14.57,145.7,2026-05,EIA retail-sales (sector IND),2026-08-13T21:41:32Z
2026-08-13,NM,4.45,44.5,2026-05,EIA retail-sales (sector IND),2026-08-13T21:41:32Z
2026-08-13,NV,7.61,76.1,2026-05,EIA retail-sales (sector IND),2026-08-13T21:41:32Z
2026-08-13,NY,9.55,95.5,2026-05,EIA retail-sales (sector IND),2026-08-13T21:41:32Z
2026-08-13,OH,9.87,98.7,2026-05,EIA retail-sales (sector IND),2026-08-13T21:41:32Z
2026-08-13,OK,6.17,61.7,2026-05,EIA retail-sales (sector IND),2026-08-13T21:41:32Z
2026-08-13,OR,8.55,85.5,2026-05,EIA retail-sales (sector IND),2026-08-13T21:41:32Z
2026-08-13,PA,10.31,103.1,2026-05,EIA retail-sales (sector IND),2026-08-13T21:41:32Z
2026-08-13,RI,22.18,221.8,2026-05,EIA retail-sales (sector IND),2026-08-13T21:41:32Z
2026-08-13,SC,7.23,72.3,2026-05,EIA retail-sales (sector IND),2026-08-13T21:41:32Z
2026-08-13,SD,9.78,97.8,2026-05,EIA retail-sales (sector IND),2026-08-13T21:41:32Z
2026-08-13,TN,6.45,64.5,2026-05,EIA retail-sales (sector IND),2026-08-13T21:41:32Z
2026-08-13,TX,6.33,63.3,2026-05,EIA retail-sales (sector IND),2026-08-13T21:41:32Z
2026-08-13,US,8.71,87.1,2026-05,EIA retail-sales (sector IND),2026-08-13T21:41:32Z
2026-08-13,UT,8.1,81.0,2026-05,EIA retail-sales (sector IND),2026-08-13T21:41:32Z
2026-08-13,VA,10.53,105.3,2026-05,EIA retail-sales (sector IND),2026-08-13T21:41:32Z
2026-08-13,VT,12.59,125.9,2026-05,EIA retail-sales (sector IND),2026-08-13T21:41:32Z
2026-08-13,WA,7.24,72.4,2026-05,EIA retail-sales (sector IND),2026-08-13T21:41:32Z
2026-08-13,WI,9.0,90.0,2026-05,EIA retail-sales (sector IND),2026-08-13T21:41:32Z
2026-08-13,WV,9.48,94.8,2026-05,EIA retail-sales (sector IND),2026-08-13T21:41:32Z
2026-08-13,WY,9.12,91.2,2026-05,EIA retail-sales (sector IND),2026-08-13T21:41:32Z
2026-08-14,AK,31.36,313.6,2026-05,EIA retail-sales (sector IND),2026-08-14T21:23:40Z
2026-08-14,AL,7.89,78.9,2026-05,EIA retail-sales (sector IND),2026-08-14T21:23:40Z
2026-08-14,AR,6.69,66.9,2026-05,EIA retail-sales (sector IND),2026-08-14T21:23:40Z
2026-08-14,AZ,7.54,75.4,2026-05,EIA retail-sales (sector IND),2026-08-14T21:23:40Z
2026-08-14,CA,20.2,202.0,2026-05,EIA retail-sales (sector IND),2026-08-14T21:23:40Z
2026-08-14,CO,9.47,94.7,2026-05,EIA retail-sales (sector IND),2026-08-14T21:23:40Z
2026-08-14,CT,16.76,167.6,2026-05,EIA retail-sales (sector IND),2026-08-14T21:23:40Z
2026-08-14,DC,14.6,146.0,2026-05,EIA retail-sales (sector IND),2026-08-14T21:23:40Z
2026-08-14,DE,10.69,106.9,2026-05,EIA retail-sales (sector IND),2026-08-14T21:23:40Z
2026-08-14,FL,8.99,89.9,2026-05,EIA retail-sales (sector IND),2026-08-14T21:23:40Z
2026-08-14,GA,7.04,70.4,2026-05,EIA retail-sales (sector IND),2026-08-14T21:23:40Z
2026-08-14,HI,41.9,419.0,2026-05,EIA retail-sales (sector IND),2026-08-14T21:23:40Z
2026-08-14,IA,6.62,66.2,2026-05,EIA retail-sales (sector IND),2026-08-14T21:23:40Z
2026-08-14,ID,7.21,72.1,2026-05,EIA retail-sales (sector IND),2026-08-14T21:23:40Z
2026-08-14,IL,10.2,102.0,2026-05,EIA retail-sales (sector IND),2026-08-14T21:23:40Z
2026-08-14,IN,9.08,90.8,2026-05,EIA retail-sales (sector IND),2026-08-14T21:23:40Z
2026-08-14,KS,8.12,81.2,2026-05,EIA retail-sales (sector IND),2026-08-14T21:23:40Z
2026-08-14,KY,7.13,71.3,2026-05,EIA retail-sales (sector IND),2026-08-14T21:23:40Z
2026-08-14,LA,6.88,68.8,2026-05,EIA retail-sales (sector IND),2026-08-14T21:23:40Z
2026-08-14,MA,19.94,199.4,2026-05,EIA retail-sales (sector IND),2026-08-14T21:23:40Z
2026-08-14,MD,11.22,112.2,2026-05,EIA retail-sales (sector IND),2026-08-14T21:23:40Z
2026-08-14,ME,14.48,144.8,2026-05,EIA retail-sales (sector IND),2026-08-14T21:23:40Z
2026-08-14,MI,9.43,94.3,2026-05,EIA retail-sales (sector IND),2026-08-14T21:23:40Z
2026-08-14,MN,9.8,98.0,2026-05,EIA retail-sales (sector IND),2026-08-14T21:23:40Z
2026-08-14,MO,7.89,78.9,2026-05,EIA retail-sales (sector IND),2026-08-14T21:23:40Z
2026-08-14,MS,7.5,75.0,2026-05,EIA retail-sales (sector IND),2026-08-14T21:23:40Z
2026-08-14,MT,6.97,69.7,2026-05,EIA retail-sales (sector IND),2026-08-14T21:23:40Z
2026-08-14,NC,7.78,77.8,2026-05,EIA retail-sales (sector IND),2026-08-14T21:23:40Z
2026-08-14,ND,8.27,82.7,2026-05,EIA retail-sales (sector IND),2026-08-14T21:23:40Z
2026-08-14,NE,9.25,92.5,2026-05,EIA retail-sales (sector IND),2026-08-14T21:23:40Z
2026-08-14,NH,17.04,170.4,2026-05,EIA retail-sales (sector IND),2026-08-14T21:23:40Z
2026-08-14,NJ,14.57,145.7,2026-05,EIA retail-sales (sector IND),2026-08-14T21:23:40Z
2026-08-14,NM,4.45,44.5,2026-05,EIA retail-sales (sector IND),2026-08-14T21:23:40Z
2026-08-14,NV,7.61,76.1,2026-05,EIA retail-sales (sector IND),2026-08-14T21:23:40Z
2026-08-14,NY,9.55,95.5,2026-05,EIA retail-sales (sector IND),2026-08-14T21:23:40Z
2026-08-14,OH,9.87,98.7,2026-05,EIA retail-sales (sector IND),2026-08-14T21:23:40Z
2026-08-14,OK,6.17,61.7,2026-05,EIA retail-sales (sector IND),2026-08-14T21:23:40Z
2026-08-14,OR,8.55,85.5,2026-05,EIA retail-sales (sector IND),2026-08-14T21:23:40Z
2026-08-14,PA,10.31,103.1,2026-05,EIA retail-sales (sector IND),2026-08-14T21:23:40Z
2026-08-14,RI,22.18,221.8,2026-05,EIA retail-sales (sector IND),2026-08-14T21:23:40Z
2026-08-14,SC,7.23,72.3,2026-05,EIA retail-sales (sector IND),2026-08-14T21:23:40Z
2026-08-14,SD,9.78,97.8,2026-05,EIA retail-sales (sector IND),2026-08-14T21:23:40Z
2026-08-14,TN,6.45,64.5,2026-05,EIA retail-sales (sector IND),2026-08-14T21:23:40Z
2026-08-14,TX,6.33,63.3,2026-05,EIA retail-sales (sector IND),2026-08-14T21:23:40Z
2026-08-14,US,8.71,87.1,2026-05,EIA retail-sales (sector IND),2026-08-14T21:23:40Z
2026-08-14,UT,8.1,81.0,2026-05,EIA retail-sales (sector IND),2026-08-14T21:23:40Z
2026-08-14,VA,10.53,105.3,2026-05,EIA retail-sales (sector IND),2026-08-14T21:23:40Z
2026-08-14,VT,12.59,125.9,2026-05,EIA retail-sales (sector IND),2026-08-14T21:23:40Z
2026-08-14,WA,7.24,72.4,2026-05,EIA retail-sales (sector IND),2026-08-14T21:23:40Z
2026-08-14,WI,9.0,90.0,2026-05,EIA retail-sales (sector IND),2026-08-14T21:23:40Z
2026-08-14,WV,9.48,94.8,2026-05,EIA retail-sales (sector IND),2026-08-14T21:23:40Z
2026-08-14,WY,9.12,91.2,2026-05,EIA retail-sales (sector IND),2026-08-14T21:23:40Z
2026-08-15,AK,31.36,313.6,2026-05,EIA retail-sales (sector IND),2026-08-15T21:20:52Z
2026-08-15,AL,7.89,78.9,2026-05,EIA retail-sales (sector IND),2026-08-15T21:20:52Z
2026-08-15,AR,6.69,66.9,2026-05,EIA retail-sales (sector IND),2026-08-15T21:20:52Z
2026-08-15,AZ,7.54,75.4,2026-05,EIA retail-sales (sector IND),2026-08-15T21:20:52Z
2026-08-15,CA,20.2,202.0,2026-05,EIA retail-sales (sector IND),2026-08-15T21:20:52Z
2026-08-15,CO,9.47,94.7,2026-05,EIA retail-sales (sector IND),2026-08-15T21:20:52Z
2026-08-15,CT,16.76,167.6,2026-05,EIA retail-sales (sector IND),2026-08-15T21:20:52Z
2026-08-15,DC,14.6,146.0,2026-05,EIA retail-sales (sector IND),2026-08-15T21:20:52Z
2026-08-15,DE,10.69,106.9,2026-05,EIA retail-sales (sector IND),2026-08-15T21:20:52Z
2026-08-15,FL,8.99,89.9,2026-05,EIA retail-sales (sector IND),2026-08-15T21:20:52Z
2026-08-15,GA,7.04,70.4,2026-05,EIA retail-sales (sector IND),2026-08-15T21:20:52Z
2026-08-15,HI,41.9,419.0,2026-05,EIA retail-sales (sector IND),2026-08-15T21:20:52Z
2026-08-15,IA,6.62,66.2,2026-05,EIA retail-sales (sector IND),2026-08-15T21:20:52Z
2026-08-15,ID,7.21,72.1,2026-05,EIA retail-sales (sector IND),2026-08-15T21:20:52Z
2026-08-15,IL,10.2,102.0,2026-05,EIA retail-sales (sector IND),2026-08-15T21:20:52Z
2026-08-15,IN,9.08,90.8,2026-05,EIA retail-sales (sector IND),2026-08-15T21:20:52Z
2026-08-15,KS,8.12,81.2,2026-05,EIA retail-sales (sector IND),2026-08-15T21:20:52Z
2026-08-15,KY,7.13,71.3,2026-05,EIA retail-sales (sector IND),2026-08-15T21:20:52Z
2026-08-15,LA,6.88,68.8,2026-05,EIA retail-sales (sector IND),2026-08-15T21:20:52Z
2026-08-15,MA,19.94,199.4,2026-05,EIA retail-sales (sector IND),2026-08-15T21:20:52Z
2026-08-15,MD,11.22,112.2,2026-05,EIA retail-sales (sector IND),2026-08-15T21:20:52Z
2026-08-15,ME,14.48,144.8,2026-05,EIA retail-sales (sector IND),2026-08-15T21:20:52Z
2026-08-15,MI,9.43,94.3,2026-05,EIA retail-sales (sector IND),2026-08-15T21:20:52Z
2026-08-15,MN,9.8,98.0,2026-05,EIA retail-sales (sector IND),2026-08-15T21:20:52Z
2026-08-15,MO,7.89,78.9,2026-05,EIA retail-sales (sector IND),2026-08-15T21:20:52Z
2026-08-15,MS,7.5,75.0,2026-05,EIA retail-sales (sector IND),2026-08-15T21:20:52Z
2026-08-15,MT,6.97,69.7,2026-05,EIA retail-sales (sector IND),2026-08-15T21:20:52Z
2026-08-15,NC,7.78,77.8,2026-05,EIA retail-sales (sector IND),2026-08-15T21:20:52Z
2026-08-15,ND,8.27,82.7,2026-05,EIA retail-sales (sector IND),2026-08-15T21:20:52Z
2026-08-15,NE,9.25,92.5,2026-05,EIA retail-sales (sector IND),2026-08-15T21:20:52Z
2026-08-15,NH,17.04,170.4,2026-05,EIA retail-sales (sector IND),2026-08-15T21:20:52Z
2026-08-15,NJ,14.57,145.7,2026-05,EIA retail-sales (sector IND),2026-08-15T21:20:52Z
2026-08-15,NM,4.45,44.5,2026-05,EIA retail-sales (sector IND),2026-08-15T21:20:52Z
2026-08-15,NV,7.61,76.1,2026-05,EIA retail-sales (sector IND),2026-08-15T21:20:52Z
2026-08-15,NY,9.55,95.5,2026-05,EIA retail-sales (sector IND),2026-08-15T21:20:52Z
2026-08-15,OH,9.87,98.7,2026-05,EIA retail-sales (sector IND),2026-08-15T21:20:52Z
2026-08-15,OK,6.17,61.7,2026-05,EIA retail-sales (sector IND),2026-08-15T21:20:52Z
2026-08-15,OR,8.55,85.5,2026-05,EIA retail-sales (sector IND),2026-08-15T21:20:52Z
2026-08-15,PA,10.31,103.1,2026-05,EIA retail-sales (sector IND),2026-08-15T21:20:52Z
2026-08-15,RI,22.18,221.8,2026-05,EIA retail-sales (sector IND),2026-08-15T21:20:52Z
2026-08-15,SC,7.23,72.3,2026-05,EIA retail-sales (sector IND),2026-08-15T21:20:52Z
2026-08-15,SD,9.78,97.8,2026-05,EIA retail-sales (sector IND),2026-08-15T21:20:52Z
2026-08-15,TN,6.45,64.5,2026-05,EIA retail-sales (sector IND),2026-08-15T21:20:52Z
2026-08-15,TX,6.33,63.3,2026-05,EIA retail-sales (sector IND),2026-08-15T21:20:52Z
2026-08-15,US,8.71,87.1,2026-05,EIA retail-sales (sector IND),2026-08-15T21:20:52Z
2026-08-15,UT,8.1,81.0,2026-05,EIA retail-sales (sector IND),2026-08-15T21:20:52Z
2026-08-15,VA,10.53,105.3,2026-05,EIA retail-sales (sector IND),2026-08-15T21:20:52Z
2026-08-15,VT,12.59,125.9,2026-05,EIA retail-sales (sector IND),2026-08-15T21:20:52Z
2026-08-15,WA,7.24,72.4,2026-05,EIA retail-sales (sector IND),2026-08-15T21:20:52Z
2026-08-15,WI,9.0,90.0,2026-05,EIA retail-sales (sector IND),2026-08-15T21:20:52Z
2026-08-15,WV,9.48,94.8,2026-05,EIA retail-sales (sector IND),2026-08-15T21:20:52Z
2026-08-15,WY,9.12,91.2,2026-05,EIA retail-sales (sector IND),2026-08-15T21:20:52Z
2026-08-16,AK,31.36,313.6,2026-05,EIA retail-sales (sector IND),2026-08-16T21:18:13Z
2026-08-16,AL,7.89,78.9,2026-05,EIA retail-sales (sector IND),2026-08-16T21:18:13Z
2026-08-16,AR,6.69,66.9,2026-05,EIA retail-sales (sector IND),2026-08-16T21:18:13Z
2026-08-16,AZ,7.54,75.4,2026-05,EIA retail-sales (sector IND),2026-08-16T21:18:13Z
2026-08-16,CA,20.2,202.0,2026-05,EIA retail-sales (sector IND),2026-08-16T21:18:13Z
2026-08-16,CO,9.47,94.7,2026-05,EIA retail-sales (sector IND),2026-08-16T21:18:13Z
2026-08-16,CT,16.76,167.6,2026-05,EIA retail-sales (sector IND),2026-08-16T21:18:13Z
2026-08-16,DC,14.6,146.0,2026-05,EIA retail-sales (sector IND),2026-08-16T21:18:13Z
2026-08-16,DE,10.69,106.9,2026-05,EIA retail-sales (sector IND),2026-08-16T21:18:13Z
2026-08-16,FL,8.99,89.9,2026-05,EIA retail-sales (sector IND),2026-08-16T21:18:13Z
2026-08-16,GA,7.04,70.4,2026-05,EIA retail-sales (sector IND),2026-08-16T21:18:13Z
2026-08-16,HI,41.9,419.0,2026-05,EIA retail-sales (sector IND),2026-08-16T21:18:13Z
2026-08-16,IA,6.62,66.2,2026-05,EIA retail-sales (sector IND),2026-08-16T21:18:13Z
2026-08-16,ID,7.21,72.1,2026-05,EIA retail-sales (sector IND),2026-08-16T21:18:13Z
2026-08-16,IL,10.2,102.0,2026-05,EIA retail-sales (sector IND),2026-08-16T21:18:13Z
2026-08-16,IN,9.08,90.8,2026-05,EIA retail-sales (sector IND),2026-08-16T21:18:13Z
2026-08-16,KS,8.12,81.2,2026-05,EIA retail-sales (sector IND),2026-08-16T21:18:13Z
2026-08-16,KY,7.13,71.3,2026-05,EIA retail-sales (sector IND),2026-08-16T21:18:13Z
2026-08-16,LA,6.88,68.8,2026-05,EIA retail-sales (sector IND),2026-08-16T21:18:13Z
2026-08-16,MA,19.94,199.4,2026-05,EIA retail-sales (sector IND),2026-08-16T21:18:13Z
2026-08-16,MD,11.22,112.2,2026-05,EIA retail-sales (sector IND),2026-08-16T21:18:13Z
2026-08-16,ME,14.48,144.8,2026-05,EIA retail-sales (sector IND),2026-08-16T21:18:13Z
2026-08-16,MI,9.43,94.3,2026-05,EIA retail-sales (sector IND),2026-08-16T21:18:13Z
2026-08-16,MN,9.8,98.0,2026-05,EIA retail-sales (sector IND),2026-08-16T21:18:13Z
2026-08-16,MO,7.89,78.9,2026-05,EIA retail-sales (sector IND),2026-08-16T21:18:13Z
2026-08-16,MS,7.5,75.0,2026-05,EIA retail-sales (sector IND),2026-08-16T21:18:13Z
2026-08-16,MT,6.97,69.7,2026-05,EIA retail-sales (sector IND),2026-08-16T21:18:13Z
2026-08-16,NC,7.78,77.8,2026-05,EIA retail-sales (sector IND),2026-08-16T21:18:13Z
2026-08-16,ND,8.27,82.7,2026-05,EIA retail-sales (sector IND),2026-08-16T21:18:13Z
2026-08-16,NE,9.25,92.5,2026-05,EIA retail-sales (sector IND),2026-08-16T21:18:13Z
2026-08-16,NH,17.04,170.4,2026-05,EIA retail-sales (sector IND),2026-08-16T21:18:13Z
2026-08-16,NJ,14.57,145.7,2026-05,EIA retail-sales (sector IND),2026-08-16T21:18:13Z
2026-08-16,NM,4.45,44.5,2026-05,EIA retail-sales (sector IND),2026-08-16T21:18:13Z
2026-08-16,NV,7.61,76.1,2026-05,EIA retail-sales (sector IND),2026-08-16T21:18:13Z
2026-08-16,NY,9.55,95.5,2026-05,EIA retail-sales (sector IND),2026-08-16T21:18:13Z
2026-08-16,OH,9.87,98.7,2026-05,EIA retail-sales (sector IND),2026-08-16T21:18:13Z
2026-08-16,OK,6.17,61.7,2026-05,EIA retail-sales (sector IND),2026-08-16T21:18:13Z
2026-08-16,OR,8.55,85.5,2026-05,EIA retail-sales (sector IND),2026-08-16T21:18:13Z
2026-08-16,PA,10.31,103.1,2026-05,EIA retail-sales (sector IND),2026-08-16T21:18:13Z
2026-08-16,RI,22.18,221.8,2026-05,EIA retail-sales (sector IND),2026-08-16T21:18:13Z
2026-08-16,SC,7.23,72.3,2026-05,EIA retail-sales (sector IND),2026-08-16T21:18:13Z
2026-08-16,SD,9.78,97.8,2026-05,EIA retail-sales (sector IND),2026-08-16T21:18:13Z
2026-08-16,TN,6.45,64.5,2026-05,EIA retail-sales (sector IND),2026-08-16T21:18:13Z
2026-08-16,TX,6.33,63.3,2026-05,EIA retail-sales (sector IND),2026-08-16T21:18:13Z
2026-08-16,US,8.71,87.1,2026-05,EIA retail-sales (sector IND),2026-08-16T21:18:13Z
2026-08-16,UT,8.1,81.0,2026-05,EIA retail-sales (sector IND),2026-08-16T21:18:13Z
2026-08-16,VA,10.53,105.3,2026-05,EIA retail-sales (sector IND),2026-08-16T21:18:13Z
2026-08-16,VT,12.59,125.9,2026-05,EIA retail-sales (sector IND),2026-08-16T21:18:13Z
2026-08-16,WA,7.24,72.4,2026-05,EIA retail-sales (sector IND),2026-08-16T21:18:13Z
2026-08-16,WI,9.0,90.0,2026-05,EIA retail-sales (sector IND),2026-08-16T21:18:13Z
2026-08-16,WV,9.48,94.8,2026-05,EIA retail-sales (sector IND),2026-08-16T21:18:13Z
2026-08-16,WY,9.12,91.2,2026-05,EIA retail-sales (sector IND),2026-08-16T21:18:13Z
2026-08-17,AK,31.36,313.6,2026-05,EIA retail-sales (sector IND),2026-08-17T21:25:52Z
2026-08-17,AL,7.89,78.9,2026-05,EIA retail-sales (sector IND),2026-08-17T21:25:52Z
2026-08-17,AR,6.69,66.9,2026-05,EIA retail-sales (sector IND),2026-08-17T21:25:52Z
2026-08-17,AZ,7.54,75.4,2026-05,EIA retail-sales (sector IND),2026-08-17T21:25:52Z
2026-08-17,CA,20.2,202.0,2026-05,EIA retail-sales (sector IND),2026-08-17T21:25:52Z
2026-08-17,CO,9.47,94.7,2026-05,EIA retail-sales (sector IND),2026-08-17T21:25:52Z
2026-08-17,CT,16.76,167.6,2026-05,EIA retail-sales (sector IND),2026-08-17T21:25:52Z
2026-08-17,DC,14.6,146.0,2026-05,EIA retail-sales (sector IND),2026-08-17T21:25:52Z
2026-08-17,DE,10.69,106.9,2026-05,EIA retail-sales (sector IND),2026-08-17T21:25:52Z
2026-08-17,FL,8.99,89.9,2026-05,EIA retail-sales (sector IND),2026-08-17T21:25:52Z
2026-08-17,GA,7.04,70.4,2026-05,EIA retail-sales (sector IND),2026-08-17T21:25:52Z
2026-08-17,HI,41.9,419.0,2026-05,EIA retail-sales (sector IND),2026-08-17T21:25:52Z
2026-08-17,IA,6.62,66.2,2026-05,EIA retail-sales (sector IND),2026-08-17T21:25:52Z
2026-08-17,ID,7.21,72.1,2026-05,EIA retail-sales (sector IND),2026-08-17T21:25:52Z
2026-08-17,IL,10.2,102.0,2026-05,EIA retail-sales (sector IND),2026-08-17T21:25:52Z
2026-08-17,IN,9.08,90.8,2026-05,EIA retail-sales (sector IND),2026-08-17T21:25:52Z
2026-08-17,KS,8.12,81.2,2026-05,EIA retail-sales (sector IND),2026-08-17T21:25:52Z
2026-08-17,KY,7.13,71.3,2026-05,EIA retail-sales (sector IND),2026-08-17T21:25:52Z
2026-08-17,LA,6.88,68.8,2026-05,EIA retail-sales (sector IND),2026-08-17T21:25:52Z
2026-08-17,MA,19.94,199.4,2026-05,EIA retail-sales (sector IND),2026-08-17T21:25:52Z
2026-08-17,MD,11.22,112.2,2026-05,EIA retail-sales (sector IND),2026-08-17T21:25:52Z
2026-08-17,ME,14.48,144.8,2026-05,EIA retail-sales (sector IND),2026-08-17T21:25:52Z
2026-08-17,MI,9.43,94.3,2026-05,EIA retail-sales (sector IND),2026-08-17T21:25:52Z
2026-08-17,MN,9.8,98.0,2026-05,EIA retail-sales (sector IND),2026-08-17T21:25:52Z
2026-08-17,MO,7.89,78.9,2026-05,EIA retail-sales (sector IND),2026-08-17T21:25:52Z
2026-08-17,MS,7.5,75.0,2026-05,EIA retail-sales (sector IND),2026-08-17T21:25:52Z
2026-08-17,MT,6.97,69.7,2026-05,EIA retail-sales (sector IND),2026-08-17T21:25:52Z
2026-08-17,NC,7.78,77.8,2026-05,EIA retail-sales (sector IND),2026-08-17T21:25:52Z
2026-08-17,ND,8.27,82.7,2026-05,EIA retail-sales (sector IND),2026-08-17T21:25:52Z
2026-08-17,NE,9.25,92.5,2026-05,EIA retail-sales (sector IND),2026-08-17T21:25:52Z
2026-08-17,NH,17.04,170.4,2026-05,EIA retail-sales (sector IND),2026-08-17T21:25:52Z
2026-08-17,NJ,14.57,145.7,2026-05,EIA retail-sales (sector IND),2026-08-17T21:25:52Z
2026-08-17,NM,4.45,44.5,2026-05,EIA retail-sales (sector IND),2026-08-17T21:25:52Z
2026-08-17,NV,7.61,76.1,2026-05,EIA retail-sales (sector IND),2026-08-17T21:25:52Z
2026-08-17,NY,9.55,95.5,2026-05,EIA retail-sales (sector IND),2026-08-17T21:25:52Z
2026-08-17,OH,9.87,98.7,2026-05,EIA retail-sales (sector IND),2026-08-17T21:25:52Z
2026-08-17,OK,6.17,61.7,2026-05,EIA retail-sales (sector IND),2026-08-17T21:25:52Z
2026-08-17,OR,8.55,85.5,2026-05,EIA retail-sales (sector IND),2026-08-17T21:25:52Z
2026-08-17,PA,10.31,103.1,2026-05,EIA retail-sales (sector IND),2026-08-17T21:25:52Z
2026-08-17,RI,22.18,221.8,2026-05,EIA retail-sales (sector IND),2026-08-17T21:25:52Z
2026-08-17,SC,7.23,72.3,2026-05,EIA retail-sales (sector IND),2026-08-17T21:25:52Z
2026-08-17,SD,9.78,97.8,2026-05,EIA retail-sales (sector IND),2026-08-17T21:25:52Z
2026-08-17,TN,6.45,64.5,2026-05,EIA retail-sales (sector IND),2026-08-17T21:25:52Z
2026-08-17,TX,6.33,63.3,2026-05,EIA retail-sales (sector IND),2026-08-17T21:25:52Z
2026-08-17,US,8.71,87.1,2026-05,EIA retail-sales (sector IND),2026-08-17T21:25:52Z
2026-08-17,UT,8.1,81.0,2026-05,EIA retail-sales (sector IND),2026-08-17T21:25:52Z
2026-08-17,VA,10.53,105.3,2026-05,EIA retail-sales (sector IND),2026-08-17T21:25:52Z
2026-08-17,VT,12.59,125.9,2026-05,EIA retail-sales (sector IND),2026-08-17T21:25:52Z
2026-08-17,WA,7.24,72.4,2026-05,EIA retail-sales (sector IND),2026-08-17T21:25:52Z
2026-08-17,WI,9.0,90.0,2026-05,EIA retail-sales (sector IND),2026-08-17T21:25:52Z
2026-08-17,WV,9.48,94.8,2026-05,EIA retail-sales (sector IND),2026-08-17T21:25:52Z
2026-08-17,WY,9.12,91.2,2026-05,EIA retail-sales (sector IND),2026-08-17T21:25:52Z
2026-08-18,AK,31.36,313.6,2026-05,EIA retail-sales (sector IND),2026-08-18T21:23:34Z
2026-08-18,AL,7.89,78.9,2026-05,EIA retail-sales (sector IND),2026-08-18T21:23:34Z
2026-08-18,AR,6.69,66.9,2026-05,EIA retail-sales (sector IND),2026-08-18T21:23:34Z
2026-08-18,AZ,7.54,75.4,2026-05,EIA retail-sales (sector IND),2026-08-18T21:23:34Z
2026-08-18,CA,20.2,202.0,2026-05,EIA retail-sales (sector IND),2026-08-18T21:23:34Z
2026-08-18,CO,9.47,94.7,2026-05,EIA retail-sales (sector IND),2026-08-18T21:23:34Z
2026-08-18,CT,16.76,167.6,2026-05,EIA retail-sales (sector IND),2026-08-18T21:23:34Z
2026-08-18,DC,14.6,146.0,2026-05,EIA retail-sales (sector IND),2026-08-18T21:23:34Z
2026-08-18,DE,10.69,106.9,2026-05,EIA retail-sales (sector IND),2026-08-18T21:23:34Z
2026-08-18,FL,8.99,89.9,2026-05,EIA retail-sales (sector IND),2026-08-18T21:23:34Z
2026-08-18,GA,7.04,70.4,2026-05,EIA retail-sales (sector IND),2026-08-18T21:23:34Z
2026-08-18,HI,41.9,419.0,2026-05,EIA retail-sales (sector IND),2026-08-18T21:23:34Z
2026-08-18,IA,6.62,66.2,2026-05,EIA retail-sales (sector IND),2026-08-18T21:23:34Z
2026-08-18,ID,7.21,72.1,2026-05,EIA retail-sales (sector IND),2026-08-18T21:23:34Z
2026-08-18,IL,10.2,102.0,2026-05,EIA retail-sales (sector IND),2026-08-18T21:23:34Z
2026-08-18,IN,9.08,90.8,2026-05,EIA retail-sales (sector IND),2026-08-18T21:23:34Z
2026-08-18,KS,8.12,81.2,2026-05,EIA retail-sales (sector IND),2026-08-18T21:23:34Z
2026-08-18,KY,7.13,71.3,2026-05,EIA retail-sales (sector IND),2026-08-18T21:23:34Z
2026-08-18,LA,6.88,68.8,2026-05,EIA retail-sales (sector IND),2026-08-18T21:23:34Z
2026-08-18,MA,19.94,199.4,2026-05,EIA retail-sales (sector IND),2026-08-18T21:23:34Z
2026-08-18,MD,11.22,112.2,2026-05,EIA retail-sales (sector IND),2026-08-18T21:23:34Z
2026-08-18,ME,14.48,144.8,2026-05,EIA retail-sales (sector IND),2026-08-18T21:23:34Z
2026-08-18,MI,9.43,94.3,2026-05,EIA retail-sales (sector IND),2026-08-18T21:23:34Z
2026-08-18,MN,9.8,98.0,2026-05,EIA retail-sales (sector IND),2026-08-18T21:23:34Z
2026-08-18,MO,7.89,78.9,2026-05,EIA retail-sales (sector IND),2026-08-18T21:23:34Z
2026-08-18,MS,7.5,75.0,2026-05,EIA retail-sales (sector IND),2026-08-18T21:23:34Z
2026-08-18,MT,6.97,69.7,2026-05,EIA retail-sales (sector IND),2026-08-18T21:23:34Z
2026-08-18,NC,7.78,77.8,2026-05,EIA retail-sales (sector IND),2026-08-18T21:23:34Z
2026-08-18,ND,8.27,82.7,2026-05,EIA retail-sales (sector IND),2026-08-18T21:23:34Z
2026-08-18,NE,9.25,92.5,2026-05,EIA retail-sales (sector IND),2026-08-18T21:23:34Z
2026-08-18,NH,17.04,170.4,2026-05,EIA retail-sales (sector IND),2026-08-18T21:23:34Z
2026-08-18,NJ,14.57,145.7,2026-05,EIA retail-sales (sector IND),2026-08-18T21:23:34Z
2026-08-18,NM,4.45,44.5,2026-05,EIA retail-sales (sector IND),2026-08-18T21:23:34Z
2026-08-18,NV,7.61,76.1,2026-05,EIA retail-sales (sector IND),2026-08-18T21:23:34Z
2026-08-18,NY,9.55,95.5,2026-05,EIA retail-sales (sector IND),2026-08-18T21:23:34Z
2026-08-18,OH,9.87,98.7,2026-05,EIA retail-sales (sector IND),2026-08-18T21:23:34Z
2026-08-18,OK,6.17,61.7,2026-05,EIA retail-sales (sector IND),2026-08-18T21:23:34Z
2026-08-18,OR,8.55,85.5,2026-05,EIA retail-sales (sector IND),2026-08-18T21:23:34Z
2026-08-18,PA,10.31,103.1,2026-05,EIA retail-sales (sector IND),2026-08-18T21:23:34Z
2026-08-18,RI,22.18,221.8,2026-05,EIA retail-sales (sector IND),2026-08-18T21:23:34Z
2026-08-18,SC,7.23,72.3,2026-05,EIA retail-sales (sector IND),2026-08-18T21:23:34Z
2026-08-18,SD,9.78,97.8,2026-05,EIA retail-sales (sector IND),2026-08-18T21:23:34Z
2026-08-18,TN,6.45,64.5,2026-05,EIA retail-sales (sector IND),2026-08-18T21:23:34Z
2026-08-18,TX,6.33,63.3,2026-05,EIA retail-sales (sector IND),2026-08-18T21:23:34Z
2026-08-18,US,8.71,87.1,2026-05,EIA retail-sales (sector IND),2026-08-18T21:23:34Z
2026-08-18,UT,8.1,81.0,2026-05,EIA retail-sales (sector IND),2026-08-18T21:23:34Z
2026-08-18,VA,10.53,105.3,2026-05,EIA retail-sales (sector IND),2026-08-18T21:23:34Z
2026-08-18,VT,12.59,125.9,2026-05,EIA retail-sales (sector IND),2026-08-18T21:23:34Z
2026-08-18,WA,7.24,72.4,2026-05,EIA retail-sales (sector IND),2026-08-18T21:23:34Z
2026-08-18,WI,9.0,90.0,2026-05,EIA retail-sales (sector IND),2026-08-18T21:23:34Z
2026-08-18,WV,9.48,94.8,2026-05,EIA retail-sales (sector IND),2026-08-18T21:23:34Z
2026-08-18,WY,9.12,91.2,2026-05,EIA retail-sales (sector IND),2026-08-18T21:23:34Z
2026-08-19,AK,31.36,313.6,2026-05,EIA retail-sales (sector IND),2026-08-19T21:24:43Z
2026-08-19,AL,7.89,78.9,2026-05,EIA retail-sales (sector IND),2026-08-19T21:24:43Z
2026-08-19,AR,6.69,66.9,2026-05,EIA retail-sales (sector IND),2026-08-19T21:24:43Z
2026-08-19,AZ,7.54,75.4,2026-05,EIA retail-sales (sector IND),2026-08-19T21:24:43Z
2026-08-19,CA,20.2,202.0,2026-05,EIA retail-sales (sector IND),2026-08-19T21:24:43Z
2026-08-19,CO,9.47,94.7,2026-05,EIA retail-sales (sector IND),2026-08-19T21:24:43Z
2026-08-19,CT,16.76,167.6,2026-05,EIA retail-sales (sector IND),2026-08-19T21:24:43Z
2026-08-19,DC,14.6,146.0,2026-05,EIA retail-sales (sector IND),2026-08-19T21:24:43Z
2026-08-19,DE,10.69,106.9,2026-05,EIA retail-sales (sector IND),2026-08-19T21:24:43Z
2026-08-19,FL,8.99,89.9,2026-05,EIA retail-sales (sector IND),2026-08-19T21:24:43Z
2026-08-19,GA,7.04,70.4,2026-05,EIA retail-sales (sector IND),2026-08-19T21:24:43Z
2026-08-19,HI,41.9,419.0,2026-05,EIA retail-sales (sector IND),2026-08-19T21:24:43Z
2026-08-19,IA,6.62,66.2,2026-05,EIA retail-sales (sector IND),2026-08-19T21:24:43Z
2026-08-19,ID,7.21,72.1,2026-05,EIA retail-sales (sector IND),2026-08-19T21:24:43Z
2026-08-19,IL,10.2,102.0,2026-05,EIA retail-sales (sector IND),2026-08-19T21:24:43Z
2026-08-19,IN,9.08,90.8,2026-05,EIA retail-sales (sector IND),2026-08-19T21:24:43Z
2026-08-19,KS,8.12,81.2,2026-05,EIA retail-sales (sector IND),2026-08-19T21:24:43Z
2026-08-19,KY,7.13,71.3,2026-05,EIA retail-sales (sector IND),2026-08-19T21:24:43Z
2026-08-19,LA,6.88,68.8,2026-05,EIA retail-sales (sector IND),2026-08-19T21:24:43Z
2026-08-19,MA,19.94,199.4,2026-05,EIA retail-sales (sector IND),2026-08-19T21:24:43Z
2026-08-19,MD,11.22,112.2,2026-05,EIA retail-sales (sector IND),2026-08-19T21:24:43Z
2026-08-19,ME,14.48,144.8,2026-05,EIA retail-sales (sector IND),2026-08-19T21:24:43Z
2026-08-19,MI,9.43,94.3,2026-05,EIA retail-sales (sector IND),2026-08-19T21:24:43Z
2026-08-19,MN,9.8,98.0,2026-05,EIA retail-sales (sector IND),2026-08-19T21:24:43Z
2026-08-19,MO,7.89,78.9,2026-05,EIA retail-sales (sector IND),2026-08-19T21:24:43Z
2026-08-19,MS,7.5,75.0,2026-05,EIA retail-sales (sector IND),2026-08-19T21:24:43Z
2026-08-19,MT,6.97,69.7,2026-05,EIA retail-sales (sector IND),2026-08-19T21:24:43Z
2026-08-19,NC,7.78,77.8,2026-05,EIA retail-sales (sector IND),2026-08-19T21:24:43Z
2026-08-19,ND,8.27,82.7,2026-05,EIA retail-sales (sector IND),2026-08-19T21:24:43Z
2026-08-19,NE,9.25,92.5,2026-05,EIA retail-sales (sector IND),2026-08-19T21:24:43Z
2026-08-19,NH,17.04,170.4,2026-05,EIA retail-sales (sector IND),2026-08-19T21:24:43Z
2026-08-19,NJ,14.57,145.7,2026-05,EIA retail-sales (sector IND),2026-08-19T21:24:43Z
2026-08-19,NM,4.45,44.5,2026-05,EIA retail-sales (sector IND),2026-08-19T21:24:43Z
2026-08-19,NV,7.61,76.1,2026-05,EIA retail-sales (sector IND),2026-08-19T21:24:43Z
2026-08-19,NY,9.55,95.5,2026-05,EIA retail-sales (sector IND),2026-08-19T21:24:43Z
2026-08-19,OH,9.87,98.7,2026-05,EIA retail-sales (sector IND),2026-08-19T21:24:43Z
2026-08-19,OK,6.17,61.7,2026-05,EIA retail-sales (sector IND),2026-08-19T21:24:43Z
2026-08-19,OR,8.55,85.5,2026-05,EIA retail-sales (sector IND),2026-08-19T21:24:43Z
2026-08-19,PA,10.31,103.1,2026-05,EIA retail-sales (sector IND),2026-08-19T21:24:43Z
2026-08-19,RI,22.18,221.8,2026-05,EIA retail-sales (sector IND),2026-08-19T21:24:43Z
2026-08-19,SC,7.23,72.3,2026-05,EIA retail-sales (sector IND),2026-08-19T21:24:43Z
2026-08-19,SD,9.78,97.8,2026-05,EIA retail-sales (sector IND),2026-08-19T21:24:43Z
2026-08-19,TN,6.45,64.5,2026-05,EIA retail-sales (sector IND),2026-08-19T21:24:43Z
2026-08-19,TX,6.33,63.3,2026-05,EIA retail-sales (sector IND),2026-08-19T21:24:43Z
2026-08-19,US,8.71,87.1,2026-05,EIA retail-sales (sector IND),2026-08-19T21:24:43Z
2026-08-19,UT,8.1,81.0,2026-05,EIA retail-sales (sector IND),2026-08-19T21:24:43Z
2026-08-19,VA,10.53,105.3,2026-05,EIA retail-sales (sector IND),2026-08-19T21:24:43Z
2026-08-19,VT,12.59,125.9,2026-05,EIA retail-sales (sector IND),2026-08-19T21:24:43Z
2026-08-19,WA,7.24,72.4,2026-05,EIA retail-sales (sector IND),2026-08-19T21:24:43Z
2026-08-19,WI,9.0,90.0,2026-05,EIA retail-sales (sector IND),2026-08-19T21:24:43Z
2026-08-19,WV,9.48,94.8,2026-05,EIA retail-sales (sector IND),2026-08-19T21:24:43Z
2026-08-19,WY,9.12,91.2,2026-05,EIA retail-sales (sector IND),2026-08-19T21:24:43Z
2026-08-20,AK,31.36,313.6,2026-05,EIA retail-sales (sector IND),2026-08-20T21:24:23Z
2026-08-20,AL,7.89,78.9,2026-05,EIA retail-sales (sector IND),2026-08-20T21:24:23Z
2026-08-20,AR,6.69,66.9,2026-05,EIA retail-sales (sector IND),2026-08-20T21:24:23Z
2026-08-20,AZ,7.54,75.4,2026-05,EIA retail-sales (sector IND),2026-08-20T21:24:23Z
2026-08-20,CA,20.2,202.0,2026-05,EIA retail-sales (sector IND),2026-08-20T21:24:23Z
2026-08-20,CO,9.47,94.7,2026-05,EIA retail-sales (sector IND),2026-08-20T21:24:23Z
2026-08-20,CT,16.76,167.6,2026-05,EIA retail-sales (sector IND),2026-08-20T21:24:23Z
2026-08-20,DC,14.6,146.0,2026-05,EIA retail-sales (sector IND),2026-08-20T21:24:23Z
2026-08-20,DE,10.69,106.9,2026-05,EIA retail-sales (sector IND),2026-08-20T21:24:23Z
2026-08-20,FL,8.99,89.9,2026-05,EIA retail-sales (sector IND),2026-08-20T21:24:23Z
2026-08-20,GA,7.04,70.4,2026-05,EIA retail-sales (sector IND),2026-08-20T21:24:23Z
2026-08-20,HI,41.9,419.0,2026-05,EIA retail-sales (sector IND),2026-08-20T21:24:23Z
2026-08-20,IA,6.62,66.2,2026-05,EIA retail-sales (sector IND),2026-08-20T21:24:23Z
2026-08-20,ID,7.21,72.1,2026-05,EIA retail-sales (sector IND),2026-08-20T21:24:23Z
2026-08-20,IL,10.2,102.0,2026-05,EIA retail-sales (sector IND),2026-08-20T21:24:23Z
2026-08-20,IN,9.08,90.8,2026-05,EIA retail-sales (sector IND),2026-08-20T21:24:23Z
2026-08-20,KS,8.12,81.2,2026-05,EIA retail-sales (sector IND),2026-08-20T21:24:23Z
2026-08-20,KY,7.13,71.3,2026-05,EIA retail-sales (sector IND),2026-08-20T21:24:23Z
2026-08-20,LA,6.88,68.8,2026-05,EIA retail-sales (sector IND),2026-08-20T21:24:23Z
2026-08-20,MA,19.94,199.4,2026-05,EIA retail-sales (sector IND),2026-08-20T21:24:23Z
2026-08-20,MD,11.22,112.2,2026-05,EIA retail-sales (sector IND),2026-08-20T21:24:23Z
2026-08-20,ME,14.48,144.8,2026-05,EIA retail-sales (sector IND),2026-08-20T21:24:23Z
2026-08-20,MI,9.43,94.3,2026-05,EIA retail-sales (sector IND),2026-08-20T21:24:23Z
2026-08-20,MN,9.8,98.0,2026-05,EIA retail-sales (sector IND),2026-08-20T21:24:23Z
2026-08-20,MO,7.89,78.9,2026-05,EIA retail-sales (sector IND),2026-08-20T21:24:23Z
2026-08-20,MS,7.5,75.0,2026-05,EIA retail-sales (sector IND),2026-08-20T21:24:23Z
2026-08-20,MT,6.97,69.7,2026-05,EIA retail-sales (sector IND),2026-08-20T21:24:23Z
2026-08-20,NC,7.78,77.8,2026-05,EIA retail-sales (sector IND),2026-08-20T21:24:23Z
2026-08-20,ND,8.27,82.7,2026-05,EIA retail-sales (sector IND),2026-08-20T21:24:23Z
2026-08-20,NE,9.25,92.5,2026-05,EIA retail-sales (sector IND),2026-08-20T21:24:23Z
2026-08-20,NH,17.04,170.4,2026-05,EIA retail-sales (sector IND),2026-08-20T21:24:23Z
2026-08-20,NJ,14.57,145.7,2026-05,EIA retail-sales (sector IND),2026-08-20T21:24:23Z
2026-08-20,NM,4.45,44.5,2026-05,EIA retail-sales (sector IND),2026-08-20T21:24:23Z
2026-08-20,NV,7.61,76.1,2026-05,EIA retail-sales (sector IND),2026-08-20T21:24:23Z
2026-08-20,NY,9.55,95.5,2026-05,EIA retail-sales (sector IND),2026-08-20T21:24:23Z
2026-08-20,OH,9.87,98.7,2026-05,EIA retail-sales (sector IND),2026-08-20T21:24:23Z
2026-08-20,OK,6.17,61.7,2026-05,EIA retail-sales (sector IND),2026-08-20T21:24:23Z
2026-08-20,OR,8.55,85.5,2026-05,EIA retail-sales (sector IND),2026-08-20T21:24:23Z
2026-08-20,PA,10.31,103.1,2026-05,EIA retail-sales (sector IND),2026-08-20T21:24:23Z
2026-08-20,RI,22.18,221.8,2026-05,EIA retail-sales (sector IND),2026-08-20T21:24:23Z
2026-08-20,SC,7.23,72.3,2026-05,EIA retail-sales (sector IND),2026-08-20T21:24:23Z
2026-08-20,SD,9.78,97.8,2026-05,EIA retail-sales (sector IND),2026-08-20T21:24:23Z
2026-08-20,TN,6.45,64.5,2026-05,EIA retail-sales (sector IND),2026-08-20T21:24:23Z
2026-08-20,TX,6.33,63.3,2026-05,EIA retail-sales (sector IND),2026-08-20T21:24:23Z
2026-08-20,US,8.71,87.1,2026-05,EIA retail-sales (sector IND),2026-08-20T21:24:23Z
2026-08-20,UT,8.1,81.0,2026-05,EIA retail-sales (sector IND),2026-08-20T21:24:23Z
2026-08-20,VA,10.53,105.3,2026-05,EIA retail-sales (sector IND),2026-08-20T21:24:23Z
2026-08-20,VT,12.59,125.9,2026-05,EIA retail-sales (sector IND),2026-08-20T21:24:23Z
2026-08-20,WA,7.24,72.4,2026-05,EIA retail-sales (sector IND),2026-08-20T21:24:23Z
2026-08-20,WI,9.0,90.0,2026-05,EIA retail-sales (sector IND),2026-08-20T21:24:23Z
2026-08-20,WV,9.48,94.8,2026-05,EIA retail-sales (sector IND),2026-08-20T21:24:23Z
2026-08-20,WY,9.12,91.2,2026-05,EIA retail-sales (sector IND),2026-08-20T21:24:23Z
2026-08-21,AK,31.36,313.6,2026-05,EIA retail-sales (sector IND),2026-08-21T21:20:31Z
2026-08-21,AL,7.89,78.9,2026-05,EIA retail-sales (sector IND),2026-08-21T21:20:31Z
2026-08-21,AR,6.69,66.9,2026-05,EIA retail-sales (sector IND),2026-08-21T21:20:31Z
2026-08-21,AZ,7.54,75.4,2026-05,EIA retail-sales (sector IND),2026-08-21T21:20:31Z
2026-08-21,CA,20.2,202.0,2026-05,EIA retail-sales (sector IND),2026-08-21T21:20:31Z
2026-08-21,CO,9.47,94.7,2026-05,EIA retail-sales (sector IND),2026-08-21T21:20:31Z
2026-08-21,CT,16.76,167.6,2026-05,EIA retail-sales (sector IND),2026-08-21T21:20:31Z
2026-08-21,DC,14.6,146.0,2026-05,EIA retail-sales (sector IND),2026-08-21T21:20:31Z
2026-08-21,DE,10.69,106.9,2026-05,EIA retail-sales (sector IND),2026-08-21T21:20:31Z
2026-08-21,FL,8.99,89.9,2026-05,EIA retail-sales (sector IND),2026-08-21T21:20:31Z
2026-08-21,GA,7.04,70.4,2026-05,EIA retail-sales (sector IND),2026-08-21T21:20:31Z
2026-08-21,HI,41.9,419.0,2026-05,EIA retail-sales (sector IND),2026-08-21T21:20:31Z
2026-08-21,IA,6.62,66.2,2026-05,EIA retail-sales (sector IND),2026-08-21T21:20:31Z
2026-08-21,ID,7.21,72.1,2026-05,EIA retail-sales (sector IND),2026-08-21T21:20:31Z
2026-08-21,IL,10.2,102.0,2026-05,EIA retail-sales (sector IND),2026-08-21T21:20:31Z
2026-08-21,IN,9.08,90.8,2026-05,EIA retail-sales (sector IND),2026-08-21T21:20:31Z
2026-08-21,KS,8.12,81.2,2026-05,EIA retail-sales (sector IND),2026-08-21T21:20:31Z
2026-08-21,KY,7.13,71.3,2026-05,EIA retail-sales (sector IND),2026-08-21T21:20:31Z
2026-08-21,LA,6.88,68.8,2026-05,EIA retail-sales (sector IND),2026-08-21T21:20:31Z
2026-08-21,MA,19.94,199.4,2026-05,EIA retail-sales (sector IND),2026-08-21T21:20:31Z
2026-08-21,MD,11.22,112.2,2026-05,EIA retail-sales (sector IND),2026-08-21T21:20:31Z
2026-08-21,ME,14.48,144.8,2026-05,EIA retail-sales (sector IND),2026-08-21T21:20:31Z
2026-08-21,MI,9.43,94.3,2026-05,EIA retail-sales (sector IND),2026-08-21T21:20:31Z
2026-08-21,MN,9.8,98.0,2026-05,EIA retail-sales (sector IND),2026-08-21T21:20:31Z
2026-08-21,MO,7.89,78.9,2026-05,EIA retail-sales (sector IND),2026-08-21T21:20:31Z
2026-08-21,MS,7.5,75.0,2026-05,EIA retail-sales (sector IND),2026-08-21T21:20:31Z
2026-08-21,MT,6.97,69.7,2026-05,EIA retail-sales (sector IND),2026-08-21T21:20:31Z
2026-08-21,NC,7.78,77.8,2026-05,EIA retail-sales (sector IND),2026-08-21T21:20:31Z
2026-08-21,ND,8.27,82.7,2026-05,EIA retail-sales (sector IND),2026-08-21T21:20:31Z
2026-08-21,NE,9.25,92.5,2026-05,EIA retail-sales (sector IND),2026-08-21T21:20:31Z
2026-08-21,NH,17.04,170.4,2026-05,EIA retail-sales (sector IND),2026-08-21T21:20:31Z
2026-08-21,NJ,14.57,145.7,2026-05,EIA retail-sales (sector IND),2026-08-21T21:20:31Z
2026-08-21,NM,4.45,44.5,2026-05,EIA retail-sales (sector IND),2026-08-21T21:20:31Z
2026-08-21,NV,7.61,76.1,2026-05,EIA retail-sales (sector IND),2026-08-21T21:20:31Z
2026-08-21,NY,9.55,95.5,2026-05,EIA retail-sales (sector IND),2026-08-21T21:20:31Z
2026-08-21,OH,9.87,98.7,2026-05,EIA retail-sales (sector IND),2026-08-21T21:20:31Z
2026-08-21,OK,6.17,61.7,2026-05,EIA retail-sales (sector IND),2026-08-21T21:20:31Z
2026-08-21,OR,8.55,85.5,2026-05,EIA retail-sales (sector IND),2026-08-21T21:20:31Z
2026-08-21,PA,10.31,103.1,2026-05,EIA retail-sales (sector IND),2026-08-21T21:20:31Z
2026-08-21,RI,22.18,221.8,2026-05,EIA retail-sales (sector IND),2026-08-21T21:20:31Z
2026-08-21,SC,7.23,72.3,2026-05,EIA retail-sales (sector IND),2026-08-21T21:20:31Z
2026-08-21,SD,9.78,97.8,2026-05,EIA retail-sales (sector IND),2026-08-21T21:20:31Z
2026-08-21,TN,6.45,64.5,2026-05,EIA retail-sales (sector IND),2026-08-21T21:20:31Z
2026-08-21,TX,6.33,63.3,2026-05,EIA retail-sales (sector IND),2026-08-21T21:20:31Z
2026-08-21,US,8.71,87.1,2026-05,EIA retail-sales (sector IND),2026-08-21T21:20:31Z
2026-08-21,UT,8.1,81.0,2026-05,EIA retail-sales (sector IND),2026-08-21T21:20:31Z
2026-08-21,VA,10.53,105.3,2026-05,EIA retail-sales (sector IND),2026-08-21T21:20:31Z
2026-08-21,VT,12.59,125.9,2026-05,EIA retail-sales (sector IND),2026-08-21T21:20:31Z
2026-08-21,WA,7.24,72.4,2026-05,EIA retail-sales (sector IND),2026-08-21T21:20:31Z
2026-08-21,WI,9.0,90.0,2026-05,EIA retail-sales (sector IND),2026-08-21T21:20:31Z
2026-08-21,WV,9.48,94.8,2026-05,EIA retail-sales (sector IND),2026-08-21T21:20:31Z
2026-08-21,WY,9.12,91.2,2026-05,EIA retail-sales (sector IND),2026-08-21T21:20:31Z
2026-08-22,AK,31.36,313.6,2026-05,EIA retail-sales (sector IND),2026-08-22T21:18:30Z
2026-08-22,AL,7.89,78.9,2026-05,EIA retail-sales (sector IND),2026-08-22T21:18:30Z
2026-08-22,AR,6.69,66.9,2026-05,EIA retail-sales (sector IND),2026-08-22T21:18:30Z
2026-08-22,AZ,7.54,75.4,2026-05,EIA retail-sales (sector IND),2026-08-22T21:18:30Z
2026-08-22,CA,20.2,202.0,2026-05,EIA retail-sales (sector IND),2026-08-22T21:18:30Z
2026-08-22,CO,9.47,94.7,2026-05,EIA retail-sales (sector IND),2026-08-22T21:18:30Z
2026-08-22,CT,16.76,167.6,2026-05,EIA retail-sales (sector IND),2026-08-22T21:18:30Z
2026-08-22,DC,14.6,146.0,2026-05,EIA retail-sales (sector IND),2026-08-22T21:18:30Z
2026-08-22,DE,10.69,106.9,2026-05,EIA retail-sales (sector IND),2026-08-22T21:18:30Z
2026-08-22,FL,8.99,89.9,2026-05,EIA retail-sales (sector IND),2026-08-22T21:18:30Z
2026-08-22,GA,7.04,70.4,2026-05,EIA retail-sales (sector IND),2026-08-22T21:18:30Z
2026-08-22,HI,41.9,419.0,2026-05,EIA retail-sales (sector IND),2026-08-22T21:18:30Z
2026-08-22,IA,6.62,66.2,2026-05,EIA retail-sales (sector IND),2026-08-22T21:18:30Z
2026-08-22,ID,7.21,72.1,2026-05,EIA retail-sales (sector IND),2026-08-22T21:18:30Z
2026-08-22,IL,10.2,102.0,2026-05,EIA retail-sales (sector IND),2026-08-22T21:18:30Z
2026-08-22,IN,9.08,90.8,2026-05,EIA retail-sales (sector IND),2026-08-22T21:18:30Z
2026-08-22,KS,8.12,81.2,2026-05,EIA retail-sales (sector IND),2026-08-22T21:18:30Z
2026-08-22,KY,7.13,71.3,2026-05,EIA retail-sales (sector IND),2026-08-22T21:18:30Z
2026-08-22,LA,6.88,68.8,2026-05,EIA retail-sales (sector IND),2026-08-22T21:18:30Z
2026-08-22,MA,19.94,199.4,2026-05,EIA retail-sales (sector IND),2026-08-22T21:18:30Z
2026-08-22,MD,11.22,112.2,2026-05,EIA retail-sales (sector IND),2026-08-22T21:18:30Z
2026-08-22,ME,14.48,144.8,2026-05,EIA retail-sales (sector IND),2026-08-22T21:18:30Z
2026-08-22,MI,9.43,94.3,2026-05,EIA retail-sales (sector IND),2026-08-22T21:18:30Z
2026-08-22,MN,9.8,98.0,2026-05,EIA retail-sales (sector IND),2026-08-22T21:18:30Z
2026-08-22,MO,7.89,78.9,2026-05,EIA retail-sales (sector IND),2026-08-22T21:18:30Z
2026-08-22,MS,7.5,75.0,2026-05,EIA retail-sales (sector IND),2026-08-22T21:18:30Z
2026-08-22,MT,6.97,69.7,2026-05,EIA retail-sales (sector IND),2026-08-22T21:18:30Z
2026-08-22,NC,7.78,77.8,2026-05,EIA retail-sales (sector IND),2026-08-22T21:18:30Z
2026-08-22,ND,8.27,82.7,2026-05,EIA retail-sales (sector IND),2026-08-22T21:18:30Z
2026-08-22,NE,9.25,92.5,2026-05,EIA retail-sales (sector IND),2026-08-22T21:18:30Z
2026-08-22,NH,17.04,170.4,2026-05,EIA retail-sales (sector IND),2026-08-22T21:18:30Z
2026-08-22,NJ,14.57,145.7,2026-05,EIA retail-sales (sector IND),2026-08-22T21:18:30Z
2026-08-22,NM,4.45,44.5,2026-05,EIA retail-sales (sector IND),2026-08-22T21:18:30Z
2026-08-22,NV,7.61,76.1,2026-05,EIA retail-sales (sector IND),2026-08-22T21:18:30Z
2026-08-22,NY,9.55,95.5,2026-05,EIA retail-sales (sector IND),2026-08-22T21:18:30Z
2026-08-22,OH,9.87,98.7,2026-05,EIA retail-sales (sector IND),2026-08-22T21:18:30Z
2026-08-22,OK,6.17,61.7,2026-05,EIA retail-sales (sector IND),2026-08-22T21:18:30Z
2026-08-22,OR,8.55,85.5,2026-05,EIA retail-sales (sector IND),2026-08-22T21:18:30Z
2026-08-22,PA,10.31,103.1,2026-05,EIA retail-sales (sector IND),2026-08-22T21:18:30Z
2026-08-22,RI,22.18,221.8,2026-05,EIA retail-sales (sector IND),2026-08-22T21:18:30Z
2026-08-22,SC,7.23,72.3,2026-05,EIA retail-sales (sector IND),2026-08-22T21:18:30Z
2026-08-22,SD,9.78,97.8,2026-05,EIA retail-sales (sector IND),2026-08-22T21:18:30Z
2026-08-22,TN,6.45,64.5,2026-05,EIA retail-sales (sector IND),2026-08-22T21:18:30Z
2026-08-22,TX,6.33,63.3,2026-05,EIA retail-sales (sector IND),2026-08-22T21:18:30Z
2026-08-22,US,8.71,87.1,2026-05,EIA retail-sales (sector IND),2026-08-22T21:18:30Z
2026-08-22,UT,8.1,81.0,2026-05,EIA retail-sales (sector IND),2026-08-22T21:18:30Z
2026-08-22,VA,10.53,105.3,2026-05,EIA retail-sales (sector IND),2026-08-22T21:18:30Z
2026-08-22,VT,12.59,125.9,2026-05,EIA retail-sales (sector IND),2026-08-22T21:18:30Z
2026-08-22,WA,7.24,72.4,2026-05,EIA retail-sales (sector IND),2026-08-22T21:18:30Z
2026-08-22,WI,9.0,90.0,2026-05,EIA retail-sales (sector IND),2026-08-22T21:18:30Z
2026-08-22,WV,9.48,94.8,2026-05,EIA retail-sales (sector IND),2026-08-22T21:18:30Z
2026-08-22,WY,9.12,91.2,2026-05,EIA retail-sales (sector IND),2026-08-22T21:18:30Z
2026-08-23,AK,31.36,313.6,2026-05,EIA retail-sales (sector IND),2026-08-23T21:18:07Z
2026-08-23,AL,7.89,78.9,2026-05,EIA retail-sales (sector IND),2026-08-23T21:18:07Z
2026-08-23,AR,6.69,66.9,2026-05,EIA retail-sales (sector IND),2026-08-23T21:18:07Z
2026-08-23,AZ,7.54,75.4,2026-05,EIA retail-sales (sector IND),2026-08-23T21:18:07Z
2026-08-23,CA,20.2,202.0,2026-05,EIA retail-sales (sector IND),2026-08-23T21:18:07Z
2026-08-23,CO,9.47,94.7,2026-05,EIA retail-sales (sector IND),2026-08-23T21:18:07Z
2026-08-23,CT,16.76,167.6,2026-05,EIA retail-sales (sector IND),2026-08-23T21:18:07Z
2026-08-23,DC,14.6,146.0,2026-05,EIA retail-sales (sector IND),2026-08-23T21:18:07Z
2026-08-23,DE,10.69,106.9,2026-05,EIA retail-sales (sector IND),2026-08-23T21:18:07Z
2026-08-23,FL,8.99,89.9,2026-05,EIA retail-sales (sector IND),2026-08-23T21:18:07Z
2026-08-23,GA,7.04,70.4,2026-05,EIA retail-sales (sector IND),2026-08-23T21:18:07Z
2026-08-23,HI,41.9,419.0,2026-05,EIA retail-sales (sector IND),2026-08-23T21:18:07Z
2026-08-23,IA,6.62,66.2,2026-05,EIA retail-sales (sector IND),2026-08-23T21:18:07Z
2026-08-23,ID,7.21,72.1,2026-05,EIA retail-sales (sector IND),2026-08-23T21:18:07Z
2026-08-23,IL,10.2,102.0,2026-05,EIA retail-sales (sector IND),2026-08-23T21:18:07Z
2026-08-23,IN,9.08,90.8,2026-05,EIA retail-sales (sector IND),2026-08-23T21:18:07Z
2026-08-23,KS,8.12,81.2,2026-05,EIA retail-sales (sector IND),2026-08-23T21:18:07Z
2026-08-23,KY,7.13,71.3,2026-05,EIA retail-sales (sector IND),2026-08-23T21:18:07Z
2026-08-23,LA,6.88,68.8,2026-05,EIA retail-sales (sector IND),2026-08-23T21:18:07Z
2026-08-23,MA,19.94,199.4,2026-05,EIA retail-sales (sector IND),2026-08-23T21:18:07Z
2026-08-23,MD,11.22,112.2,2026-05,EIA retail-sales (sector IND),2026-08-23T21:18:07Z
2026-08-23,ME,14.48,144.8,2026-05,EIA retail-sales (sector IND),2026-08-23T21:18:07Z
2026-08-23,MI,9.43,94.3,2026-05,EIA retail-sales (sector IND),2026-08-23T21:18:07Z
2026-08-23,MN,9.8,98.0,2026-05,EIA retail-sales (sector IND),2026-08-23T21:18:07Z
2026-08-23,MO,7.89,78.9,2026-05,EIA retail-sales (sector IND),2026-08-23T21:18:07Z
2026-08-23,MS,7.5,75.0,2026-05,EIA retail-sales (sector IND),2026-08-23T21:18:07Z
2026-08-23,MT,6.97,69.7,2026-05,EIA retail-sales (sector IND),2026-08-23T21:18:07Z
2026-08-23,NC,7.78,77.8,2026-05,EIA retail-sales (sector IND),2026-08-23T21:18:07Z
2026-08-23,ND,8.27,82.7,2026-05,EIA retail-sales (sector IND),2026-08-23T21:18:07Z
2026-08-23,NE,9.25,92.5,2026-05,EIA retail-sales (sector IND),2026-08-23T21:18:07Z
2026-08-23,NH,17.04,170.4,2026-05,EIA retail-sales (sector IND),2026-08-23T21:18:07Z
2026-08-23,NJ,14.57,145.7,2026-05,EIA retail-sales (sector IND),2026-08-23T21:18:07Z
2026-08-23,NM,4.45,44.5,2026-05,EIA retail-sales (sector IND),2026-08-23T21:18:07Z
2026-08-23,NV,7.61,76.1,2026-05,EIA retail-sales (sector IND),2026-08-23T21:18:07Z
2026-08-23,NY,9.55,95.5,2026-05,EIA retail-sales (sector IND),2026-08-23T21:18:07Z
2026-08-23,OH,9.87,98.7,2026-05,EIA retail-sales (sector IND),2026-08-23T21:18:07Z
2026-08-23,OK,6.17,61.7,2026-05,EIA retail-sales (sector IND),2026-08-23T21:18:07Z
2026-08-23,OR,8.55,85.5,2026-05,EIA retail-sales (sector IND),2026-08-23T21:18:07Z
2026-08-23,PA,10.31,103.1,2026-05,EIA retail-sales (sector IND),2026-08-23T21:18:07Z
2026-08-23,RI,22.18,221.8,2026-05,EIA retail-sales (sector IND),2026-08-23T21:18:07Z
2026-08-23,SC,7.23,72.3,2026-05,EIA retail-sales (sector IND),2026-08-23T21:18:07Z
2026-08-23,SD,9.78,97.8,2026-05,EIA retail-sales (sector IND),2026-08-23T21:18:07Z
2026-08-23,TN,6.45,64.5,2026-05,EIA retail-sales (sector IND),2026-08-23T21:18:07Z
2026-08-23,TX,6.33,63.3,2026-05,EIA retail-sales (sector IND),2026-08-23T21:18:07Z
2026-08-23,US,8.71,87.1,2026-05,EIA retail-sales (sector IND),2026-08-23T21:18:07Z
2026-08-23,UT,8.1,81.0,2026-05,EIA retail-sales (sector IND),2026-08-23T21:18:07Z
2026-08-23,VA,10.53,105.3,2026-05,EIA retail-sales (sector IND),2026-08-23T21:18:07Z
2026-08-23,VT,12.59,125.9,2026-05,EIA retail-sales (sector IND),2026-08-23T21:18:07Z
2026-08-23,WA,7.24,72.4,2026-05,EIA retail-sales (sector IND),2026-08-23T21:18:07Z
2026-08-23,WI,9.0,90.0,2026-05,EIA retail-sales (sector IND),2026-08-23T21:18:07Z
2026-08-23,WV,9.48,94.8,2026-05,EIA retail-sales (sector IND),2026-08-23T21:18:07Z
2026-08-23,WY,9.12,91.2,2026-05,EIA retail-sales (sector IND),2026-08-23T21:18:07Z
2026-08-24,AK,31.36,313.6,2026-05,EIA retail-sales (sector IND),2026-08-24T21:25:16Z
2026-08-24,AL,7.89,78.9,2026-05,EIA retail-sales (sector IND),2026-08-24T21:25:16Z
2026-08-24,AR,6.69,66.9,2026-05,EIA retail-sales (sector IND),2026-08-24T21:25:16Z
2026-08-24,AZ,7.54,75.4,2026-05,EIA retail-sales (sector IND),2026-08-24T21:25:16Z
2026-08-24,CA,20.2,202.0,2026-05,EIA retail-sales (sector IND),2026-08-24T21:25:16Z
2026-08-24,CO,9.47,94.7,2026-05,EIA retail-sales (sector IND),2026-08-24T21:25:16Z
2026-08-24,CT,16.76,167.6,2026-05,EIA retail-sales (sector IND),2026-08-24T21:25:16Z
2026-08-24,DC,14.6,146.0,2026-05,EIA retail-sales (sector IND),2026-08-24T21:25:16Z
2026-08-24,DE,10.69,106.9,2026-05,EIA retail-sales (sector IND),2026-08-24T21:25:16Z
2026-08-24,FL,8.99,89.9,2026-05,EIA retail-sales (sector IND),2026-08-24T21:25:16Z
2026-08-24,GA,7.04,70.4,2026-05,EIA retail-sales (sector IND),2026-08-24T21:25:16Z
2026-08-24,HI,41.9,419.0,2026-05,EIA retail-sales (sector IND),2026-08-24T21:25:16Z
2026-08-24,IA,6.62,66.2,2026-05,EIA retail-sales (sector IND),2026-08-24T21:25:16Z
2026-08-24,ID,7.21,72.1,2026-05,EIA retail-sales (sector IND),2026-08-24T21:25:16Z
2026-08-24,IL,10.2,102.0,2026-05,EIA retail-sales (sector IND),2026-08-24T21:25:16Z
2026-08-24,IN,9.08,90.8,2026-05,EIA retail-sales (sector IND),2026-08-24T21:25:16Z
2026-08-24,KS,8.12,81.2,2026-05,EIA retail-sales (sector IND),2026-08-24T21:25:16Z
2026-08-24,KY,7.13,71.3,2026-05,EIA retail-sales (sector IND),2026-08-24T21:25:16Z
2026-08-24,LA,6.88,68.8,2026-05,EIA retail-sales (sector IND),2026-08-24T21:25:16Z
2026-08-24,MA,19.94,199.4,2026-05,EIA retail-sales (sector IND),2026-08-24T21:25:16Z
2026-08-24,MD,11.22,112.2,2026-05,EIA retail-sales (sector IND),2026-08-24T21:25:16Z
2026-08-24,ME,14.48,144.8,2026-05,EIA retail-sales (sector IND),2026-08-24T21:25:16Z
2026-08-24,MI,9.43,94.3,2026-05,EIA retail-sales (sector IND),2026-08-24T21:25:16Z
2026-08-24,MN,9.8,98.0,2026-05,EIA retail-sales (sector IND),2026-08-24T21:25:16Z
2026-08-24,MO,7.89,78.9,2026-05,EIA retail-sales (sector IND),2026-08-24T21:25:16Z
2026-08-24,MS,7.5,75.0,2026-05,EIA retail-sales (sector IND),2026-08-24T21:25:16Z
2026-08-24,MT,6.97,69.7,2026-05,EIA retail-sales (sector IND),2026-08-24T21:25:16Z
2026-08-24,NC,7.78,77.8,2026-05,EIA retail-sales (sector IND),2026-08-24T21:25:16Z
2026-08-24,ND,8.27,82.7,2026-05,EIA retail-sales (sector IND),2026-08-24T21:25:16Z
2026-08-24,NE,9.25,92.5,2026-05,EIA retail-sales (sector IND),2026-08-24T21:25:16Z
2026-08-24,NH,17.04,170.4,2026-05,EIA retail-sales (sector IND),2026-08-24T21:25:16Z
2026-08-24,NJ,14.57,145.7,2026-05,EIA retail-sales (sector IND),2026-08-24T21:25:16Z
2026-08-24,NM,4.45,44.5,2026-05,EIA retail-sales (sector IND),2026-08-24T21:25:16Z
2026-08-24,NV,7.61,76.1,2026-05,EIA retail-sales (sector IND),2026-08-24T21:25:16Z
2026-08-24,NY,9.55,95.5,2026-05,EIA retail-sales (sector IND),2026-08-24T21:25:16Z
2026-08-24,OH,9.87,98.7,2026-05,EIA retail-sales (sector IND),2026-08-24T21:25:16Z
2026-08-24,OK,6.17,61.7,2026-05,EIA retail-sales (sector IND),2026-08-24T21:25:16Z
2026-08-24,OR,8.55,85.5,2026-05,EIA retail-sales (sector IND),2026-08-24T21:25:16Z
2026-08-24,PA,10.31,103.1,2026-05,EIA retail-sales (sector IND),2026-08-24T21:25:16Z
2026-08-24,RI,22.18,221.8,2026-05,EIA retail-sales (sector IND),2026-08-24T21:25:16Z
2026-08-24,SC,7.23,72.3,2026-05,EIA retail-sales (sector IND),2026-08-24T21:25:16Z
2026-08-24,SD,9.78,97.8,2026-05,EIA retail-sales (sector IND),2026-08-24T21:25:16Z
2026-08-24,TN,6.45,64.5,2026-05,EIA retail-sales (sector IND),2026-08-24T21:25:16Z
2026-08-24,TX,6.33,63.3,2026-05,EIA retail-sales (sector IND),2026-08-24T21:25:16Z
2026-08-24,US,8.71,87.1,2026-05,EIA retail-sales (sector IND),2026-08-24T21:25:16Z
2026-08-24,UT,8.1,81.0,2026-05,EIA retail-sales (sector IND),2026-08-24T21:25:16Z
2026-08-24,VA,10.53,105.3,2026-05,EIA retail-sales (sector IND),2026-08-24T21:25:16Z
2026-08-24,VT,12.59,125.9,2026-05,EIA retail-sales (sector IND),2026-08-24T21:25:16Z
2026-08-24,WA,7.24,72.4,2026-05,EIA retail-sales (sector IND),2026-08-24T21:25:16Z
2026-08-24,WI,9.0,90.0,2026-05,EIA retail-sales (sector IND),2026-08-24T21:25:16Z
2026-08-24,WV,9.48,94.8,2026-05,EIA retail-sales (sector IND),2026-08-24T21:25:16Z
2026-08-24,WY,9.12,91.2,2026-05,EIA retail-sales (sector IND),2026-08-24T21:25:16Z
2026-08-25,AK,31.36,313.6,2026-05,EIA retail-sales (sector IND),2026-08-25T21:24:27Z
2026-08-25,AL,7.89,78.9,2026-05,EIA retail-sales (sector IND),2026-08-25T21:24:27Z
2026-08-25,AR,6.69,66.9,2026-05,EIA retail-sales (sector IND),2026-08-25T21:24:27Z
2026-08-25,AZ,7.54,75.4,2026-05,EIA retail-sales (sector IND),2026-08-25T21:24:27Z
2026-08-25,CA,20.2,202.0,2026-05,EIA retail-sales (sector IND),2026-08-25T21:24:27Z
2026-08-25,CO,9.47,94.7,2026-05,EIA retail-sales (sector IND),2026-08-25T21:24:27Z
2026-08-25,CT,16.76,167.6,2026-05,EIA retail-sales (sector IND),2026-08-25T21:24:27Z
2026-08-25,DC,14.6,146.0,2026-05,EIA retail-sales (sector IND),2026-08-25T21:24:27Z
2026-08-25,DE,10.69,106.9,2026-05,EIA retail-sales (sector IND),2026-08-25T21:24:27Z
2026-08-25,FL,8.99,89.9,2026-05,EIA retail-sales (sector IND),2026-08-25T21:24:27Z
2026-08-25,GA,7.04,70.4,2026-05,EIA retail-sales (sector IND),2026-08-25T21:24:27Z
2026-08-25,HI,41.9,419.0,2026-05,EIA retail-sales (sector IND),2026-08-25T21:24:27Z
2026-08-25,IA,6.62,66.2,2026-05,EIA retail-sales (sector IND),2026-08-25T21:24:27Z
2026-08-25,ID,7.21,72.1,2026-05,EIA retail-sales (sector IND),2026-08-25T21:24:27Z
2026-08-25,IL,10.2,102.0,2026-05,EIA retail-sales (sector IND),2026-08-25T21:24:27Z
2026-08-25,IN,9.08,90.8,2026-05,EIA retail-sales (sector IND),2026-08-25T21:24:27Z
2026-08-25,KS,8.12,81.2,2026-05,EIA retail-sales (sector IND),2026-08-25T21:24:27Z
2026-08-25,KY,7.13,71.3,2026-05,EIA retail-sales (sector IND),2026-08-25T21:24:27Z
2026-08-25,LA,6.88,68.8,2026-05,EIA retail-sales (sector IND),2026-08-25T21:24:27Z
2026-08-25,MA,19.94,199.4,2026-05,EIA retail-sales (sector IND),2026-08-25T21:24:27Z
2026-08-25,MD,11.22,112.2,2026-05,EIA retail-sales (sector IND),2026-08-25T21:24:27Z
2026-08-25,ME,14.48,144.8,2026-05,EIA retail-sales (sector IND),2026-08-25T21:24:27Z
2026-08-25,MI,9.43,94.3,2026-05,EIA retail-sales (sector IND),2026-08-25T21:24:27Z
2026-08-25,MN,9.8,98.0,2026-05,EIA retail-sales (sector IND),2026-08-25T21:24:27Z
2026-08-25,MO,7.89,78.9,2026-05,EIA retail-sales (sector IND),2026-08-25T21:24:27Z
2026-08-25,MS,7.5,75.0,2026-05,EIA retail-sales (sector IND),2026-08-25T21:24:27Z
2026-08-25,MT,6.97,69.7,2026-05,EIA retail-sales (sector IND),2026-08-25T21:24:27Z
2026-08-25,NC,7.78,77.8,2026-05,EIA retail-sales (sector IND),2026-08-25T21:24:27Z
2026-08-25,ND,8.27,82.7,2026-05,EIA retail-sales (sector IND),2026-08-25T21:24:27Z
2026-08-25,NE,9.25,92.5,2026-05,EIA retail-sales (sector IND),2026-08-25T21:24:27Z
2026-08-25,NH,17.04,170.4,2026-05,EIA retail-sales (sector IND),2026-08-25T21:24:27Z
2026-08-25,NJ,14.57,145.7,2026-05,EIA retail-sales (sector IND),2026-08-25T21:24:27Z
2026-08-25,NM,4.45,44.5,2026-05,EIA retail-sales (sector IND),2026-08-25T21:24:27Z
2026-08-25,NV,7.61,76.1,2026-05,EIA retail-sales (sector IND),2026-08-25T21:24:27Z
2026-08-25,NY,9.55,95.5,2026-05,EIA retail-sales (sector IND),2026-08-25T21:24:27Z
2026-08-25,OH,9.87,98.7,2026-05,EIA retail-sales (sector IND),2026-08-25T21:24:27Z
2026-08-25,OK,6.17,61.7,2026-05,EIA retail-sales (sector IND),2026-08-25T21:24:27Z
2026-08-25,OR,8.55,85.5,2026-05,EIA retail-sales (sector IND),2026-08-25T21:24:27Z
2026-08-25,PA,10.31,103.1,2026-05,EIA retail-sales (sector IND),2026-08-25T21:24:27Z
2026-08-25,RI,22.18,221.8,2026-05,EIA retail-sales (sector IND),2026-08-25T21:24:27Z
2026-08-25,SC,7.23,72.3,2026-05,EIA retail-sales (sector IND),2026-08-25T21:24:27Z
2026-08-25,SD,9.78,97.8,2026-05,EIA retail-sales (sector IND),2026-08-25T21:24:27Z
2026-08-25,TN,6.45,64.5,2026-05,EIA retail-sales (sector IND),2026-08-25T21:24:27Z
2026-08-25,TX,6.33,63.3,2026-05,EIA retail-sales (sector IND),2026-08-25T21:24:27Z
2026-08-25,US,8.71,87.1,2026-05,EIA retail-sales (sector IND),2026-08-25T21:24:27Z
2026-08-25,UT,8.1,81.0,2026-05,EIA retail-sales (sector IND),2026-08-25T21:24:27Z
2026-08-25,VA,10.53,105.3,2026-05,EIA retail-sales (sector IND),2026-08-25T21:24:27Z
2026-08-25,VT,12.59,125.9,2026-05,EIA retail-sales (sector IND),2026-08-25T21:24:27Z
2026-08-25,WA,7.24,72.4,2026-05,EIA retail-sales (sector IND),2026-08-25T21:24:27Z
2026-08-25,WI,9.0,90.0,2026-05,EIA retail-sales (sector IND),2026-08-25T21:24:27Z
2026-08-25,WV,9.48,94.8,2026-05,EIA retail-sales (sector IND),2026-08-25T21:24:27Z
2026-08-25,WY,9.12,91.2,2026-05,EIA retail-sales (sector IND),2026-08-25T21:24:27Z
2026-08-26,AK,21.02,210.2,2026-06,EIA retail-sales (sector IND),2026-08-26T13:52:31Z
2026-08-26,AL,7.92,79.2,2026-06,EIA retail-sales (sector IND),2026-08-26T13:52:31Z
2026-08-26,AR,7.08,70.8,2026-06,EIA retail-sales (sector IND),2026-08-26T13:52:31Z
2026-08-26,AZ,7.73,77.3,2026-06,EIA retail-sales (sector IND),2026-08-26T13:52:31Z
2026-08-26,CA,20.74,207.4,2026-06,EIA retail-sales (sector IND),2026-08-26T13:52:31Z
2026-08-26,CO,10.23,102.3,2026-06,EIA retail-sales (sector IND),2026-08-26T13:52:31Z
2026-08-26,CT,16.7,167.0,2026-06,EIA retail-sales (sector IND),2026-08-26T13:52:31Z
2026-08-26,DC,16.21,162.1,2026-06,EIA retail-sales (sector IND),2026-08-26T13:52:31Z
2026-08-26,DE,12.24,122.4,2026-06,EIA retail-sales (sector IND),2026-08-26T13:52:31Z
2026-08-26,FL,9.12,91.2,2026-06,EIA retail-sales (sector IND),2026-08-26T13:52:31Z
2026-08-26,GA,8.86,88.6,2026-06,EIA retail-sales (sector IND),2026-08-26T13:52:31Z
2026-08-26,HI,43.37,433.7,2026-06,EIA retail-sales (sector IND),2026-08-26T13:52:31Z
2026-08-26,IA,8.48,84.8,2026-06,EIA retail-sales (sector IND),2026-08-26T13:52:31Z
2026-08-26,ID,10.23,102.3,2026-06,EIA retail-sales (sector IND),2026-08-26T13:52:31Z
2026-08-26,IL,10.65,106.5,2026-06,EIA retail-sales (sector IND),2026-08-26T13:52:31Z
2026-08-26,IN,9.0,90.0,2026-06,EIA retail-sales (sector IND),2026-08-26T13:52:31Z
2026-08-26,KS,8.21,82.1,2026-06,EIA retail-sales (sector IND),2026-08-26T13:52:31Z
2026-08-26,KY,7.15,71.5,2026-06,EIA retail-sales (sector IND),2026-08-26T13:52:31Z
2026-08-26,LA,6.69,66.9,2026-06,EIA retail-sales (sector IND),2026-08-26T13:52:31Z
2026-08-26,MA,18.97,189.7,2026-06,EIA retail-sales (sector IND),2026-08-26T13:52:31Z
2026-08-26,MD,13.51,135.1,2026-06,EIA retail-sales (sector IND),2026-08-26T13:52:31Z
2026-08-26,ME,14.21,142.1,2026-06,EIA retail-sales (sector IND),2026-08-26T13:52:31Z
2026-08-26,MI,9.24,92.4,2026-06,EIA retail-sales (sector IND),2026-08-26T13:52:31Z
2026-08-26,MN,10.23,102.3,2026-06,EIA retail-sales (sector IND),2026-08-26T13:52:31Z
2026-08-26,MO,9.84,98.4,2026-06,EIA retail-sales (sector IND),2026-08-26T13:52:31Z
2026-08-26,MS,8.29,82.9,2026-06,EIA retail-sales (sector IND),2026-08-26T13:52:31Z
2026-08-26,MT,6.68,66.8,2026-06,EIA retail-sales (sector IND),2026-08-26T13:52:31Z
2026-08-26,NC,7.87,78.7,2026-06,EIA retail-sales (sector IND),2026-08-26T13:52:31Z
2026-08-26,ND,8.32,83.2,2026-06,EIA retail-sales (sector IND),2026-08-26T13:52:31Z
2026-08-26,NE,9.64,96.4,2026-06,EIA retail-sales (sector IND),2026-08-26T13:52:31Z
2026-08-26,NH,17.47,174.7,2026-06,EIA retail-sales (sector IND),2026-08-26T13:52:31Z
2026-08-26,NJ,15.65,156.5,2026-06,EIA retail-sales (sector IND),2026-08-26T13:52:31Z
2026-08-26,NM,4.62,46.2,2026-06,EIA retail-sales (sector IND),2026-08-26T13:52:31Z
2026-08-26,NV,10.16,101.6,2026-06,EIA retail-sales (sector IND),2026-08-26T13:52:31Z
2026-08-26,NY,10.17,101.7,2026-06,EIA retail-sales (sector IND),2026-08-26T13:52:31Z
2026-08-26,OH,9.89,98.9,2026-06,EIA retail-sales (sector IND),2026-08-26T13:52:31Z
2026-08-26,OK,7.37,73.7,2026-06,EIA retail-sales (sector IND),2026-08-26T13:52:31Z
2026-08-26,OR,8.83,88.3,2026-06,EIA retail-sales (sector IND),2026-08-26T13:52:31Z
2026-08-26,PA,10.1,101.0,2026-06,EIA retail-sales (sector IND),2026-08-26T13:52:31Z
2026-08-26,RI,22.91,229.1,2026-06,EIA retail-sales (sector IND),2026-08-26T13:52:31Z
2026-08-26,SC,7.55,75.5,2026-06,EIA retail-sales (sector IND),2026-08-26T13:52:31Z
2026-08-26,SD,9.44,94.4,2026-06,EIA retail-sales (sector IND),2026-08-26T13:52:31Z
2026-08-26,TN,6.87,68.7,2026-06,EIA retail-sales (sector IND),2026-08-26T13:52:31Z
2026-08-26,TX,6.58,65.8,2026-06,EIA retail-sales (sector IND),2026-08-26T13:52:31Z
2026-08-26,US,9.17,91.7,2026-06,EIA retail-sales (sector IND),2026-08-26T13:52:31Z
2026-08-26,UT,9.22,92.2,2026-06,EIA retail-sales (sector IND),2026-08-26T13:52:31Z
2026-08-26,VA,9.31,93.1,2026-06,EIA retail-sales (sector IND),2026-08-26T13:52:31Z
2026-08-26,VT,12.9,129.0,2026-06,EIA retail-sales (sector IND),2026-08-26T13:52:31Z
2026-08-26,WA,7.2,72.0,2026-06,EIA retail-sales (sector IND),2026-08-26T13:52:31Z
2026-08-26,WI,9.95,99.5,2026-06,EIA retail-sales (sector IND),2026-08-26T13:52:31Z
2026-08-26,WV,7.95,79.5,2026-06,EIA retail-sales (sector IND),2026-08-26T13:52:31Z
2026-08-26,WY,8.75,87.5,2026-06,EIA retail-sales (sector IND),2026-08-26T13:52:31Z
2026-08-27,AK,21.02,210.2,2026-06,EIA retail-sales (sector IND),2026-08-27T22:46:13Z
2026-08-27,AL,7.92,79.2,2026-06,EIA retail-sales (sector IND),2026-08-27T22:46:13Z
2026-08-27,AR,7.08,70.8,2026-06,EIA retail-sales (sector IND),2026-08-27T22:46:13Z
2026-08-27,AZ,7.73,77.3,2026-06,EIA retail-sales (sector IND),2026-08-27T22:46:13Z
2026-08-27,CA,20.74,207.4,2026-06,EIA retail-sales (sector IND),2026-08-27T22:46:13Z
2026-08-27,CO,10.23,102.3,2026-06,EIA retail-sales (sector IND),2026-08-27T22:46:13Z
2026-08-27,CT,16.7,167.0,2026-06,EIA retail-sales (sector IND),2026-08-27T22:46:13Z
2026-08-27,DC,16.21,162.1,2026-06,EIA retail-sales (sector IND),2026-08-27T22:46:13Z
2026-08-27,DE,12.24,122.4,2026-06,EIA retail-sales (sector IND),2026-08-27T22:46:13Z
2026-08-27,FL,9.12,91.2,2026-06,EIA retail-sales (sector IND),2026-08-27T22:46:13Z
2026-08-27,GA,8.86,88.6,2026-06,EIA retail-sales (sector IND),2026-08-27T22:46:13Z
2026-08-27,HI,43.37,433.7,2026-06,EIA retail-sales (sector IND),2026-08-27T22:46:13Z
2026-08-27,IA,8.48,84.8,2026-06,EIA retail-sales (sector IND),2026-08-27T22:46:13Z
2026-08-27,ID,10.23,102.3,2026-06,EIA retail-sales (sector IND),2026-08-27T22:46:13Z
2026-08-27,IL,10.65,106.5,2026-06,EIA retail-sales (sector IND),2026-08-27T22:46:13Z
2026-08-27,IN,9.0,90.0,2026-06,EIA retail-sales (sector IND),2026-08-27T22:46:13Z
2026-08-27,KS,8.21,82.1,2026-06,EIA retail-sales (sector IND),2026-08-27T22:46:13Z
2026-08-27,KY,7.15,71.5,2026-06,EIA retail-sales (sector IND),2026-08-27T22:46:13Z
2026-08-27,LA,6.69,66.9,2026-06,EIA retail-sales (sector IND),2026-08-27T22:46:13Z
2026-08-27,MA,18.97,189.7,2026-06,EIA retail-sales (sector IND),2026-08-27T22:46:13Z
2026-08-27,MD,13.51,135.1,2026-06,EIA retail-sales (sector IND),2026-08-27T22:46:13Z
2026-08-27,ME,14.21,142.1,2026-06,EIA retail-sales (sector IND),2026-08-27T22:46:13Z
2026-08-27,MI,9.24,92.4,2026-06,EIA retail-sales (sector IND),2026-08-27T22:46:13Z
2026-08-27,MN,10.23,102.3,2026-06,EIA retail-sales (sector IND),2026-08-27T22:46:13Z
2026-08-27,MO,9.84,98.4,2026-06,EIA retail-sales (sector IND),2026-08-27T22:46:13Z
2026-08-27,MS,8.29,82.9,2026-06,EIA retail-sales (sector IND),2026-08-27T22:46:13Z
2026-08-27,MT,6.68,66.8,2026-06,EIA retail-sales (sector IND),2026-08-27T22:46:13Z
2026-08-27,NC,7.87,78.7,2026-06,EIA retail-sales (sector IND),2026-08-27T22:46:13Z
2026-08-27,ND,8.32,83.2,2026-06,EIA retail-sales (sector IND),2026-08-27T22:46:13Z
2026-08-27,NE,9.64,96.4,2026-06,EIA retail-sales (sector IND),2026-08-27T22:46:13Z
2026-08-27,NH,17.47,174.7,2026-06,EIA retail-sales (sector IND),2026-08-27T22:46:13Z
2026-08-27,NJ,15.65,156.5,2026-06,EIA retail-sales (sector IND),2026-08-27T22:46:13Z
2026-08-27,NM,4.62,46.2,2026-06,EIA retail-sales (sector IND),2026-08-27T22:46:13Z
2026-08-27,NV,10.16,101.6,2026-06,EIA retail-sales (sector IND),2026-08-27T22:46:13Z
2026-08-27,NY,10.17,101.7,2026-06,EIA retail-sales (sector IND),2026-08-27T22:46:13Z
2026-08-27,OH,9.89,98.9,2026-06,EIA retail-sales (sector IND),2026-08-27T22:46:13Z
2026-08-27,OK,7.37,73.7,2026-06,EIA retail-sales (sector IND),2026-08-27T22:46:13Z
2026-08-27,OR,8.83,88.3,2026-06,EIA retail-sales (sector IND),2026-08-27T22:46:13Z
2026-08-27,PA,10.1,101.0,2026-06,EIA retail-sales (sector IND),2026-08-27T22:46:13Z
2026-08-27,RI,22.91,229.1,2026-06,EIA retail-sales (sector IND),2026-08-27T22:46:13Z
2026-08-27,SC,7.55,75.5,2026-06,EIA retail-sales (sector IND),2026-08-27T22:46:13Z
2026-08-27,SD,9.44,94.4,2026-06,EIA retail-sales (sector IND),2026-08-27T22:46:13Z
2026-08-27,TN,6.87,68.7,2026-06,EIA retail-sales (sector IND),2026-08-27T22:46:13Z
2026-08-27,TX,6.58,65.8,2026-06,EIA retail-sales (sector IND),2026-08-27T22:46:13Z
2026-08-27,US,9.17,91.7,2026-06,EIA retail-sales (sector IND),2026-08-27T22:46:13Z
2026-08-27,UT,9.22,92.2,2026-06,EIA retail-sales (sector IND),2026-08-27T22:46:13Z
2026-08-27,VA,9.31,93.1,2026-06,EIA retail-sales (sector IND),2026-08-27T22:46:13Z
2026-08-27,VT,12.9,129.0,2026-06,EIA retail-sales (sector IND),2026-08-27T22:46:13Z
2026-08-27,WA,7.2,72.0,2026-06,EIA retail-sales (sector IND),2026-08-27T22:46:13Z
2026-08-27,WI,9.95,99.5,2026-06,EIA retail-sales (sector IND),2026-08-27T22:46:13Z
2026-08-27,WV,7.95,79.5,2026-06,EIA retail-sales (sector IND),2026-08-27T22:46:13Z
2026-08-27,WY,8.75,87.5,2026-06,EIA retail-sales (sector IND),2026-08-27T22:46:13Z
2026-08-28,AK,21.02,210.2,2026-06,EIA retail-sales (sector IND),2026-08-28T22:52:18Z
2026-08-28,AL,7.92,79.2,2026-06,EIA retail-sales (sector IND),2026-08-28T22:52:18Z
2026-08-28,AR,7.08,70.8,2026-06,EIA retail-sales (sector IND),2026-08-28T22:52:18Z
2026-08-28,AZ,7.73,77.3,2026-06,EIA retail-sales (sector IND),2026-08-28T22:52:18Z
2026-08-28,CA,20.74,207.4,2026-06,EIA retail-sales (sector IND),2026-08-28T22:52:18Z
2026-08-28,CO,10.23,102.3,2026-06,EIA retail-sales (sector IND),2026-08-28T22:52:18Z
2026-08-28,CT,16.7,167.0,2026-06,EIA retail-sales (sector IND),2026-08-28T22:52:18Z
2026-08-28,DC,16.21,162.1,2026-06,EIA retail-sales (sector IND),2026-08-28T22:52:18Z
2026-08-28,DE,12.24,122.4,2026-06,EIA retail-sales (sector IND),2026-08-28T22:52:18Z
2026-08-28,FL,9.12,91.2,2026-06,EIA retail-sales (sector IND),2026-08-28T22:52:18Z
2026-08-28,GA,8.86,88.6,2026-06,EIA retail-sales (sector IND),2026-08-28T22:52:18Z
2026-08-28,HI,43.37,433.7,2026-06,EIA retail-sales (sector IND),2026-08-28T22:52:18Z
2026-08-28,IA,8.48,84.8,2026-06,EIA retail-sales (sector IND),2026-08-28T22:52:18Z
2026-08-28,ID,10.23,102.3,2026-06,EIA retail-sales (sector IND),2026-08-28T22:52:18Z
2026-08-28,IL,10.65,106.5,2026-06,EIA retail-sales (sector IND),2026-08-28T22:52:18Z
2026-08-28,IN,9.0,90.0,2026-06,EIA retail-sales (sector IND),2026-08-28T22:52:18Z
2026-08-28,KS,8.21,82.1,2026-06,EIA retail-sales (sector IND),2026-08-28T22:52:18Z
2026-08-28,KY,7.15,71.5,2026-06,EIA retail-sales (sector IND),2026-08-28T22:52:18Z
2026-08-28,LA,6.69,66.9,2026-06,EIA retail-sales (sector IND),2026-08-28T22:52:18Z
2026-08-28,MA,18.97,189.7,2026-06,EIA retail-sales (sector IND),2026-08-28T22:52:18Z
2026-08-28,MD,13.51,135.1,2026-06,EIA retail-sales (sector IND),2026-08-28T22:52:18Z
2026-08-28,ME,14.21,142.1,2026-06,EIA retail-sales (sector IND),2026-08-28T22:52:18Z
2026-08-28,MI,9.24,92.4,2026-06,EIA retail-sales (sector IND),2026-08-28T22:52:18Z
2026-08-28,MN,10.23,102.3,2026-06,EIA retail-sales (sector IND),2026-08-28T22:52:18Z
2026-08-28,MO,9.84,98.4,2026-06,EIA retail-sales (sector IND),2026-08-28T22:52:18Z
2026-08-28,MS,8.29,82.9,2026-06,EIA retail-sales (sector IND),2026-08-28T22:52:18Z
2026-08-28,MT,6.68,66.8,2026-06,EIA retail-sales (sector IND),2026-08-28T22:52:18Z
2026-08-28,NC,7.87,78.7,2026-06,EIA retail-sales (sector IND),2026-08-28T22:52:18Z
2026-08-28,ND,8.32,83.2,2026-06,EIA retail-sales (sector IND),2026-08-28T22:52:18Z
2026-08-28,NE,9.64,96.4,2026-06,EIA retail-sales (sector IND),2026-08-28T22:52:18Z
2026-08-28,NH,17.47,174.7,2026-06,EIA retail-sales (sector IND),2026-08-28T22:52:18Z
2026-08-28,NJ,15.65,156.5,2026-06,EIA retail-sales (sector IND),2026-08-28T22:52:18Z
2026-08-28,NM,4.62,46.2,2026-06,EIA retail-sales (sector IND),2026-08-28T22:52:18Z
2026-08-28,NV,10.16,101.6,2026-06,EIA retail-sales (sector IND),2026-08-28T22:52:18Z
2026-08-28,NY,10.17,101.7,2026-06,EIA retail-sales (sector IND),2026-08-28T22:52:18Z
2026-08-28,OH,9.89,98.9,2026-06,EIA retail-sales (sector IND),2026-08-28T22:52:18Z
2026-08-28,OK,7.37,73.7,2026-06,EIA retail-sales (sector IND),2026-08-28T22:52:18Z
2026-08-28,OR,8.83,88.3,2026-06,EIA retail-sales (sector IND),2026-08-28T22:52:18Z
2026-08-28,PA,10.1,101.0,2026-06,EIA retail-sales (sector IND),2026-08-28T22:52:18Z
2026-08-28,RI,22.91,229.1,2026-06,EIA retail-sales (sector IND),2026-08-28T22:52:18Z
2026-08-28,SC,7.55,75.5,2026-06,EIA retail-sales (sector IND),2026-08-28T22:52:18Z
2026-08-28,SD,9.44,94.4,2026-06,EIA retail-sales (sector IND),2026-08-28T22:52:18Z
2026-08-28,TN,6.87,68.7,2026-06,EIA retail-sales (sector IND),2026-08-28T22:52:18Z
2026-08-28,TX,6.58,65.8,2026-06,EIA retail-sales (sector IND),2026-08-28T22:52:18Z
2026-08-28,US,9.17,91.7,2026-06,EIA retail-sales (sector IND),2026-08-28T22:52:18Z
2026-08-28,UT,9.22,92.2,2026-06,EIA retail-sales (sector IND),2026-08-28T22:52:18Z
2026-08-28,VA,9.31,93.1,2026-06,EIA retail-sales (sector IND),2026-08-28T22:52:18Z
2026-08-28,VT,12.9,129.0,2026-06,EIA retail-sales (sector IND),2026-08-28T22:52:18Z
2026-08-28,WA,7.2,72.0,2026-06,EIA retail-sales (sector IND),2026-08-28T22:52:18Z
2026-08-28,WI,9.95,99.5,2026-06,EIA retail-sales (sector IND),2026-08-28T22:52:18Z
2026-08-28,WV,7.95,79.5,2026-06,EIA retail-sales (sector IND),2026-08-28T22:52:18Z
2026-08-28,WY,8.75,87.5,2026-06,EIA retail-sales (sector IND),2026-08-28T22:52:18Z
2026-08-29,AK,21.02,210.2,2026-06,EIA retail-sales (sector IND),2026-08-29T22:58:46Z
2026-08-29,AL,7.92,79.2,2026-06,EIA retail-sales (sector IND),2026-08-29T22:58:46Z
2026-08-29,AR,7.08,70.8,2026-06,EIA retail-sales (sector IND),2026-08-29T22:58:46Z
2026-08-29,AZ,7.73,77.3,2026-06,EIA retail-sales (sector IND),2026-08-29T22:58:46Z
2026-08-29,CA,20.74,207.4,2026-06,EIA retail-sales (sector IND),2026-08-29T22:58:46Z
2026-08-29,CO,10.23,102.3,2026-06,EIA retail-sales (sector IND),2026-08-29T22:58:46Z
2026-08-29,CT,16.7,167.0,2026-06,EIA retail-sales (sector IND),2026-08-29T22:58:46Z
2026-08-29,DC,16.21,162.1,2026-06,EIA retail-sales (sector IND),2026-08-29T22:58:46Z
2026-08-29,DE,12.24,122.4,2026-06,EIA retail-sales (sector IND),2026-08-29T22:58:46Z
2026-08-29,FL,9.12,91.2,2026-06,EIA retail-sales (sector IND),2026-08-29T22:58:46Z
2026-08-29,GA,8.86,88.6,2026-06,EIA retail-sales (sector IND),2026-08-29T22:58:46Z
2026-08-29,HI,43.37,433.7,2026-06,EIA retail-sales (sector IND),2026-08-29T22:58:46Z
2026-08-29,IA,8.48,84.8,2026-06,EIA retail-sales (sector IND),2026-08-29T22:58:46Z
2026-08-29,ID,10.23,102.3,2026-06,EIA retail-sales (sector IND),2026-08-29T22:58:46Z
2026-08-29,IL,10.65,106.5,2026-06,EIA retail-sales (sector IND),2026-08-29T22:58:46Z
2026-08-29,IN,9.0,90.0,2026-06,EIA retail-sales (sector IND),2026-08-29T22:58:46Z
2026-08-29,KS,8.21,82.1,2026-06,EIA retail-sales (sector IND),2026-08-29T22:58:46Z
2026-08-29,KY,7.15,71.5,2026-06,EIA retail-sales (sector IND),2026-08-29T22:58:46Z
2026-08-29,LA,6.69,66.9,2026-06,EIA retail-sales (sector IND),2026-08-29T22:58:46Z
2026-08-29,MA,18.97,189.7,2026-06,EIA retail-sales (sector IND),2026-08-29T22:58:46Z
2026-08-29,MD,13.51,135.1,2026-06,EIA retail-sales (sector IND),2026-08-29T22:58:46Z
2026-08-29,ME,14.21,142.1,2026-06,EIA retail-sales (sector IND),2026-08-29T22:58:46Z
2026-08-29,MI,9.24,92.4,2026-06,EIA retail-sales (sector IND),2026-08-29T22:58:46Z
2026-08-29,MN,10.23,102.3,2026-06,EIA retail-sales (sector IND),2026-08-29T22:58:46Z
2026-08-29,MO,9.84,98.4,2026-06,EIA retail-sales (sector IND),2026-08-29T22:58:46Z
2026-08-29,MS,8.29,82.9,2026-06,EIA retail-sales (sector IND),2026-08-29T22:58:46Z
2026-08-29,MT,6.68,66.8,2026-06,EIA retail-sales (sector IND),2026-08-29T22:58:46Z
2026-08-29,NC,7.87,78.7,2026-06,EIA retail-sales (sector IND),2026-08-29T22:58:46Z
2026-08-29,ND,8.32,83.2,2026-06,EIA retail-sales (sector IND),2026-08-29T22:58:46Z
2026-08-29,NE,9.64,96.4,2026-06,EIA retail-sales (sector IND),2026-08-29T22:58:46Z
2026-08-29,NH,17.47,174.7,2026-06,EIA retail-sales (sector IND),2026-08-29T22:58:46Z
2026-08-29,NJ,15.65,156.5,2026-06,EIA retail-sales (sector IND),2026-08-29T22:58:46Z
2026-08-29,NM,4.62,46.2,2026-06,EIA retail-sales (sector IND),2026-08-29T22:58:46Z
2026-08-29,NV,10.16,101.6,2026-06,EIA retail-sales (sector IND),2026-08-29T22:58:46Z
2026-08-29,NY,10.17,101.7,2026-06,EIA retail-sales (sector IND),2026-08-29T22:58:46Z
2026-08-29,OH,9.89,98.9,2026-06,EIA retail-sales (sector IND),2026-08-29T22:58:46Z
2026-08-29,OK,7.37,73.7,2026-06,EIA retail-sales (sector IND),2026-08-29T22:58:46Z
2026-08-29,OR,8.83,88.3,2026-06,EIA retail-sales (sector IND),2026-08-29T22:58:46Z
2026-08-29,PA,10.1,101.0,2026-06,EIA retail-sales (sector IND),2026-08-29T22:58:46Z
2026-08-29,RI,22.91,229.1,2026-06,EIA retail-sales (sector IND),2026-08-29T22:58:46Z
2026-08-29,SC,7.55,75.5,2026-06,EIA retail-sales (sector IND),2026-08-29T22:58:46Z
2026-08-29,SD,9.44,94.4,2026-06,EIA retail-sales (sector IND),2026-08-29T22:58:46Z
2026-08-29,TN,6.87,68.7,2026-06,EIA retail-sales (sector IND),2026-08-29T22:58:46Z
2026-08-29,TX,6.58,65.8,2026-06,EIA retail-sales (sector IND),2026-08-29T22:58:46Z
2026-08-29,US,9.17,91.7,2026-06,EIA retail-sales (sector IND),2026-08-29T22:58:46Z
2026-08-29,UT,9.22,92.2,2026-06,EIA retail-sales (sector IND),2026-08-29T22:58:46Z
2026-08-29,VA,9.31,93.1,2026-06,EIA retail-sales (sector IND),2026-08-29T22:58:46Z
2026-08-29,VT,12.9,129.0,2026-06,EIA retail-sales (sector IND),2026-08-29T22:58:46Z
2026-08-29,WA,7.2,72.0,2026-06,EIA retail-sales (sector IND),2026-08-29T22:58:46Z
2026-08-29,WI,9.95,99.5,2026-06,EIA retail-sales (sector IND),2026-08-29T22:58:46Z
2026-08-29,WV,7.95,79.5,2026-06,EIA retail-sales (sector IND),2026-08-29T22:58:46Z
2026-08-29,WY,8.75,87.5,2026-06,EIA retail-sales (sector IND),2026-08-29T22:58:46Z
2026-08-30,AK,21.02,210.2,2026-06,EIA retail-sales (sector IND),2026-08-30T23:08:06Z
2026-08-30,AL,7.92,79.2,2026-06,EIA retail-sales (sector IND),2026-08-30T23:08:06Z
2026-08-30,AR,7.08,70.8,2026-06,EIA retail-sales (sector IND),2026-08-30T23:08:06Z
2026-08-30,AZ,7.73,77.3,2026-06,EIA retail-sales (sector IND),2026-08-30T23:08:06Z
2026-08-30,CA,20.74,207.4,2026-06,EIA retail-sales (sector IND),2026-08-30T23:08:06Z
2026-08-30,CO,10.23,102.3,2026-06,EIA retail-sales (sector IND),2026-08-30T23:08:06Z
2026-08-30,CT,16.7,167.0,2026-06,EIA retail-sales (sector IND),2026-08-30T23:08:06Z
2026-08-30,DC,16.21,162.1,2026-06,EIA retail-sales (sector IND),2026-08-30T23:08:06Z
2026-08-30,DE,12.24,122.4,2026-06,EIA retail-sales (sector IND),2026-08-30T23:08:06Z
2026-08-30,FL,9.12,91.2,2026-06,EIA retail-sales (sector IND),2026-08-30T23:08:06Z
2026-08-30,GA,8.86,88.6,2026-06,EIA retail-sales (sector IND),2026-08-30T23:08:06Z
2026-08-30,HI,43.37,433.7,2026-06,EIA retail-sales (sector IND),2026-08-30T23:08:06Z
2026-08-30,IA,8.48,84.8,2026-06,EIA retail-sales (sector IND),2026-08-30T23:08:06Z
2026-08-30,ID,10.23,102.3,2026-06,EIA retail-sales (sector IND),2026-08-30T23:08:06Z
2026-08-30,IL,10.65,106.5,2026-06,EIA retail-sales (sector IND),2026-08-30T23:08:06Z
2026-08-30,IN,9.0,90.0,2026-06,EIA retail-sales (sector IND),2026-08-30T23:08:06Z
2026-08-30,KS,8.21,82.1,2026-06,EIA retail-sales (sector IND),2026-08-30T23:08:06Z
2026-08-30,KY,7.15,71.5,2026-06,EIA retail-sales (sector IND),2026-08-30T23:08:06Z
2026-08-30,LA,6.69,66.9,2026-06,EIA retail-sales (sector IND),2026-08-30T23:08:06Z
2026-08-30,MA,18.97,189.7,2026-06,EIA retail-sales (sector IND),2026-08-30T23:08:06Z
2026-08-30,MD,13.51,135.1,2026-06,EIA retail-sales (sector IND),2026-08-30T23:08:06Z
2026-08-30,ME,14.21,142.1,2026-06,EIA retail-sales (sector IND),2026-08-30T23:08:06Z
2026-08-30,MI,9.24,92.4,2026-06,EIA retail-sales (sector IND),2026-08-30T23:08:06Z
2026-08-30,MN,10.23,102.3,2026-06,EIA retail-sales (sector IND),2026-08-30T23:08:06Z
2026-08-30,MO,9.84,98.4,2026-06,EIA retail-sales (sector IND),2026-08-30T23:08:06Z
2026-08-30,MS,8.29,82.9,2026-06,EIA retail-sales (sector IND),2026-08-30T23:08:06Z
2026-08-30,MT,6.68,66.8,2026-06,EIA retail-sales (sector IND),2026-08-30T23:08:06Z
2026-08-30,NC,7.87,78.7,2026-06,EIA retail-sales (sector IND),2026-08-30T23:08:06Z
2026-08-30,ND,8.32,83.2,2026-06,EIA retail-sales (sector IND),2026-08-30T23:08:06Z
2026-08-30,NE,9.64,96.4,2026-06,EIA retail-sales (sector IND),2026-08-30T23:08:06Z
2026-08-30,NH,17.47,174.7,2026-06,EIA retail-sales (sector IND),2026-08-30T23:08:06Z
2026-08-30,NJ,15.65,156.5,2026-06,EIA retail-sales (sector IND),2026-08-30T23:08:06Z
2026-08-30,NM,4.62,46.2,2026-06,EIA retail-sales (sector IND),2026-08-30T23:08:06Z
2026-08-30,NV,10.16,101.6,2026-06,EIA retail-sales (sector IND),2026-08-30T23:08:06Z
2026-08-30,NY,10.17,101.7,2026-06,EIA retail-sales (sector IND),2026-08-30T23:08:06Z
2026-08-30,OH,9.89,98.9,2026-06,EIA retail-sales (sector IND),2026-08-30T23:08:06Z
2026-08-30,OK,7.37,73.7,2026-06,EIA retail-sales (sector IND),2026-08-30T23:08:06Z
2026-08-30,OR,8.83,88.3,2026-06,EIA retail-sales (sector IND),2026-08-30T23:08:06Z
2026-08-30,PA,10.1,101.0,2026-06,EIA retail-sales (sector IND),2026-08-30T23:08:06Z
2026-08-30,RI,22.91,229.1,2026-06,EIA retail-sales (sector IND),2026-08-30T23:08:06Z
2026-08-30,SC,7.55,75.5,2026-06,EIA retail-sales (sector IND),2026-08-30T23:08:06Z
2026-08-30,SD,9.44,94.4,2026-06,EIA retail-sales (sector IND),2026-08-30T23:08:06Z
2026-08-30,TN,6.87,68.7,2026-06,EIA retail-sales (sector IND),2026-08-30T23:08:06Z
2026-08-30,TX,6.58,65.8,2026-06,EIA retail-sales (sector IND),2026-08-30T23:08:06Z
2026-08-30,US,9.17,91.7,2026-06,EIA retail-sales (sector IND),2026-08-30T23:08:06Z
2026-08-30,UT,9.22,92.2,2026-06,EIA retail-sales (sector IND),2026-08-30T23:08:06Z
2026-08-30,VA,9.31,93.1,2026-06,EIA retail-sales (sector IND),2026-08-30T23:08:06Z
2026-08-30,VT,12.9,129.0,2026-06,EIA retail-sales (sector IND),2026-08-30T23:08:06Z
2026-08-30,WA,7.2,72.0,2026-06,EIA retail-sales (sector IND),2026-08-30T23:08:06Z
2026-08-30,WI,9.95,99.5,2026-06,EIA retail-sales (sector IND),2026-08-30T23:08:06Z
2026-08-30,WV,7.95,79.5,2026-06,EIA retail-sales (sector IND),2026-08-30T23:08:06Z
2026-08-30,WY,8.75,87.5,2026-06,EIA retail-sales (sector IND),2026-08-30T23:08:06Z
2026-08-31,AK,21.02,210.2,2026-06,EIA retail-sales (sector IND),2026-08-31T19:22:36Z
2026-08-31,AL,7.92,79.2,2026-06,EIA retail-sales (sector IND),2026-08-31T19:22:36Z
2026-08-31,AR,7.08,70.8,2026-06,EIA retail-sales (sector IND),2026-08-31T19:22:36Z
2026-08-31,AZ,7.73,77.3,2026-06,EIA retail-sales (sector IND),2026-08-31T19:22:36Z
2026-08-31,CA,20.74,207.4,2026-06,EIA retail-sales (sector IND),2026-08-31T19:22:36Z
2026-08-31,CO,10.23,102.3,2026-06,EIA retail-sales (sector IND),2026-08-31T19:22:36Z
2026-08-31,CT,16.7,167.0,2026-06,EIA retail-sales (sector IND),2026-08-31T19:22:36Z
2026-08-31,DC,16.21,162.1,2026-06,EIA retail-sales (sector IND),2026-08-31T19:22:36Z
2026-08-31,DE,12.24,122.4,2026-06,EIA retail-sales (sector IND),2026-08-31T19:22:36Z
2026-08-31,FL,9.12,91.2,2026-06,EIA retail-sales (sector IND),2026-08-31T19:22:36Z
2026-08-31,GA,8.86,88.6,2026-06,EIA retail-sales (sector IND),2026-08-31T19:22:36Z
2026-08-31,HI,43.37,433.7,2026-06,EIA retail-sales (sector IND),2026-08-31T19:22:36Z
2026-08-31,IA,8.48,84.8,2026-06,EIA retail-sales (sector IND),2026-08-31T19:22:36Z
2026-08-31,ID,10.23,102.3,2026-06,EIA retail-sales (sector IND),2026-08-31T19:22:36Z
2026-08-31,IL,10.65,106.5,2026-06,EIA retail-sales (sector IND),2026-08-31T19:22:36Z
2026-08-31,IN,9.0,90.0,2026-06,EIA retail-sales (sector IND),2026-08-31T19:22:36Z
2026-08-31,KS,8.21,82.1,2026-06,EIA retail-sales (sector IND),2026-08-31T19:22:36Z
2026-08-31,KY,7.15,71.5,2026-06,EIA retail-sales (sector IND),2026-08-31T19:22:36Z
2026-08-31,LA,6.69,66.9,2026-06,EIA retail-sales (sector IND),2026-08-31T19:22:36Z
2026-08-31,MA,18.97,189.7,2026-06,EIA retail-sales (sector IND),2026-08-31T19:22:36Z
2026-08-31,MD,13.51,135.1,2026-06,EIA retail-sales (sector IND),2026-08-31T19:22:36Z
2026-08-31,ME,14.21,142.1,2026-06,EIA retail-sales (sector IND),2026-08-31T19:22:36Z
2026-08-31,MI,9.24,92.4,2026-06,EIA retail-sales (sector IND),2026-08-31T19:22:36Z
2026-08-31,MN,10.23,102.3,2026-06,EIA retail-sales (sector IND),2026-08-31T19:22:36Z
2026-08-31,MO,9.84,98.4,2026-06,EIA retail-sales (sector IND),2026-08-31T19:22:36Z
2026-08-31,MS,8.29,82.9,2026-06,EIA retail-sales (sector IND),2026-08-31T19:22:36Z
2026-08-31,MT,6.68,66.8,2026-06,EIA retail-sales (sector IND),2026-08-31T19:22:36Z
2026-08-31,NC,7.87,78.7,2026-06,EIA retail-sales (sector IND),2026-08-31T19:22:36Z
2026-08-31,ND,8.32,83.2,2026-06,EIA retail-sales (sector IND),2026-08-31T19:22:36Z
2026-08-31,NE,9.64,96.4,2026-06,EIA retail-sales (sector IND),2026-08-31T19:22:36Z
2026-08-31,NH,17.47,174.7,2026-06,EIA retail-sales (sector IND),2026-08-31T19:22:36Z
2026-08-31,NJ,15.65,156.5,2026-06,EIA retail-sales (sector IND),2026-08-31T19:22:36Z
2026-08-31,NM,4.62,46.2,2026-06,EIA retail-sales (sector IND),2026-08-31T19:22:36Z
2026-08-31,NV,10.16,101.6,2026-06,EIA retail-sales (sector IND),2026-08-31T19:22:36Z
2026-08-31,NY,10.17,101.7,2026-06,EIA retail-sales (sector IND),2026-08-31T19:22:36Z
2026-08-31,OH,9.89,98.9,2026-06,EIA retail-sales (sector IND),2026-08-31T19:22:36Z
2026-08-31,OK,7.37,73.7,2026-06,EIA retail-sales (sector IND),2026-08-31T19:22:36Z
2026-08-31,OR,8.83,88.3,2026-06,EIA retail-sales (sector IND),2026-08-31T19:22:36Z
2026-08-31,PA,10.1,101.0,2026-06,EIA retail-sales (sector IND),2026-08-31T19:22:36Z
2026-08-31,RI,22.91,229.1,2026-06,EIA retail-sales (sector IND),2026-08-31T19:22:36Z
2026-08-31,SC,7.55,75.5,2026-06,EIA retail-sales (sector IND),2026-08-31T19:22:36Z
2026-08-31,SD,9.44,94.4,2026-06,EIA retail-sales (sector IND),2026-08-31T19:22:36Z
2026-08-31,TN,6.87,68.7,2026-06,EIA retail-sales (sector IND),2026-08-31T19:22:36Z
2026-08-31,TX,6.58,65.8,2026-06,EIA retail-sales (sector IND),2026-08-31T19:22:36Z
2026-08-31,US,9.17,91.7,2026-06,EIA retail-sales (sector IND),2026-08-31T19:22:36Z
2026-08-31,UT,9.22,92.2,2026-06,EIA retail-sales (sector IND),2026-08-31T19:22:36Z
2026-08-31,VA,9.31,93.1,2026-06,EIA retail-sales (sector IND),2026-08-31T19:22:36Z
2026-08-31,VT,12.9,129.0,2026-06,EIA retail-sales (sector IND),2026-08-31T19:22:36Z
2026-08-31,WA,7.2,72.0,2026-06,EIA retail-sales (sector IND),2026-08-31T19:22:36Z
2026-08-31,WI,9.95,99.5,2026-06,EIA retail-sales (sector IND),2026-08-31T19:22:36Z
2026-08-31,WV,7.95,79.5,2026-06,EIA retail-sales (sector IND),2026-08-31T19:22:36Z
2026-08-31,WY,8.75,87.5,2026-06,EIA retail-sales (sector IND),2026-08-31T19:22:36Z
2026-09-01,AK,21.02,210.2,2026-06,EIA retail-sales (sector IND),2026-09-01T22:58:56Z
2026-09-01,AL,7.92,79.2,2026-06,EIA retail-sales (sector IND),2026-09-01T22:58:56Z
2026-09-01,AR,7.08,70.8,2026-06,EIA retail-sales (sector IND),2026-09-01T22:58:56Z
2026-09-01,AZ,7.73,77.3,2026-06,EIA retail-sales (sector IND),2026-09-01T22:58:56Z
2026-09-01,CA,20.74,207.4,2026-06,EIA retail-sales (sector IND),2026-09-01T22:58:56Z
2026-09-01,CO,10.23,102.3,2026-06,EIA retail-sales (sector IND),2026-09-01T22:58:56Z
2026-09-01,CT,16.7,167.0,2026-06,EIA retail-sales (sector IND),2026-09-01T22:58:56Z
2026-09-01,DC,16.21,162.1,2026-06,EIA retail-sales (sector IND),2026-09-01T22:58:56Z
2026-09-01,DE,12.24,122.4,2026-06,EIA retail-sales (sector IND),2026-09-01T22:58:56Z
2026-09-01,FL,9.12,91.2,2026-06,EIA retail-sales (sector IND),2026-09-01T22:58:56Z
2026-09-01,GA,8.86,88.6,2026-06,EIA retail-sales (sector IND),2026-09-01T22:58:56Z
2026-09-01,HI,43.37,433.7,2026-06,EIA retail-sales (sector IND),2026-09-01T22:58:56Z
2026-09-01,IA,8.48,84.8,2026-06,EIA retail-sales (sector IND),2026-09-01T22:58:56Z
2026-09-01,ID,10.23,102.3,2026-06,EIA retail-sales (sector IND),2026-09-01T22:58:56Z
2026-09-01,IL,10.65,106.5,2026-06,EIA retail-sales (sector IND),2026-09-01T22:58:56Z
2026-09-01,IN,9.0,90.0,2026-06,EIA retail-sales (sector IND),2026-09-01T22:58:56Z
2026-09-01,KS,8.21,82.1,2026-06,EIA retail-sales (sector IND),2026-09-01T22:58:56Z
2026-09-01,KY,7.15,71.5,2026-06,EIA retail-sales (sector IND),2026-09-01T22:58:56Z
2026-09-01,LA,6.69,66.9,2026-06,EIA retail-sales (sector IND),2026-09-01T22:58:56Z
2026-09-01,MA,18.97,189.7,2026-06,EIA retail-sales (sector IND),2026-09-01T22:58:56Z
2026-09-01,MD,13.51,135.1,2026-06,EIA retail-sales (sector IND),2026-09-01T22:58:56Z
2026-09-01,ME,14.21,142.1,2026-06,EIA retail-sales (sector IND),2026-09-01T22:58:56Z
2026-09-01,MI,9.24,92.4,2026-06,EIA retail-sales (sector IND),2026-09-01T22:58:56Z
2026-09-01,MN,10.23,102.3,2026-06,EIA retail-sales (sector IND),2026-09-01T22:58:56Z
2026-09-01,MO,9.84,98.4,2026-06,EIA retail-sales (sector IND),2026-09-01T22:58:56Z
2026-09-01,MS,8.29,82.9,2026-06,EIA retail-sales (sector IND),2026-09-01T22:58:56Z
2026-09-01,MT,6.68,66.8,2026-06,EIA retail-sales (sector IND),2026-09-01T22:58:56Z
2026-09-01,NC,7.87,78.7,2026-06,EIA retail-sales (sector IND),2026-09-01T22:58:56Z
2026-09-01,ND,8.32,83.2,2026-06,EIA retail-sales (sector IND),2026-09-01T22:58:56Z
2026-09-01,NE,9.64,96.4,2026-06,EIA retail-sales (sector IND),2026-09-01T22:58:56Z
2026-09-01,NH,17.47,174.7,2026-06,EIA retail-sales (sector IND),2026-09-01T22:58:56Z
2026-09-01,NJ,15.65,156.5,2026-06,EIA retail-sales (sector IND),2026-09-01T22:58:56Z
2026-09-01,NM,4.62,46.2,2026-06,EIA retail-sales (sector IND),2026-09-01T22:58:56Z
2026-09-01,NV,10.16,101.6,2026-06,EIA retail-sales (sector IND),2026-09-01T22:58:56Z
2026-09-01,NY,10.17,101.7,2026-06,EIA retail-sales (sector IND),2026-09-01T22:58:56Z
2026-09-01,OH,9.89,98.9,2026-06,EIA retail-sales (sector IND),2026-09-01T22:58:56Z
2026-09-01,OK,7.37,73.7,2026-06,EIA retail-sales (sector IND),2026-09-01T22:58:56Z
2026-09-01,OR,8.83,88.3,2026-06,EIA retail-sales (sector IND),2026-09-01T22:58:56Z
2026-09-01,PA,10.1,101.0,2026-06,EIA retail-sales (sector IND),2026-09-01T22:58:56Z
2026-09-01,RI,22.91,229.1,2026-06,EIA retail-sales (sector IND),2026-09-01T22:58:56Z
2026-09-01,SC,7.55,75.5,2026-06,EIA retail-sales (sector IND),2026-09-01T22:58:56Z
2026-09-01,SD,9.44,94.4,2026-06,EIA retail-sales (sector IND),2026-09-01T22:58:56Z
2026-09-01,TN,6.87,68.7,2026-06,EIA retail-sales (sector IND),2026-09-01T22:58:56Z
2026-09-01,TX,6.58,65.8,2026-06,EIA retail-sales (sector IND),2026-09-01T22:58:56Z
2026-09-01,US,9.17,91.7,2026-06,EIA retail-sales (sector IND),2026-09-01T22:58:56Z
2026-09-01,UT,9.22,92.2,2026-06,EIA retail-sales (sector IND),2026-09-01T22:58:56Z
2026-09-01,VA,9.31,93.1,2026-06,EIA retail-sales (sector IND),2026-09-01T22:58:56Z
2026-09-01,VT,12.9,129.0,2026-06,EIA retail-sales (sector IND),2026-09-01T22:58:56Z
2026-09-01,WA,7.2,72.0,2026-06,EIA retail-sales (sector IND),2026-09-01T22:58:56Z
2026-09-01,WI,9.95,99.5,2026-06,EIA retail-sales (sector IND),2026-09-01T22:58:56Z
2026-09-01,WV,7.95,79.5,2026-06,EIA retail-sales (sector IND),2026-09-01T22:58:56Z
2026-09-01,WY,8.75,87.5,2026-06,EIA retail-sales (sector IND),2026-09-01T22:58:56Z
2026-09-02,AK,21.02,210.2,2026-06,EIA retail-sales (sector IND),2026-09-02T22:57:51Z
2026-09-02,AL,7.92,79.2,2026-06,EIA retail-sales (sector IND),2026-09-02T22:57:51Z
2026-09-02,AR,7.08,70.8,2026-06,EIA retail-sales (sector IND),2026-09-02T22:57:51Z
2026-09-02,AZ,7.73,77.3,2026-06,EIA retail-sales (sector IND),2026-09-02T22:57:51Z
2026-09-02,CA,20.74,207.4,2026-06,EIA retail-sales (sector IND),2026-09-02T22:57:51Z
2026-09-02,CO,10.23,102.3,2026-06,EIA retail-sales (sector IND),2026-09-02T22:57:51Z
2026-09-02,CT,16.7,167.0,2026-06,EIA retail-sales (sector IND),2026-09-02T22:57:51Z
2026-09-02,DC,16.21,162.1,2026-06,EIA retail-sales (sector IND),2026-09-02T22:57:51Z
2026-09-02,DE,12.24,122.4,2026-06,EIA retail-sales (sector IND),2026-09-02T22:57:51Z
2026-09-02,FL,9.12,91.2,2026-06,EIA retail-sales (sector IND),2026-09-02T22:57:51Z
2026-09-02,GA,8.86,88.6,2026-06,EIA retail-sales (sector IND),2026-09-02T22:57:51Z
2026-09-02,HI,43.37,433.7,2026-06,EIA retail-sales (sector IND),2026-09-02T22:57:51Z
2026-09-02,IA,8.48,84.8,2026-06,EIA retail-sales (sector IND),2026-09-02T22:57:51Z
2026-09-02,ID,10.23,102.3,2026-06,EIA retail-sales (sector IND),2026-09-02T22:57:51Z
2026-09-02,IL,10.65,106.5,2026-06,EIA retail-sales (sector IND),2026-09-02T22:57:51Z
2026-09-02,IN,9.0,90.0,2026-06,EIA retail-sales (sector IND),2026-09-02T22:57:51Z
2026-09-02,KS,8.21,82.1,2026-06,EIA retail-sales (sector IND),2026-09-02T22:57:51Z
2026-09-02,KY,7.15,71.5,2026-06,EIA retail-sales (sector IND),2026-09-02T22:57:51Z
2026-09-02,LA,6.69,66.9,2026-06,EIA retail-sales (sector IND),2026-09-02T22:57:51Z
2026-09-02,MA,18.97,189.7,2026-06,EIA retail-sales (sector IND),2026-09-02T22:57:51Z
2026-09-02,MD,13.51,135.1,2026-06,EIA retail-sales (sector IND),2026-09-02T22:57:51Z
2026-09-02,ME,14.21,142.1,2026-06,EIA retail-sales (sector IND),2026-09-02T22:57:51Z
2026-09-02,MI,9.24,92.4,2026-06,EIA retail-sales (sector IND),2026-09-02T22:57:51Z
2026-09-02,MN,10.23,102.3,2026-06,EIA retail-sales (sector IND),2026-09-02T22:57:51Z
2026-09-02,MO,9.84,98.4,2026-06,EIA retail-sales (sector IND),2026-09-02T22:57:51Z
2026-09-02,MS,8.29,82.9,2026-06,EIA retail-sales (sector IND),2026-09-02T22:57:51Z
2026-09-02,MT,6.68,66.8,2026-06,EIA retail-sales (sector IND),2026-09-02T22:57:51Z
2026-09-02,NC,7.87,78.7,2026-06,EIA retail-sales (sector IND),2026-09-02T22:57:51Z
2026-09-02,ND,8.32,83.2,2026-06,EIA retail-sales (sector IND),2026-09-02T22:57:51Z
2026-09-02,NE,9.64,96.4,2026-06,EIA retail-sales (sector IND),2026-09-02T22:57:51Z
2026-09-02,NH,17.47,174.7,2026-06,EIA retail-sales (sector IND),2026-09-02T22:57:51Z
2026-09-02,NJ,15.65,156.5,2026-06,EIA retail-sales (sector IND),2026-09-02T22:57:51Z
2026-09-02,NM,4.62,46.2,2026-06,EIA retail-sales (sector IND),2026-09-02T22:57:51Z
2026-09-02,NV,10.16,101.6,2026-06,EIA retail-sales (sector IND),2026-09-02T22:57:51Z
2026-09-02,NY,10.17,101.7,2026-06,EIA retail-sales (sector IND),2026-09-02T22:57:51Z
2026-09-02,OH,9.89,98.9,2026-06,EIA retail-sales (sector IND),2026-09-02T22:57:51Z
2026-09-02,OK,7.37,73.7,2026-06,EIA retail-sales (sector IND),2026-09-02T22:57:51Z
2026-09-02,OR,8.83,88.3,2026-06,EIA retail-sales (sector IND),2026-09-02T22:57:51Z
2026-09-02,PA,10.1,101.0,2026-06,EIA retail-sales (sector IND),2026-09-02T22:57:51Z
2026-09-02,RI,22.91,229.1,2026-06,EIA retail-sales (sector IND),2026-09-02T22:57:51Z
2026-09-02,SC,7.55,75.5,2026-06,EIA retail-sales (sector IND),2026-09-02T22:57:51Z
2026-09-02,SD,9.44,94.4,2026-06,EIA retail-sales (sector IND),2026-09-02T22:57:51Z
2026-09-02,TN,6.87,68.7,2026-06,EIA retail-sales (sector IND),2026-09-02T22:57:51Z
2026-09-02,TX,6.58,65.8,2026-06,EIA retail-sales (sector IND),2026-09-02T22:57:51Z
2026-09-02,US,9.17,91.7,2026-06,EIA retail-sales (sector IND),2026-09-02T22:57:51Z
2026-09-02,UT,9.22,92.2,2026-06,EIA retail-sales (sector IND),2026-09-02T22:57:51Z
2026-09-02,VA,9.31,93.1,2026-06,EIA retail-sales (sector IND),2026-09-02T22:57:51Z
2026-09-02,VT,12.9,129.0,2026-06,EIA retail-sales (sector IND),2026-09-02T22:57:51Z
2026-09-02,WA,7.2,72.0,2026-06,EIA retail-sales (sector IND),2026-09-02T22:57:51Z
2026-09-02,WI,9.95,99.5,2026-06,EIA retail-sales (sector IND),2026-09-02T22:57:51Z
2026-09-02,WV,7.95,79.5,2026-06,EIA retail-sales (sector IND),2026-09-02T22:57:51Z
2026-09-02,WY,8.75,87.5,2026-06,EIA retail-sales (sector IND),2026-09-02T22:57:51Z
