date,fips,score,source,fetched_at
2026-06-19,01,45,modeled,2026-06-19T18:19:14Z
2026-06-19,02,35,modeled,2026-06-19T18:19:14Z
2026-06-19,04,60,modeled,2026-06-19T18:19:14Z
2026-06-19,05,29,modeled,2026-06-19T18:19:14Z
2026-06-19,06,70,modeled,2026-06-19T18:19:14Z
2026-06-19,08,58,modeled,2026-06-19T18:19:14Z
2026-06-19,09,56,modeled,2026-06-19T18:19:14Z
2026-06-19,10,28,modeled,2026-06-19T18:19:14Z
2026-06-19,11,26,modeled,2026-06-19T18:19:14Z
2026-06-19,12,44,modeled,2026-06-19T18:19:14Z
2026-06-19,13,46,modeled,2026-06-19T18:19:14Z
2026-06-19,15,29,modeled,2026-06-19T18:19:14Z
2026-06-19,16,63,modeled,2026-06-19T18:19:14Z
2026-06-19,17,27,modeled,2026-06-19T18:19:14Z
2026-06-19,18,27,modeled,2026-06-19T18:19:14Z
2026-06-19,19,29,modeled,2026-06-19T18:19:14Z
2026-06-19,20,76,modeled,2026-06-19T18:19:14Z
2026-06-19,21,31,modeled,2026-06-19T18:19:14Z
2026-06-19,22,29,modeled,2026-06-19T18:19:14Z
2026-06-19,23,59,modeled,2026-06-19T18:19:14Z
2026-06-19,24,25,modeled,2026-06-19T18:19:14Z
2026-06-19,25,56,modeled,2026-06-19T18:19:14Z
2026-06-19,26,27,modeled,2026-06-19T18:19:14Z
2026-06-19,27,27,modeled,2026-06-19T18:19:14Z
2026-06-19,28,28,modeled,2026-06-19T18:19:14Z
2026-06-19,29,28,modeled,2026-06-19T18:19:14Z
2026-06-19,30,64,modeled,2026-06-19T18:19:14Z
2026-06-19,31,77,modeled,2026-06-19T18:19:14Z
2026-06-19,32,60,modeled,2026-06-19T18:19:14Z
2026-06-19,33,57,modeled,2026-06-19T18:19:14Z
2026-06-19,34,26,modeled,2026-06-19T18:19:14Z
2026-06-19,35,62,modeled,2026-06-19T18:19:14Z
2026-06-19,36,68,modeled,2026-06-19T18:19:14Z
2026-06-19,37,90,modeled,2026-06-19T18:19:14Z
2026-06-19,38,28,modeled,2026-06-19T18:19:14Z
2026-06-19,39,29,modeled,2026-06-19T18:19:14Z
2026-06-19,40,78,modeled,2026-06-19T18:19:14Z
2026-06-19,41,63,modeled,2026-06-19T18:19:14Z
2026-06-19,42,29,modeled,2026-06-19T18:19:14Z
2026-06-19,44,57,modeled,2026-06-19T18:19:14Z
2026-06-19,45,90,modeled,2026-06-19T18:19:14Z
2026-06-19,46,75,modeled,2026-06-19T18:19:14Z
2026-06-19,47,90,modeled,2026-06-19T18:19:14Z
2026-06-19,48,45,modeled,2026-06-19T18:19:14Z
2026-06-19,49,60,modeled,2026-06-19T18:19:14Z
2026-06-19,50,61,modeled,2026-06-19T18:19:14Z
2026-06-19,51,29,modeled,2026-06-19T18:19:14Z
2026-06-19,53,63,modeled,2026-06-19T18:19:14Z
2026-06-19,54,31,modeled,2026-06-19T18:19:14Z
2026-06-19,55,27,modeled,2026-06-19T18:19:14Z
2026-06-19,56,62,modeled,2026-06-19T18:19:14Z
2026-06-20,01,45,modeled,2026-06-20T17:07:22Z
2026-06-20,02,35,modeled,2026-06-20T17:07:22Z
2026-06-20,04,60,modeled,2026-06-20T17:07:22Z
2026-06-20,05,29,modeled,2026-06-20T17:07:22Z
2026-06-20,06,70,modeled,2026-06-20T17:07:22Z
2026-06-20,08,58,modeled,2026-06-20T17:07:22Z
2026-06-20,09,56,modeled,2026-06-20T17:07:22Z
2026-06-20,10,28,modeled,2026-06-20T17:07:22Z
2026-06-20,11,26,modeled,2026-06-20T17:07:22Z
2026-06-20,12,44,modeled,2026-06-20T17:07:22Z
2026-06-20,13,46,modeled,2026-06-20T17:07:22Z
2026-06-20,15,29,modeled,2026-06-20T17:07:22Z
2026-06-20,16,63,modeled,2026-06-20T17:07:22Z
2026-06-20,17,27,modeled,2026-06-20T17:07:22Z
2026-06-20,18,27,modeled,2026-06-20T17:07:22Z
2026-06-20,19,29,modeled,2026-06-20T17:07:22Z
2026-06-20,20,76,modeled,2026-06-20T17:07:22Z
2026-06-20,21,31,modeled,2026-06-20T17:07:22Z
2026-06-20,22,29,modeled,2026-06-20T17:07:22Z
2026-06-20,23,59,modeled,2026-06-20T17:07:22Z
2026-06-20,24,25,modeled,2026-06-20T17:07:22Z
2026-06-20,25,56,modeled,2026-06-20T17:07:22Z
2026-06-20,26,27,modeled,2026-06-20T17:07:22Z
2026-06-20,27,27,modeled,2026-06-20T17:07:22Z
2026-06-20,28,28,modeled,2026-06-20T17:07:22Z
2026-06-20,29,28,modeled,2026-06-20T17:07:22Z
2026-06-20,30,64,modeled,2026-06-20T17:07:22Z
2026-06-20,31,77,modeled,2026-06-20T17:07:22Z
2026-06-20,32,60,modeled,2026-06-20T17:07:22Z
2026-06-20,33,57,modeled,2026-06-20T17:07:22Z
2026-06-20,34,26,modeled,2026-06-20T17:07:22Z
2026-06-20,35,62,modeled,2026-06-20T17:07:22Z
2026-06-20,36,68,modeled,2026-06-20T17:07:22Z
2026-06-20,37,90,modeled,2026-06-20T17:07:22Z
2026-06-20,38,28,modeled,2026-06-20T17:07:22Z
2026-06-20,39,29,modeled,2026-06-20T17:07:22Z
2026-06-20,40,78,modeled,2026-06-20T17:07:22Z
2026-06-20,41,63,modeled,2026-06-20T17:07:22Z
2026-06-20,42,29,modeled,2026-06-20T17:07:22Z
2026-06-20,44,57,modeled,2026-06-20T17:07:22Z
2026-06-20,45,90,modeled,2026-06-20T17:07:22Z
2026-06-20,46,75,modeled,2026-06-20T17:07:22Z
2026-06-20,47,90,modeled,2026-06-20T17:07:22Z
2026-06-20,48,45,modeled,2026-06-20T17:07:22Z
2026-06-20,49,60,modeled,2026-06-20T17:07:22Z
2026-06-20,50,61,modeled,2026-06-20T17:07:22Z
2026-06-20,51,29,modeled,2026-06-20T17:07:22Z
2026-06-20,53,63,modeled,2026-06-20T17:07:22Z
2026-06-20,54,31,modeled,2026-06-20T17:07:22Z
2026-06-20,55,27,modeled,2026-06-20T17:07:22Z
2026-06-20,56,62,modeled,2026-06-20T17:07:22Z
2026-06-21,01,45,modeled,2026-06-21T17:10:37Z
2026-06-21,02,35,modeled,2026-06-21T17:10:37Z
2026-06-21,04,60,modeled,2026-06-21T17:10:37Z
2026-06-21,05,29,modeled,2026-06-21T17:10:37Z
2026-06-21,06,70,modeled,2026-06-21T17:10:37Z
2026-06-21,08,58,modeled,2026-06-21T17:10:37Z
2026-06-21,09,56,modeled,2026-06-21T17:10:37Z
2026-06-21,10,28,modeled,2026-06-21T17:10:37Z
2026-06-21,11,26,modeled,2026-06-21T17:10:37Z
2026-06-21,12,44,modeled,2026-06-21T17:10:37Z
2026-06-21,13,46,modeled,2026-06-21T17:10:37Z
2026-06-21,15,29,modeled,2026-06-21T17:10:37Z
2026-06-21,16,63,modeled,2026-06-21T17:10:37Z
2026-06-21,17,27,modeled,2026-06-21T17:10:37Z
2026-06-21,18,27,modeled,2026-06-21T17:10:37Z
2026-06-21,19,29,modeled,2026-06-21T17:10:37Z
2026-06-21,20,76,modeled,2026-06-21T17:10:37Z
2026-06-21,21,31,modeled,2026-06-21T17:10:37Z
2026-06-21,22,29,modeled,2026-06-21T17:10:37Z
2026-06-21,23,59,modeled,2026-06-21T17:10:37Z
2026-06-21,24,25,modeled,2026-06-21T17:10:37Z
2026-06-21,25,56,modeled,2026-06-21T17:10:37Z
2026-06-21,26,27,modeled,2026-06-21T17:10:37Z
2026-06-21,27,27,modeled,2026-06-21T17:10:37Z
2026-06-21,28,28,modeled,2026-06-21T17:10:37Z
2026-06-21,29,28,modeled,2026-06-21T17:10:37Z
2026-06-21,30,64,modeled,2026-06-21T17:10:37Z
2026-06-21,31,77,modeled,2026-06-21T17:10:37Z
2026-06-21,32,60,modeled,2026-06-21T17:10:37Z
2026-06-21,33,57,modeled,2026-06-21T17:10:37Z
2026-06-21,34,26,modeled,2026-06-21T17:10:37Z
2026-06-21,35,62,modeled,2026-06-21T17:10:37Z
2026-06-21,36,68,modeled,2026-06-21T17:10:37Z
2026-06-21,37,90,modeled,2026-06-21T17:10:37Z
2026-06-21,38,28,modeled,2026-06-21T17:10:37Z
2026-06-21,39,29,modeled,2026-06-21T17:10:37Z
2026-06-21,40,78,modeled,2026-06-21T17:10:37Z
2026-06-21,41,63,modeled,2026-06-21T17:10:37Z
2026-06-21,42,29,modeled,2026-06-21T17:10:37Z
2026-06-21,44,57,modeled,2026-06-21T17:10:37Z
2026-06-21,45,90,modeled,2026-06-21T17:10:37Z
2026-06-21,46,75,modeled,2026-06-21T17:10:37Z
2026-06-21,47,90,modeled,2026-06-21T17:10:37Z
2026-06-21,48,45,modeled,2026-06-21T17:10:37Z
2026-06-21,49,60,modeled,2026-06-21T17:10:37Z
2026-06-21,50,61,modeled,2026-06-21T17:10:37Z
2026-06-21,51,29,modeled,2026-06-21T17:10:37Z
2026-06-21,53,63,modeled,2026-06-21T17:10:37Z
2026-06-21,54,31,modeled,2026-06-21T17:10:37Z
2026-06-21,55,27,modeled,2026-06-21T17:10:37Z
2026-06-21,56,62,modeled,2026-06-21T17:10:37Z
2026-06-22,01,45,modeled,2026-06-22T21:27:29Z
2026-06-22,02,36,modeled,2026-06-22T21:27:29Z
2026-06-22,04,61,modeled,2026-06-22T21:27:29Z
2026-06-22,05,30,modeled,2026-06-22T21:27:29Z
2026-06-22,06,70,modeled,2026-06-22T21:27:29Z
2026-06-22,08,59,modeled,2026-06-22T21:27:29Z
2026-06-22,09,57,modeled,2026-06-22T21:27:29Z
2026-06-22,10,29,modeled,2026-06-22T21:27:29Z
2026-06-22,11,26,modeled,2026-06-22T21:27:29Z
2026-06-22,12,44,modeled,2026-06-22T21:27:29Z
2026-06-22,13,46,modeled,2026-06-22T21:27:29Z
2026-06-22,15,30,modeled,2026-06-22T21:27:29Z
2026-06-22,16,64,modeled,2026-06-22T21:27:29Z
2026-06-22,17,28,modeled,2026-06-22T21:27:29Z
2026-06-22,18,28,modeled,2026-06-22T21:27:29Z
2026-06-22,19,30,modeled,2026-06-22T21:27:29Z
2026-06-22,20,76,modeled,2026-06-22T21:27:29Z
2026-06-22,21,32,modeled,2026-06-22T21:27:29Z
2026-06-22,22,29,modeled,2026-06-22T21:27:29Z
2026-06-22,23,59,modeled,2026-06-22T21:27:29Z
2026-06-22,24,26,modeled,2026-06-22T21:27:29Z
2026-06-22,25,56,modeled,2026-06-22T21:27:29Z
2026-06-22,26,28,modeled,2026-06-22T21:27:29Z
2026-06-22,27,28,modeled,2026-06-22T21:27:29Z
2026-06-22,28,29,modeled,2026-06-22T21:27:29Z
2026-06-22,29,29,modeled,2026-06-22T21:27:29Z
2026-06-22,30,65,modeled,2026-06-22T21:27:29Z
2026-06-22,31,77,modeled,2026-06-22T21:27:29Z
2026-06-22,32,61,modeled,2026-06-22T21:27:29Z
2026-06-22,33,57,modeled,2026-06-22T21:27:29Z
2026-06-22,34,27,modeled,2026-06-22T21:27:29Z
2026-06-22,35,62,modeled,2026-06-22T21:27:29Z
2026-06-22,36,69,modeled,2026-06-22T21:27:29Z
2026-06-22,37,90,modeled,2026-06-22T21:27:29Z
2026-06-22,38,29,modeled,2026-06-22T21:27:29Z
2026-06-22,39,30,modeled,2026-06-22T21:27:29Z
2026-06-22,40,78,modeled,2026-06-22T21:27:29Z
2026-06-22,41,63,modeled,2026-06-22T21:27:29Z
2026-06-22,42,30,modeled,2026-06-22T21:27:29Z
2026-06-22,44,58,modeled,2026-06-22T21:27:29Z
2026-06-22,45,90,modeled,2026-06-22T21:27:29Z
2026-06-22,46,75,modeled,2026-06-22T21:27:29Z
2026-06-22,47,90,modeled,2026-06-22T21:27:29Z
2026-06-22,48,45,modeled,2026-06-22T21:27:29Z
2026-06-22,49,60,modeled,2026-06-22T21:27:29Z
2026-06-22,50,61,modeled,2026-06-22T21:27:29Z
2026-06-22,51,30,modeled,2026-06-22T21:27:29Z
2026-06-22,53,64,modeled,2026-06-22T21:27:29Z
2026-06-22,54,31,modeled,2026-06-22T21:27:29Z
2026-06-22,55,28,modeled,2026-06-22T21:27:29Z
2026-06-22,56,63,modeled,2026-06-22T21:27:29Z
2026-06-23,01,45,modeled,2026-06-23T18:27:39Z
2026-06-23,02,36,modeled,2026-06-23T18:27:39Z
2026-06-23,04,61,modeled,2026-06-23T18:27:39Z
2026-06-23,05,30,modeled,2026-06-23T18:27:39Z
2026-06-23,06,70,modeled,2026-06-23T18:27:39Z
2026-06-23,08,59,modeled,2026-06-23T18:27:39Z
2026-06-23,09,57,modeled,2026-06-23T18:27:39Z
2026-06-23,10,29,modeled,2026-06-23T18:27:39Z
2026-06-23,11,26,modeled,2026-06-23T18:27:39Z
2026-06-23,12,44,modeled,2026-06-23T18:27:39Z
2026-06-23,13,46,modeled,2026-06-23T18:27:39Z
2026-06-23,15,30,modeled,2026-06-23T18:27:39Z
2026-06-23,16,64,modeled,2026-06-23T18:27:39Z
2026-06-23,17,28,modeled,2026-06-23T18:27:39Z
2026-06-23,18,28,modeled,2026-06-23T18:27:39Z
2026-06-23,19,30,modeled,2026-06-23T18:27:39Z
2026-06-23,20,76,modeled,2026-06-23T18:27:39Z
2026-06-23,21,32,modeled,2026-06-23T18:27:39Z
2026-06-23,22,29,modeled,2026-06-23T18:27:39Z
2026-06-23,23,59,modeled,2026-06-23T18:27:39Z
2026-06-23,24,26,modeled,2026-06-23T18:27:39Z
2026-06-23,25,56,modeled,2026-06-23T18:27:39Z
2026-06-23,26,28,modeled,2026-06-23T18:27:39Z
2026-06-23,27,28,modeled,2026-06-23T18:27:39Z
2026-06-23,28,29,modeled,2026-06-23T18:27:39Z
2026-06-23,29,29,modeled,2026-06-23T18:27:39Z
2026-06-23,30,65,modeled,2026-06-23T18:27:39Z
2026-06-23,31,77,modeled,2026-06-23T18:27:39Z
2026-06-23,32,61,modeled,2026-06-23T18:27:39Z
2026-06-23,33,57,modeled,2026-06-23T18:27:39Z
2026-06-23,34,27,modeled,2026-06-23T18:27:39Z
2026-06-23,35,62,modeled,2026-06-23T18:27:39Z
2026-06-23,36,69,modeled,2026-06-23T18:27:39Z
2026-06-23,37,90,modeled,2026-06-23T18:27:39Z
2026-06-23,38,29,modeled,2026-06-23T18:27:39Z
2026-06-23,39,30,modeled,2026-06-23T18:27:39Z
2026-06-23,40,78,modeled,2026-06-23T18:27:39Z
2026-06-23,41,63,modeled,2026-06-23T18:27:39Z
2026-06-23,42,30,modeled,2026-06-23T18:27:39Z
2026-06-23,44,58,modeled,2026-06-23T18:27:39Z
2026-06-23,45,90,modeled,2026-06-23T18:27:39Z
2026-06-23,46,75,modeled,2026-06-23T18:27:39Z
2026-06-23,47,90,modeled,2026-06-23T18:27:39Z
2026-06-23,48,45,modeled,2026-06-23T18:27:39Z
2026-06-23,49,60,modeled,2026-06-23T18:27:39Z
2026-06-23,50,61,modeled,2026-06-23T18:27:39Z
2026-06-23,51,30,modeled,2026-06-23T18:27:39Z
2026-06-23,53,64,modeled,2026-06-23T18:27:39Z
2026-06-23,54,31,modeled,2026-06-23T18:27:39Z
2026-06-23,55,28,modeled,2026-06-23T18:27:39Z
2026-06-23,56,63,modeled,2026-06-23T18:27:39Z
2026-06-24,01,45,modeled,2026-06-24T18:19:44Z
2026-06-24,02,36,modeled,2026-06-24T18:19:44Z
2026-06-24,04,61,modeled,2026-06-24T18:19:44Z
2026-06-24,05,30,modeled,2026-06-24T18:19:44Z
2026-06-24,06,70,modeled,2026-06-24T18:19:44Z
2026-06-24,08,59,modeled,2026-06-24T18:19:44Z
2026-06-24,09,57,modeled,2026-06-24T18:19:44Z
2026-06-24,10,29,modeled,2026-06-24T18:19:44Z
2026-06-24,11,26,modeled,2026-06-24T18:19:44Z
2026-06-24,12,44,modeled,2026-06-24T18:19:44Z
2026-06-24,13,46,modeled,2026-06-24T18:19:44Z
2026-06-24,15,30,modeled,2026-06-24T18:19:44Z
2026-06-24,16,64,modeled,2026-06-24T18:19:44Z
2026-06-24,17,28,modeled,2026-06-24T18:19:44Z
2026-06-24,18,28,modeled,2026-06-24T18:19:44Z
2026-06-24,19,30,modeled,2026-06-24T18:19:44Z
2026-06-24,20,76,modeled,2026-06-24T18:19:44Z
2026-06-24,21,32,modeled,2026-06-24T18:19:44Z
2026-06-24,22,29,modeled,2026-06-24T18:19:44Z
2026-06-24,23,59,modeled,2026-06-24T18:19:44Z
2026-06-24,24,26,modeled,2026-06-24T18:19:44Z
2026-06-24,25,56,modeled,2026-06-24T18:19:44Z
2026-06-24,26,28,modeled,2026-06-24T18:19:44Z
2026-06-24,27,28,modeled,2026-06-24T18:19:44Z
2026-06-24,28,29,modeled,2026-06-24T18:19:44Z
2026-06-24,29,29,modeled,2026-06-24T18:19:44Z
2026-06-24,30,65,modeled,2026-06-24T18:19:44Z
2026-06-24,31,77,modeled,2026-06-24T18:19:44Z
2026-06-24,32,61,modeled,2026-06-24T18:19:44Z
2026-06-24,33,57,modeled,2026-06-24T18:19:44Z
2026-06-24,34,27,modeled,2026-06-24T18:19:44Z
2026-06-24,35,62,modeled,2026-06-24T18:19:44Z
2026-06-24,36,69,modeled,2026-06-24T18:19:44Z
2026-06-24,37,90,modeled,2026-06-24T18:19:44Z
2026-06-24,38,29,modeled,2026-06-24T18:19:44Z
2026-06-24,39,30,modeled,2026-06-24T18:19:44Z
2026-06-24,40,78,modeled,2026-06-24T18:19:44Z
2026-06-24,41,63,modeled,2026-06-24T18:19:44Z
2026-06-24,42,30,modeled,2026-06-24T18:19:44Z
2026-06-24,44,58,modeled,2026-06-24T18:19:44Z
2026-06-24,45,90,modeled,2026-06-24T18:19:44Z
2026-06-24,46,75,modeled,2026-06-24T18:19:44Z
2026-06-24,47,90,modeled,2026-06-24T18:19:44Z
2026-06-24,48,45,modeled,2026-06-24T18:19:44Z
2026-06-24,49,60,modeled,2026-06-24T18:19:44Z
2026-06-24,50,61,modeled,2026-06-24T18:19:44Z
2026-06-24,51,30,modeled,2026-06-24T18:19:44Z
2026-06-24,53,64,modeled,2026-06-24T18:19:44Z
2026-06-24,54,31,modeled,2026-06-24T18:19:44Z
2026-06-24,55,28,modeled,2026-06-24T18:19:44Z
2026-06-24,56,63,modeled,2026-06-24T18:19:44Z
2026-06-25,01,45,modeled,2026-06-25T13:37:58Z
2026-06-25,02,36,modeled,2026-06-25T13:37:58Z
2026-06-25,04,61,modeled,2026-06-25T13:37:58Z
2026-06-25,05,30,modeled,2026-06-25T13:37:58Z
2026-06-25,06,70,modeled,2026-06-25T13:37:58Z
2026-06-25,08,59,modeled,2026-06-25T13:37:58Z
2026-06-25,09,57,modeled,2026-06-25T13:37:58Z
2026-06-25,10,29,modeled,2026-06-25T13:37:58Z
2026-06-25,11,26,modeled,2026-06-25T13:37:58Z
2026-06-25,12,44,modeled,2026-06-25T13:37:58Z
2026-06-25,13,46,modeled,2026-06-25T13:37:58Z
2026-06-25,15,30,modeled,2026-06-25T13:37:58Z
2026-06-25,16,64,modeled,2026-06-25T13:37:58Z
2026-06-25,17,28,modeled,2026-06-25T13:37:58Z
2026-06-25,18,28,modeled,2026-06-25T13:37:58Z
2026-06-25,19,30,modeled,2026-06-25T13:37:58Z
2026-06-25,20,76,modeled,2026-06-25T13:37:58Z
2026-06-25,21,32,modeled,2026-06-25T13:37:58Z
2026-06-25,22,29,modeled,2026-06-25T13:37:58Z
2026-06-25,23,59,modeled,2026-06-25T13:37:58Z
2026-06-25,24,26,modeled,2026-06-25T13:37:58Z
2026-06-25,25,56,modeled,2026-06-25T13:37:58Z
2026-06-25,26,28,modeled,2026-06-25T13:37:58Z
2026-06-25,27,28,modeled,2026-06-25T13:37:58Z
2026-06-25,28,29,modeled,2026-06-25T13:37:58Z
2026-06-25,29,29,modeled,2026-06-25T13:37:58Z
2026-06-25,30,65,modeled,2026-06-25T13:37:58Z
2026-06-25,31,77,modeled,2026-06-25T13:37:58Z
2026-06-25,32,61,modeled,2026-06-25T13:37:58Z
2026-06-25,33,57,modeled,2026-06-25T13:37:58Z
2026-06-25,34,27,modeled,2026-06-25T13:37:58Z
2026-06-25,35,62,modeled,2026-06-25T13:37:58Z
2026-06-25,36,69,modeled,2026-06-25T13:37:58Z
2026-06-25,37,90,modeled,2026-06-25T13:37:58Z
2026-06-25,38,29,modeled,2026-06-25T13:37:58Z
2026-06-25,39,30,modeled,2026-06-25T13:37:58Z
2026-06-25,40,78,modeled,2026-06-25T13:37:58Z
2026-06-25,41,63,modeled,2026-06-25T13:37:58Z
2026-06-25,42,30,modeled,2026-06-25T13:37:58Z
2026-06-25,44,58,modeled,2026-06-25T13:37:58Z
2026-06-25,45,90,modeled,2026-06-25T13:37:58Z
2026-06-25,46,75,modeled,2026-06-25T13:37:58Z
2026-06-25,47,90,modeled,2026-06-25T13:37:58Z
2026-06-25,48,45,modeled,2026-06-25T13:37:58Z
2026-06-25,49,60,modeled,2026-06-25T13:37:58Z
2026-06-25,50,61,modeled,2026-06-25T13:37:58Z
2026-06-25,51,30,modeled,2026-06-25T13:37:58Z
2026-06-25,53,64,modeled,2026-06-25T13:37:58Z
2026-06-25,54,31,modeled,2026-06-25T13:37:58Z
2026-06-25,55,28,modeled,2026-06-25T13:37:58Z
2026-06-25,56,63,modeled,2026-06-25T13:37:58Z
2026-06-26,01,45,modeled,2026-06-26T13:32:04Z
2026-06-26,02,39,modeled,2026-06-26T13:32:04Z
2026-06-26,04,61,modeled,2026-06-26T13:32:04Z
2026-06-26,05,30,modeled,2026-06-26T13:32:04Z
2026-06-26,06,72,modeled,2026-06-26T13:32:04Z
2026-06-26,08,60,modeled,2026-06-26T13:32:04Z
2026-06-26,09,59,modeled,2026-06-26T13:32:04Z
2026-06-26,10,31,modeled,2026-06-26T13:32:04Z
2026-06-26,11,22,modeled,2026-06-26T13:32:04Z
2026-06-26,12,44,modeled,2026-06-26T13:32:04Z
2026-06-26,13,46,modeled,2026-06-26T13:32:04Z
2026-06-26,15,30,modeled,2026-06-26T13:32:04Z
2026-06-26,16,64,modeled,2026-06-26T13:32:04Z
2026-06-26,17,28,modeled,2026-06-26T13:32:04Z
2026-06-26,18,28,modeled,2026-06-26T13:32:04Z
2026-06-26,19,30,modeled,2026-06-26T13:32:04Z
2026-06-26,20,77,modeled,2026-06-26T13:32:04Z
2026-06-26,21,32,modeled,2026-06-26T13:32:04Z
2026-06-26,22,29,modeled,2026-06-26T13:32:04Z
2026-06-26,23,61,modeled,2026-06-26T13:32:04Z
2026-06-26,24,27,modeled,2026-06-26T13:32:04Z
2026-06-26,25,58,modeled,2026-06-26T13:32:04Z
2026-06-26,26,28,modeled,2026-06-26T13:32:04Z
2026-06-26,27,28,modeled,2026-06-26T13:32:04Z
2026-06-26,28,29,modeled,2026-06-26T13:32:04Z
2026-06-26,29,29,modeled,2026-06-26T13:32:04Z
2026-06-26,30,65,modeled,2026-06-26T13:32:04Z
2026-06-26,31,76,modeled,2026-06-26T13:32:04Z
2026-06-26,32,61,modeled,2026-06-26T13:32:04Z
2026-06-26,33,59,modeled,2026-06-26T13:32:04Z
2026-06-26,34,27,modeled,2026-06-26T13:32:04Z
2026-06-26,35,62,modeled,2026-06-26T13:32:04Z
2026-06-26,36,69,modeled,2026-06-26T13:32:04Z
2026-06-26,37,90,modeled,2026-06-26T13:32:04Z
2026-06-26,38,29,modeled,2026-06-26T13:32:04Z
2026-06-26,39,30,modeled,2026-06-26T13:32:04Z
2026-06-26,40,78,modeled,2026-06-26T13:32:04Z
2026-06-26,41,63,modeled,2026-06-26T13:32:04Z
2026-06-26,42,31,modeled,2026-06-26T13:32:04Z
2026-06-26,44,57,modeled,2026-06-26T13:32:04Z
2026-06-26,45,90,modeled,2026-06-26T13:32:04Z
2026-06-26,46,76,modeled,2026-06-26T13:32:04Z
2026-06-26,47,90,modeled,2026-06-26T13:32:04Z
2026-06-26,48,45,modeled,2026-06-26T13:32:04Z
2026-06-26,49,60,modeled,2026-06-26T13:32:04Z
2026-06-26,50,63,modeled,2026-06-26T13:32:04Z
2026-06-26,51,31,modeled,2026-06-26T13:32:04Z
2026-06-26,53,64,modeled,2026-06-26T13:32:04Z
2026-06-26,54,31,modeled,2026-06-26T13:32:04Z
2026-06-26,55,28,modeled,2026-06-26T13:32:04Z
2026-06-26,56,63,modeled,2026-06-26T13:32:04Z
2026-06-27,01,45,modeled,2026-06-27T12:53:25Z
2026-06-27,02,39,modeled,2026-06-27T12:53:25Z
2026-06-27,04,61,modeled,2026-06-27T12:53:25Z
2026-06-27,05,30,modeled,2026-06-27T12:53:25Z
2026-06-27,06,72,modeled,2026-06-27T12:53:25Z
2026-06-27,08,60,modeled,2026-06-27T12:53:25Z
2026-06-27,09,59,modeled,2026-06-27T12:53:25Z
2026-06-27,10,31,modeled,2026-06-27T12:53:25Z
2026-06-27,11,22,modeled,2026-06-27T12:53:25Z
2026-06-27,12,44,modeled,2026-06-27T12:53:25Z
2026-06-27,13,46,modeled,2026-06-27T12:53:25Z
2026-06-27,15,30,modeled,2026-06-27T12:53:25Z
2026-06-27,16,64,modeled,2026-06-27T12:53:25Z
2026-06-27,17,28,modeled,2026-06-27T12:53:25Z
2026-06-27,18,28,modeled,2026-06-27T12:53:25Z
2026-06-27,19,30,modeled,2026-06-27T12:53:25Z
2026-06-27,20,77,modeled,2026-06-27T12:53:25Z
2026-06-27,21,32,modeled,2026-06-27T12:53:25Z
2026-06-27,22,29,modeled,2026-06-27T12:53:25Z
2026-06-27,23,61,modeled,2026-06-27T12:53:25Z
2026-06-27,24,27,modeled,2026-06-27T12:53:25Z
2026-06-27,25,58,modeled,2026-06-27T12:53:25Z
2026-06-27,26,28,modeled,2026-06-27T12:53:25Z
2026-06-27,27,28,modeled,2026-06-27T12:53:25Z
2026-06-27,28,29,modeled,2026-06-27T12:53:25Z
2026-06-27,29,29,modeled,2026-06-27T12:53:25Z
2026-06-27,30,65,modeled,2026-06-27T12:53:25Z
2026-06-27,31,76,modeled,2026-06-27T12:53:25Z
2026-06-27,32,61,modeled,2026-06-27T12:53:25Z
2026-06-27,33,59,modeled,2026-06-27T12:53:25Z
2026-06-27,34,27,modeled,2026-06-27T12:53:25Z
2026-06-27,35,62,modeled,2026-06-27T12:53:25Z
2026-06-27,36,69,modeled,2026-06-27T12:53:25Z
2026-06-27,37,90,modeled,2026-06-27T12:53:25Z
2026-06-27,38,29,modeled,2026-06-27T12:53:25Z
2026-06-27,39,30,modeled,2026-06-27T12:53:25Z
2026-06-27,40,78,modeled,2026-06-27T12:53:25Z
2026-06-27,41,63,modeled,2026-06-27T12:53:25Z
2026-06-27,42,31,modeled,2026-06-27T12:53:25Z
2026-06-27,44,57,modeled,2026-06-27T12:53:25Z
2026-06-27,45,90,modeled,2026-06-27T12:53:25Z
2026-06-27,46,76,modeled,2026-06-27T12:53:25Z
2026-06-27,47,90,modeled,2026-06-27T12:53:25Z
2026-06-27,48,45,modeled,2026-06-27T12:53:25Z
2026-06-27,49,60,modeled,2026-06-27T12:53:25Z
2026-06-27,50,63,modeled,2026-06-27T12:53:25Z
2026-06-27,51,31,modeled,2026-06-27T12:53:25Z
2026-06-27,53,64,modeled,2026-06-27T12:53:25Z
2026-06-27,54,31,modeled,2026-06-27T12:53:25Z
2026-06-27,55,28,modeled,2026-06-27T12:53:25Z
2026-06-27,56,63,modeled,2026-06-27T12:53:25Z
2026-06-28,01,45,modeled,2026-06-28T12:58:54Z
2026-06-28,02,39,modeled,2026-06-28T12:58:54Z
2026-06-28,04,61,modeled,2026-06-28T12:58:54Z
2026-06-28,05,30,modeled,2026-06-28T12:58:54Z
2026-06-28,06,72,modeled,2026-06-28T12:58:54Z
2026-06-28,08,60,modeled,2026-06-28T12:58:54Z
2026-06-28,09,59,modeled,2026-06-28T12:58:54Z
2026-06-28,10,31,modeled,2026-06-28T12:58:54Z
2026-06-28,11,22,modeled,2026-06-28T12:58:54Z
2026-06-28,12,44,modeled,2026-06-28T12:58:54Z
2026-06-28,13,46,modeled,2026-06-28T12:58:54Z
2026-06-28,15,30,modeled,2026-06-28T12:58:54Z
2026-06-28,16,64,modeled,2026-06-28T12:58:54Z
2026-06-28,17,28,modeled,2026-06-28T12:58:54Z
2026-06-28,18,28,modeled,2026-06-28T12:58:54Z
2026-06-28,19,30,modeled,2026-06-28T12:58:54Z
2026-06-28,20,77,modeled,2026-06-28T12:58:54Z
2026-06-28,21,32,modeled,2026-06-28T12:58:54Z
2026-06-28,22,29,modeled,2026-06-28T12:58:54Z
2026-06-28,23,61,modeled,2026-06-28T12:58:54Z
2026-06-28,24,27,modeled,2026-06-28T12:58:54Z
2026-06-28,25,58,modeled,2026-06-28T12:58:54Z
2026-06-28,26,28,modeled,2026-06-28T12:58:54Z
2026-06-28,27,28,modeled,2026-06-28T12:58:54Z
2026-06-28,28,29,modeled,2026-06-28T12:58:54Z
2026-06-28,29,29,modeled,2026-06-28T12:58:54Z
2026-06-28,30,65,modeled,2026-06-28T12:58:54Z
2026-06-28,31,76,modeled,2026-06-28T12:58:54Z
2026-06-28,32,61,modeled,2026-06-28T12:58:54Z
2026-06-28,33,59,modeled,2026-06-28T12:58:54Z
2026-06-28,34,27,modeled,2026-06-28T12:58:54Z
2026-06-28,35,62,modeled,2026-06-28T12:58:54Z
2026-06-28,36,69,modeled,2026-06-28T12:58:54Z
2026-06-28,37,90,modeled,2026-06-28T12:58:54Z
2026-06-28,38,29,modeled,2026-06-28T12:58:54Z
2026-06-28,39,30,modeled,2026-06-28T12:58:54Z
2026-06-28,40,78,modeled,2026-06-28T12:58:54Z
2026-06-28,41,63,modeled,2026-06-28T12:58:54Z
2026-06-28,42,31,modeled,2026-06-28T12:58:54Z
2026-06-28,44,57,modeled,2026-06-28T12:58:54Z
2026-06-28,45,90,modeled,2026-06-28T12:58:54Z
2026-06-28,46,76,modeled,2026-06-28T12:58:54Z
2026-06-28,47,90,modeled,2026-06-28T12:58:54Z
2026-06-28,48,45,modeled,2026-06-28T12:58:54Z
2026-06-28,49,60,modeled,2026-06-28T12:58:54Z
2026-06-28,50,63,modeled,2026-06-28T12:58:54Z
2026-06-28,51,31,modeled,2026-06-28T12:58:54Z
2026-06-28,53,64,modeled,2026-06-28T12:58:54Z
2026-06-28,54,31,modeled,2026-06-28T12:58:54Z
2026-06-28,55,28,modeled,2026-06-28T12:58:54Z
2026-06-28,56,63,modeled,2026-06-28T12:58:54Z
2026-07-02,01,47,modeled,2026-07-02T13:19:27Z
2026-07-02,02,38,modeled,2026-07-02T13:19:27Z
2026-07-02,04,61,modeled,2026-07-02T13:19:27Z
2026-07-02,05,26,modeled,2026-07-02T13:19:27Z
2026-07-02,06,74,modeled,2026-07-02T13:19:27Z
2026-07-02,08,59,modeled,2026-07-02T13:19:27Z
2026-07-02,09,57,modeled,2026-07-02T13:19:27Z
2026-07-02,10,25,modeled,2026-07-02T13:19:27Z
2026-07-02,11,16,modeled,2026-07-02T13:19:27Z
2026-07-02,12,46,modeled,2026-07-02T13:19:27Z
2026-07-02,13,48,modeled,2026-07-02T13:19:27Z
2026-07-02,15,29,modeled,2026-07-02T13:19:27Z
2026-07-02,16,64,modeled,2026-07-02T13:19:27Z
2026-07-02,17,23,modeled,2026-07-02T13:19:27Z
2026-07-02,18,24,modeled,2026-07-02T13:19:27Z
2026-07-02,19,26,modeled,2026-07-02T13:19:27Z
2026-07-02,20,76,modeled,2026-07-02T13:19:27Z
2026-07-02,21,27,modeled,2026-07-02T13:19:27Z
2026-07-02,22,25,modeled,2026-07-02T13:19:27Z
2026-07-02,23,59,modeled,2026-07-02T13:19:27Z
2026-07-02,24,22,modeled,2026-07-02T13:19:27Z
2026-07-02,25,57,modeled,2026-07-02T13:19:27Z
2026-07-02,26,24,modeled,2026-07-02T13:19:27Z
2026-07-02,27,23,modeled,2026-07-02T13:19:27Z
2026-07-02,28,25,modeled,2026-07-02T13:19:27Z
2026-07-02,29,24,modeled,2026-07-02T13:19:27Z
2026-07-02,30,64,modeled,2026-07-02T13:19:27Z
2026-07-02,31,76,modeled,2026-07-02T13:19:27Z
2026-07-02,32,61,modeled,2026-07-02T13:19:27Z
2026-07-02,33,58,modeled,2026-07-02T13:19:27Z
2026-07-02,34,21,modeled,2026-07-02T13:19:27Z
2026-07-02,35,62,modeled,2026-07-02T13:19:27Z
2026-07-02,36,67,modeled,2026-07-02T13:19:27Z
2026-07-02,37,90,modeled,2026-07-02T13:19:27Z
2026-07-02,38,24,modeled,2026-07-02T13:19:27Z
2026-07-02,39,25,modeled,2026-07-02T13:19:27Z
2026-07-02,40,77,modeled,2026-07-02T13:19:27Z
2026-07-02,41,63,modeled,2026-07-02T13:19:27Z
2026-07-02,42,25,modeled,2026-07-02T13:19:27Z
2026-07-02,44,55,modeled,2026-07-02T13:19:27Z
2026-07-02,45,90,modeled,2026-07-02T13:19:27Z
2026-07-02,46,75,modeled,2026-07-02T13:19:27Z
2026-07-02,47,90,modeled,2026-07-02T13:19:27Z
2026-07-02,48,49,modeled,2026-07-02T13:19:27Z
2026-07-02,49,60,modeled,2026-07-02T13:19:27Z
2026-07-02,50,61,modeled,2026-07-02T13:19:27Z
2026-07-02,51,25,modeled,2026-07-02T13:19:27Z
2026-07-02,53,64,modeled,2026-07-02T13:19:27Z
2026-07-02,54,25,modeled,2026-07-02T13:19:27Z
2026-07-02,55,24,modeled,2026-07-02T13:19:27Z
2026-07-02,56,63,modeled,2026-07-02T13:19:27Z
2026-07-03,01,47,modeled,2026-07-03T13:21:12Z
2026-07-03,02,36,modeled,2026-07-03T13:21:12Z
2026-07-03,04,59,modeled,2026-07-03T13:21:12Z
2026-07-03,05,26,modeled,2026-07-03T13:21:12Z
2026-07-03,06,75,modeled,2026-07-03T13:21:12Z
2026-07-03,08,57,modeled,2026-07-03T13:21:12Z
2026-07-03,09,52,modeled,2026-07-03T13:21:12Z
2026-07-03,10,25,modeled,2026-07-03T13:21:12Z
2026-07-03,11,16,modeled,2026-07-03T13:21:12Z
2026-07-03,12,46,modeled,2026-07-03T13:21:12Z
2026-07-03,13,48,modeled,2026-07-03T13:21:12Z
2026-07-03,15,27,modeled,2026-07-03T13:21:12Z
2026-07-03,16,61,modeled,2026-07-03T13:21:12Z
2026-07-03,17,24,modeled,2026-07-03T13:21:12Z
2026-07-03,18,24,modeled,2026-07-03T13:21:12Z
2026-07-03,19,26,modeled,2026-07-03T13:21:12Z
2026-07-03,20,76,modeled,2026-07-03T13:21:12Z
2026-07-03,21,27,modeled,2026-07-03T13:21:12Z
2026-07-03,22,25,modeled,2026-07-03T13:21:12Z
2026-07-03,23,54,modeled,2026-07-03T13:21:12Z
2026-07-03,24,22,modeled,2026-07-03T13:21:12Z
2026-07-03,25,52,modeled,2026-07-03T13:21:12Z
2026-07-03,26,24,modeled,2026-07-03T13:21:12Z
2026-07-03,27,24,modeled,2026-07-03T13:21:12Z
2026-07-03,28,25,modeled,2026-07-03T13:21:12Z
2026-07-03,29,25,modeled,2026-07-03T13:21:12Z
2026-07-03,30,62,modeled,2026-07-03T13:21:12Z
2026-07-03,31,76,modeled,2026-07-03T13:21:12Z
2026-07-03,32,58,modeled,2026-07-03T13:21:12Z
2026-07-03,33,53,modeled,2026-07-03T13:21:12Z
2026-07-03,34,21,modeled,2026-07-03T13:21:12Z
2026-07-03,35,59,modeled,2026-07-03T13:21:12Z
2026-07-03,36,64,modeled,2026-07-03T13:21:12Z
2026-07-03,37,90,modeled,2026-07-03T13:21:12Z
2026-07-03,38,25,modeled,2026-07-03T13:21:12Z
2026-07-03,39,25,modeled,2026-07-03T13:21:12Z
2026-07-03,40,78,modeled,2026-07-03T13:21:12Z
2026-07-03,41,61,modeled,2026-07-03T13:21:12Z
2026-07-03,42,25,modeled,2026-07-03T13:21:12Z
2026-07-03,44,50,modeled,2026-07-03T13:21:12Z
2026-07-03,45,90,modeled,2026-07-03T13:21:12Z
2026-07-03,46,75,modeled,2026-07-03T13:21:12Z
2026-07-03,47,90,modeled,2026-07-03T13:21:12Z
2026-07-03,48,49,modeled,2026-07-03T13:21:12Z
2026-07-03,49,58,modeled,2026-07-03T13:21:12Z
2026-07-03,50,56,modeled,2026-07-03T13:21:12Z
2026-07-03,51,25,modeled,2026-07-03T13:21:12Z
2026-07-03,53,61,modeled,2026-07-03T13:21:12Z
2026-07-03,54,25,modeled,2026-07-03T13:21:12Z
2026-07-03,55,24,modeled,2026-07-03T13:21:12Z
2026-07-03,56,60,modeled,2026-07-03T13:21:12Z
2026-07-04,01,47,modeled,2026-07-04T12:46:11Z
2026-07-04,02,36,modeled,2026-07-04T12:46:11Z
2026-07-04,04,59,modeled,2026-07-04T12:46:11Z
2026-07-04,05,26,modeled,2026-07-04T12:46:11Z
2026-07-04,06,75,modeled,2026-07-04T12:46:11Z
2026-07-04,08,57,modeled,2026-07-04T12:46:11Z
2026-07-04,09,52,modeled,2026-07-04T12:46:11Z
2026-07-04,10,25,modeled,2026-07-04T12:46:11Z
2026-07-04,11,16,modeled,2026-07-04T12:46:11Z
2026-07-04,12,46,modeled,2026-07-04T12:46:11Z
2026-07-04,13,48,modeled,2026-07-04T12:46:11Z
2026-07-04,15,27,modeled,2026-07-04T12:46:11Z
2026-07-04,16,61,modeled,2026-07-04T12:46:11Z
2026-07-04,17,24,modeled,2026-07-04T12:46:11Z
2026-07-04,18,24,modeled,2026-07-04T12:46:11Z
2026-07-04,19,26,modeled,2026-07-04T12:46:11Z
2026-07-04,20,76,modeled,2026-07-04T12:46:11Z
2026-07-04,21,27,modeled,2026-07-04T12:46:11Z
2026-07-04,22,25,modeled,2026-07-04T12:46:11Z
2026-07-04,23,54,modeled,2026-07-04T12:46:11Z
2026-07-04,24,22,modeled,2026-07-04T12:46:11Z
2026-07-04,25,52,modeled,2026-07-04T12:46:11Z
2026-07-04,26,24,modeled,2026-07-04T12:46:11Z
2026-07-04,27,24,modeled,2026-07-04T12:46:11Z
2026-07-04,28,25,modeled,2026-07-04T12:46:11Z
2026-07-04,29,25,modeled,2026-07-04T12:46:11Z
2026-07-04,30,62,modeled,2026-07-04T12:46:11Z
2026-07-04,31,76,modeled,2026-07-04T12:46:11Z
2026-07-04,32,58,modeled,2026-07-04T12:46:11Z
2026-07-04,33,53,modeled,2026-07-04T12:46:11Z
2026-07-04,34,21,modeled,2026-07-04T12:46:11Z
2026-07-04,35,59,modeled,2026-07-04T12:46:11Z
2026-07-04,36,64,modeled,2026-07-04T12:46:11Z
2026-07-04,37,90,modeled,2026-07-04T12:46:11Z
2026-07-04,38,25,modeled,2026-07-04T12:46:11Z
2026-07-04,39,25,modeled,2026-07-04T12:46:11Z
2026-07-04,40,78,modeled,2026-07-04T12:46:11Z
2026-07-04,41,61,modeled,2026-07-04T12:46:11Z
2026-07-04,42,25,modeled,2026-07-04T12:46:11Z
2026-07-04,44,50,modeled,2026-07-04T12:46:11Z
2026-07-04,45,90,modeled,2026-07-04T12:46:11Z
2026-07-04,46,75,modeled,2026-07-04T12:46:11Z
2026-07-04,47,90,modeled,2026-07-04T12:46:11Z
2026-07-04,48,49,modeled,2026-07-04T12:46:11Z
2026-07-04,49,58,modeled,2026-07-04T12:46:11Z
2026-07-04,50,56,modeled,2026-07-04T12:46:11Z
2026-07-04,51,25,modeled,2026-07-04T12:46:11Z
2026-07-04,53,61,modeled,2026-07-04T12:46:11Z
2026-07-04,54,25,modeled,2026-07-04T12:46:11Z
2026-07-04,55,24,modeled,2026-07-04T12:46:11Z
2026-07-04,56,60,modeled,2026-07-04T12:46:11Z
2026-07-05,01,47,modeled,2026-07-05T12:49:52Z
2026-07-05,02,36,modeled,2026-07-05T12:49:52Z
2026-07-05,04,59,modeled,2026-07-05T12:49:52Z
2026-07-05,05,26,modeled,2026-07-05T12:49:52Z
2026-07-05,06,78,modeled,2026-07-05T12:49:52Z
2026-07-05,08,57,modeled,2026-07-05T12:49:52Z
2026-07-05,09,52,modeled,2026-07-05T12:49:52Z
2026-07-05,10,25,modeled,2026-07-05T12:49:52Z
2026-07-05,11,16,modeled,2026-07-05T12:49:52Z
2026-07-05,12,46,modeled,2026-07-05T12:49:52Z
2026-07-05,13,48,modeled,2026-07-05T12:49:52Z
2026-07-05,15,27,modeled,2026-07-05T12:49:52Z
2026-07-05,16,61,modeled,2026-07-05T12:49:52Z
2026-07-05,17,24,modeled,2026-07-05T12:49:52Z
2026-07-05,18,24,modeled,2026-07-05T12:49:52Z
2026-07-05,19,26,modeled,2026-07-05T12:49:52Z
2026-07-05,20,76,modeled,2026-07-05T12:49:52Z
2026-07-05,21,27,modeled,2026-07-05T12:49:52Z
2026-07-05,22,25,modeled,2026-07-05T12:49:52Z
2026-07-05,23,54,modeled,2026-07-05T12:49:52Z
2026-07-05,24,22,modeled,2026-07-05T12:49:52Z
2026-07-05,25,52,modeled,2026-07-05T12:49:52Z
2026-07-05,26,24,modeled,2026-07-05T12:49:52Z
2026-07-05,27,24,modeled,2026-07-05T12:49:52Z
2026-07-05,28,25,modeled,2026-07-05T12:49:52Z
2026-07-05,29,25,modeled,2026-07-05T12:49:52Z
2026-07-05,30,62,modeled,2026-07-05T12:49:52Z
2026-07-05,31,76,modeled,2026-07-05T12:49:52Z
2026-07-05,32,58,modeled,2026-07-05T12:49:52Z
2026-07-05,33,53,modeled,2026-07-05T12:49:52Z
2026-07-05,34,21,modeled,2026-07-05T12:49:52Z
2026-07-05,35,59,modeled,2026-07-05T12:49:52Z
2026-07-05,36,64,modeled,2026-07-05T12:49:52Z
2026-07-05,37,90,modeled,2026-07-05T12:49:52Z
2026-07-05,38,25,modeled,2026-07-05T12:49:52Z
2026-07-05,39,25,modeled,2026-07-05T12:49:52Z
2026-07-05,40,78,modeled,2026-07-05T12:49:52Z
2026-07-05,41,61,modeled,2026-07-05T12:49:52Z
2026-07-05,42,25,modeled,2026-07-05T12:49:52Z
2026-07-05,44,50,modeled,2026-07-05T12:49:52Z
2026-07-05,45,90,modeled,2026-07-05T12:49:52Z
2026-07-05,46,75,modeled,2026-07-05T12:49:52Z
2026-07-05,47,90,modeled,2026-07-05T12:49:52Z
2026-07-05,48,49,modeled,2026-07-05T12:49:52Z
2026-07-05,49,58,modeled,2026-07-05T12:49:52Z
2026-07-05,50,56,modeled,2026-07-05T12:49:52Z
2026-07-05,51,25,modeled,2026-07-05T12:49:52Z
2026-07-05,53,61,modeled,2026-07-05T12:49:52Z
2026-07-05,54,25,modeled,2026-07-05T12:49:52Z
2026-07-05,55,24,modeled,2026-07-05T12:49:52Z
2026-07-05,56,60,modeled,2026-07-05T12:49:52Z
2026-07-06,01,47,modeled,2026-07-06T14:43:24Z
2026-07-06,02,36,modeled,2026-07-06T14:43:24Z
2026-07-06,04,59,modeled,2026-07-06T14:43:24Z
2026-07-06,05,26,modeled,2026-07-06T14:43:24Z
2026-07-06,06,78,modeled,2026-07-06T14:43:24Z
2026-07-06,08,57,modeled,2026-07-06T14:43:24Z
2026-07-06,09,52,modeled,2026-07-06T14:43:24Z
2026-07-06,10,25,modeled,2026-07-06T14:43:24Z
2026-07-06,11,16,modeled,2026-07-06T14:43:24Z
2026-07-06,12,46,modeled,2026-07-06T14:43:24Z
2026-07-06,13,48,modeled,2026-07-06T14:43:24Z
2026-07-06,15,27,modeled,2026-07-06T14:43:24Z
2026-07-06,16,61,modeled,2026-07-06T14:43:24Z
2026-07-06,17,24,modeled,2026-07-06T14:43:24Z
2026-07-06,18,24,modeled,2026-07-06T14:43:24Z
2026-07-06,19,26,modeled,2026-07-06T14:43:24Z
2026-07-06,20,76,modeled,2026-07-06T14:43:24Z
2026-07-06,21,27,modeled,2026-07-06T14:43:24Z
2026-07-06,22,25,modeled,2026-07-06T14:43:24Z
2026-07-06,23,54,modeled,2026-07-06T14:43:24Z
2026-07-06,24,22,modeled,2026-07-06T14:43:24Z
2026-07-06,25,52,modeled,2026-07-06T14:43:24Z
2026-07-06,26,24,modeled,2026-07-06T14:43:24Z
2026-07-06,27,24,modeled,2026-07-06T14:43:24Z
2026-07-06,28,25,modeled,2026-07-06T14:43:24Z
2026-07-06,29,25,modeled,2026-07-06T14:43:24Z
2026-07-06,30,62,modeled,2026-07-06T14:43:24Z
2026-07-06,31,76,modeled,2026-07-06T14:43:24Z
2026-07-06,32,58,modeled,2026-07-06T14:43:24Z
2026-07-06,33,53,modeled,2026-07-06T14:43:24Z
2026-07-06,34,21,modeled,2026-07-06T14:43:24Z
2026-07-06,35,59,modeled,2026-07-06T14:43:24Z
2026-07-06,36,64,modeled,2026-07-06T14:43:24Z
2026-07-06,37,90,modeled,2026-07-06T14:43:24Z
2026-07-06,38,25,modeled,2026-07-06T14:43:24Z
2026-07-06,39,25,modeled,2026-07-06T14:43:24Z
2026-07-06,40,78,modeled,2026-07-06T14:43:24Z
2026-07-06,41,61,modeled,2026-07-06T14:43:24Z
2026-07-06,42,25,modeled,2026-07-06T14:43:24Z
2026-07-06,44,50,modeled,2026-07-06T14:43:24Z
2026-07-06,45,90,modeled,2026-07-06T14:43:24Z
2026-07-06,46,75,modeled,2026-07-06T14:43:24Z
2026-07-06,47,90,modeled,2026-07-06T14:43:24Z
2026-07-06,48,49,modeled,2026-07-06T14:43:24Z
2026-07-06,49,58,modeled,2026-07-06T14:43:24Z
2026-07-06,50,56,modeled,2026-07-06T14:43:24Z
2026-07-06,51,25,modeled,2026-07-06T14:43:24Z
2026-07-06,53,61,modeled,2026-07-06T14:43:24Z
2026-07-06,54,25,modeled,2026-07-06T14:43:24Z
2026-07-06,55,24,modeled,2026-07-06T14:43:24Z
2026-07-06,56,60,modeled,2026-07-06T14:43:24Z
2026-07-07,01,47,modeled,2026-07-07T13:37:25Z
2026-07-07,02,36,modeled,2026-07-07T13:37:25Z
2026-07-07,04,59,modeled,2026-07-07T13:37:25Z
2026-07-07,05,26,modeled,2026-07-07T13:37:25Z
2026-07-07,06,78,modeled,2026-07-07T13:37:25Z
2026-07-07,08,57,modeled,2026-07-07T13:37:25Z
2026-07-07,09,52,modeled,2026-07-07T13:37:25Z
2026-07-07,10,25,modeled,2026-07-07T13:37:25Z
2026-07-07,11,16,modeled,2026-07-07T13:37:25Z
2026-07-07,12,46,modeled,2026-07-07T13:37:25Z
2026-07-07,13,48,modeled,2026-07-07T13:37:25Z
2026-07-07,15,27,modeled,2026-07-07T13:37:25Z
2026-07-07,16,61,modeled,2026-07-07T13:37:25Z
2026-07-07,17,24,modeled,2026-07-07T13:37:25Z
2026-07-07,18,24,modeled,2026-07-07T13:37:25Z
2026-07-07,19,26,modeled,2026-07-07T13:37:25Z
2026-07-07,20,76,modeled,2026-07-07T13:37:25Z
2026-07-07,21,27,modeled,2026-07-07T13:37:25Z
2026-07-07,22,25,modeled,2026-07-07T13:37:25Z
2026-07-07,23,54,modeled,2026-07-07T13:37:25Z
2026-07-07,24,22,modeled,2026-07-07T13:37:25Z
2026-07-07,25,52,modeled,2026-07-07T13:37:25Z
2026-07-07,26,24,modeled,2026-07-07T13:37:25Z
2026-07-07,27,24,modeled,2026-07-07T13:37:25Z
2026-07-07,28,25,modeled,2026-07-07T13:37:25Z
2026-07-07,29,25,modeled,2026-07-07T13:37:25Z
2026-07-07,30,62,modeled,2026-07-07T13:37:25Z
2026-07-07,31,76,modeled,2026-07-07T13:37:25Z
2026-07-07,32,58,modeled,2026-07-07T13:37:25Z
2026-07-07,33,53,modeled,2026-07-07T13:37:25Z
2026-07-07,34,21,modeled,2026-07-07T13:37:25Z
2026-07-07,35,59,modeled,2026-07-07T13:37:25Z
2026-07-07,36,64,modeled,2026-07-07T13:37:25Z
2026-07-07,37,90,modeled,2026-07-07T13:37:25Z
2026-07-07,38,25,modeled,2026-07-07T13:37:25Z
2026-07-07,39,25,modeled,2026-07-07T13:37:25Z
2026-07-07,40,78,modeled,2026-07-07T13:37:25Z
2026-07-07,41,61,modeled,2026-07-07T13:37:25Z
2026-07-07,42,25,modeled,2026-07-07T13:37:25Z
2026-07-07,44,50,modeled,2026-07-07T13:37:25Z
2026-07-07,45,90,modeled,2026-07-07T13:37:25Z
2026-07-07,46,75,modeled,2026-07-07T13:37:25Z
2026-07-07,47,90,modeled,2026-07-07T13:37:25Z
2026-07-07,48,49,modeled,2026-07-07T13:37:25Z
2026-07-07,49,58,modeled,2026-07-07T13:37:25Z
2026-07-07,50,56,modeled,2026-07-07T13:37:25Z
2026-07-07,51,25,modeled,2026-07-07T13:37:25Z
2026-07-07,53,61,modeled,2026-07-07T13:37:25Z
2026-07-07,54,25,modeled,2026-07-07T13:37:25Z
2026-07-07,55,24,modeled,2026-07-07T13:37:25Z
2026-07-07,56,60,modeled,2026-07-07T13:37:25Z
2026-07-08,01,46,modeled,2026-07-08T13:09:08Z
2026-07-08,02,36,modeled,2026-07-08T13:09:08Z
2026-07-08,04,58,modeled,2026-07-08T13:09:08Z
2026-07-08,05,26,modeled,2026-07-08T13:09:08Z
2026-07-08,06,78,modeled,2026-07-08T13:09:08Z
2026-07-08,08,57,modeled,2026-07-08T13:09:08Z
2026-07-08,09,52,modeled,2026-07-08T13:09:08Z
2026-07-08,10,25,modeled,2026-07-08T13:09:08Z
2026-07-08,11,16,modeled,2026-07-08T13:09:08Z
2026-07-08,12,45,modeled,2026-07-08T13:09:08Z
2026-07-08,13,46,modeled,2026-07-08T13:09:08Z
2026-07-08,15,27,modeled,2026-07-08T13:09:08Z
2026-07-08,16,61,modeled,2026-07-08T13:09:08Z
2026-07-08,17,24,modeled,2026-07-08T13:09:08Z
2026-07-08,18,24,modeled,2026-07-08T13:09:08Z
2026-07-08,19,26,modeled,2026-07-08T13:09:08Z
2026-07-08,20,76,modeled,2026-07-08T13:09:08Z
2026-07-08,21,27,modeled,2026-07-08T13:09:08Z
2026-07-08,22,25,modeled,2026-07-08T13:09:08Z
2026-07-08,23,54,modeled,2026-07-08T13:09:08Z
2026-07-08,24,22,modeled,2026-07-08T13:09:08Z
2026-07-08,25,52,modeled,2026-07-08T13:09:08Z
2026-07-08,26,24,modeled,2026-07-08T13:09:08Z
2026-07-08,27,23,modeled,2026-07-08T13:09:08Z
2026-07-08,28,25,modeled,2026-07-08T13:09:08Z
2026-07-08,29,25,modeled,2026-07-08T13:09:08Z
2026-07-08,30,62,modeled,2026-07-08T13:09:08Z
2026-07-08,31,76,modeled,2026-07-08T13:09:08Z
2026-07-08,32,58,modeled,2026-07-08T13:09:08Z
2026-07-08,33,53,modeled,2026-07-08T13:09:08Z
2026-07-08,34,21,modeled,2026-07-08T13:09:08Z
2026-07-08,35,59,modeled,2026-07-08T13:09:08Z
2026-07-08,36,64,modeled,2026-07-08T13:09:08Z
2026-07-08,37,89,modeled,2026-07-08T13:09:08Z
2026-07-08,38,25,modeled,2026-07-08T13:09:08Z
2026-07-08,39,25,modeled,2026-07-08T13:09:08Z
2026-07-08,40,77,modeled,2026-07-08T13:09:08Z
2026-07-08,41,61,modeled,2026-07-08T13:09:08Z
2026-07-08,42,25,modeled,2026-07-08T13:09:08Z
2026-07-08,44,50,modeled,2026-07-08T13:09:08Z
2026-07-08,45,90,modeled,2026-07-08T13:09:08Z
2026-07-08,46,75,modeled,2026-07-08T13:09:08Z
2026-07-08,47,90,modeled,2026-07-08T13:09:08Z
2026-07-08,48,49,modeled,2026-07-08T13:09:08Z
2026-07-08,49,58,modeled,2026-07-08T13:09:08Z
2026-07-08,50,56,modeled,2026-07-08T13:09:08Z
2026-07-08,51,25,modeled,2026-07-08T13:09:08Z
2026-07-08,53,61,modeled,2026-07-08T13:09:08Z
2026-07-08,54,25,modeled,2026-07-08T13:09:08Z
2026-07-08,55,24,modeled,2026-07-08T13:09:08Z
2026-07-08,56,60,modeled,2026-07-08T13:09:08Z
2026-07-09,01,46,modeled,2026-07-09T14:07:12Z
2026-07-09,02,36,modeled,2026-07-09T14:07:12Z
2026-07-09,04,59,modeled,2026-07-09T14:07:12Z
2026-07-09,05,26,modeled,2026-07-09T14:07:12Z
2026-07-09,06,78,modeled,2026-07-09T14:07:12Z
2026-07-09,08,57,modeled,2026-07-09T14:07:12Z
2026-07-09,09,52,modeled,2026-07-09T14:07:12Z
2026-07-09,10,25,modeled,2026-07-09T14:07:12Z
2026-07-09,11,16,modeled,2026-07-09T14:07:12Z
2026-07-09,12,45,modeled,2026-07-09T14:07:12Z
2026-07-09,13,46,modeled,2026-07-09T14:07:12Z
2026-07-09,15,27,modeled,2026-07-09T14:07:12Z
2026-07-09,16,61,modeled,2026-07-09T14:07:12Z
2026-07-09,17,24,modeled,2026-07-09T14:07:12Z
2026-07-09,18,24,modeled,2026-07-09T14:07:12Z
2026-07-09,19,26,modeled,2026-07-09T14:07:12Z
2026-07-09,20,75,modeled,2026-07-09T14:07:12Z
2026-07-09,21,27,modeled,2026-07-09T14:07:12Z
2026-07-09,22,25,modeled,2026-07-09T14:07:12Z
2026-07-09,23,54,modeled,2026-07-09T14:07:12Z
2026-07-09,24,22,modeled,2026-07-09T14:07:12Z
2026-07-09,25,52,modeled,2026-07-09T14:07:12Z
2026-07-09,26,24,modeled,2026-07-09T14:07:12Z
2026-07-09,27,24,modeled,2026-07-09T14:07:12Z
2026-07-09,28,25,modeled,2026-07-09T14:07:12Z
2026-07-09,29,25,modeled,2026-07-09T14:07:12Z
2026-07-09,30,62,modeled,2026-07-09T14:07:12Z
2026-07-09,31,75,modeled,2026-07-09T14:07:12Z
2026-07-09,32,58,modeled,2026-07-09T14:07:12Z
2026-07-09,33,53,modeled,2026-07-09T14:07:12Z
2026-07-09,34,21,modeled,2026-07-09T14:07:12Z
2026-07-09,35,59,modeled,2026-07-09T14:07:12Z
2026-07-09,36,64,modeled,2026-07-09T14:07:12Z
2026-07-09,37,90,modeled,2026-07-09T14:07:12Z
2026-07-09,38,25,modeled,2026-07-09T14:07:12Z
2026-07-09,39,25,modeled,2026-07-09T14:07:12Z
2026-07-09,40,76,modeled,2026-07-09T14:07:12Z
2026-07-09,41,61,modeled,2026-07-09T14:07:12Z
2026-07-09,42,25,modeled,2026-07-09T14:07:12Z
2026-07-09,44,50,modeled,2026-07-09T14:07:12Z
2026-07-09,45,90,modeled,2026-07-09T14:07:12Z
2026-07-09,46,74,modeled,2026-07-09T14:07:12Z
2026-07-09,47,90,modeled,2026-07-09T14:07:12Z
2026-07-09,48,49,modeled,2026-07-09T14:07:12Z
2026-07-09,49,58,modeled,2026-07-09T14:07:12Z
2026-07-09,50,56,modeled,2026-07-09T14:07:12Z
2026-07-09,51,25,modeled,2026-07-09T14:07:12Z
2026-07-09,53,61,modeled,2026-07-09T14:07:12Z
2026-07-09,54,25,modeled,2026-07-09T14:07:12Z
2026-07-09,55,24,modeled,2026-07-09T14:07:12Z
2026-07-09,56,60,modeled,2026-07-09T14:07:12Z
2026-07-10,01,46,modeled,2026-07-10T13:29:02Z
2026-07-10,02,36,modeled,2026-07-10T13:29:02Z
2026-07-10,04,59,modeled,2026-07-10T13:29:02Z
2026-07-10,05,26,modeled,2026-07-10T13:29:02Z
2026-07-10,06,77,modeled,2026-07-10T13:29:02Z
2026-07-10,08,57,modeled,2026-07-10T13:29:02Z
2026-07-10,09,52,modeled,2026-07-10T13:29:02Z
2026-07-10,10,25,modeled,2026-07-10T13:29:02Z
2026-07-10,11,16,modeled,2026-07-10T13:29:02Z
2026-07-10,12,45,modeled,2026-07-10T13:29:02Z
2026-07-10,13,46,modeled,2026-07-10T13:29:02Z
2026-07-10,15,27,modeled,2026-07-10T13:29:02Z
2026-07-10,16,61,modeled,2026-07-10T13:29:02Z
2026-07-10,17,24,modeled,2026-07-10T13:29:02Z
2026-07-10,18,24,modeled,2026-07-10T13:29:02Z
2026-07-10,19,26,modeled,2026-07-10T13:29:02Z
2026-07-10,20,75,modeled,2026-07-10T13:29:02Z
2026-07-10,21,27,modeled,2026-07-10T13:29:02Z
2026-07-10,22,25,modeled,2026-07-10T13:29:02Z
2026-07-10,23,54,modeled,2026-07-10T13:29:02Z
2026-07-10,24,22,modeled,2026-07-10T13:29:02Z
2026-07-10,25,52,modeled,2026-07-10T13:29:02Z
2026-07-10,26,24,modeled,2026-07-10T13:29:02Z
2026-07-10,27,24,modeled,2026-07-10T13:29:02Z
2026-07-10,28,25,modeled,2026-07-10T13:29:02Z
2026-07-10,29,25,modeled,2026-07-10T13:29:02Z
2026-07-10,30,62,modeled,2026-07-10T13:29:02Z
2026-07-10,31,75,modeled,2026-07-10T13:29:02Z
2026-07-10,32,58,modeled,2026-07-10T13:29:02Z
2026-07-10,33,53,modeled,2026-07-10T13:29:02Z
2026-07-10,34,21,modeled,2026-07-10T13:29:02Z
2026-07-10,35,59,modeled,2026-07-10T13:29:02Z
2026-07-10,36,64,modeled,2026-07-10T13:29:02Z
2026-07-10,37,90,modeled,2026-07-10T13:29:02Z
2026-07-10,38,25,modeled,2026-07-10T13:29:02Z
2026-07-10,39,25,modeled,2026-07-10T13:29:02Z
2026-07-10,40,76,modeled,2026-07-10T13:29:02Z
2026-07-10,41,61,modeled,2026-07-10T13:29:02Z
2026-07-10,42,25,modeled,2026-07-10T13:29:02Z
2026-07-10,44,50,modeled,2026-07-10T13:29:02Z
2026-07-10,45,90,modeled,2026-07-10T13:29:02Z
2026-07-10,46,74,modeled,2026-07-10T13:29:02Z
2026-07-10,47,90,modeled,2026-07-10T13:29:02Z
2026-07-10,48,49,modeled,2026-07-10T13:29:02Z
2026-07-10,49,58,modeled,2026-07-10T13:29:02Z
2026-07-10,50,56,modeled,2026-07-10T13:29:02Z
2026-07-10,51,25,modeled,2026-07-10T13:29:02Z
2026-07-10,53,61,modeled,2026-07-10T13:29:02Z
2026-07-10,54,25,modeled,2026-07-10T13:29:02Z
2026-07-10,55,24,modeled,2026-07-10T13:29:02Z
2026-07-10,56,60,modeled,2026-07-10T13:29:02Z
2026-07-11,01,46,modeled,2026-07-11T12:31:28Z
2026-07-11,02,36,modeled,2026-07-11T12:31:28Z
2026-07-11,04,59,modeled,2026-07-11T12:31:28Z
2026-07-11,05,26,modeled,2026-07-11T12:31:28Z
2026-07-11,06,77,modeled,2026-07-11T12:31:28Z
2026-07-11,08,57,modeled,2026-07-11T12:31:28Z
2026-07-11,09,52,modeled,2026-07-11T12:31:28Z
2026-07-11,10,25,modeled,2026-07-11T12:31:28Z
2026-07-11,11,16,modeled,2026-07-11T12:31:28Z
2026-07-11,12,45,modeled,2026-07-11T12:31:28Z
2026-07-11,13,46,modeled,2026-07-11T12:31:28Z
2026-07-11,15,27,modeled,2026-07-11T12:31:28Z
2026-07-11,16,61,modeled,2026-07-11T12:31:28Z
2026-07-11,17,24,modeled,2026-07-11T12:31:28Z
2026-07-11,18,24,modeled,2026-07-11T12:31:28Z
2026-07-11,19,26,modeled,2026-07-11T12:31:28Z
2026-07-11,20,75,modeled,2026-07-11T12:31:28Z
2026-07-11,21,27,modeled,2026-07-11T12:31:28Z
2026-07-11,22,25,modeled,2026-07-11T12:31:28Z
2026-07-11,23,54,modeled,2026-07-11T12:31:28Z
2026-07-11,24,22,modeled,2026-07-11T12:31:28Z
2026-07-11,25,52,modeled,2026-07-11T12:31:28Z
2026-07-11,26,24,modeled,2026-07-11T12:31:28Z
2026-07-11,27,24,modeled,2026-07-11T12:31:28Z
2026-07-11,28,25,modeled,2026-07-11T12:31:28Z
2026-07-11,29,25,modeled,2026-07-11T12:31:28Z
2026-07-11,30,62,modeled,2026-07-11T12:31:28Z
2026-07-11,31,75,modeled,2026-07-11T12:31:28Z
2026-07-11,32,58,modeled,2026-07-11T12:31:28Z
2026-07-11,33,53,modeled,2026-07-11T12:31:28Z
2026-07-11,34,21,modeled,2026-07-11T12:31:28Z
2026-07-11,35,59,modeled,2026-07-11T12:31:28Z
2026-07-11,36,64,modeled,2026-07-11T12:31:28Z
2026-07-11,37,90,modeled,2026-07-11T12:31:28Z
2026-07-11,38,25,modeled,2026-07-11T12:31:28Z
2026-07-11,39,25,modeled,2026-07-11T12:31:28Z
2026-07-11,40,76,modeled,2026-07-11T12:31:28Z
2026-07-11,41,61,modeled,2026-07-11T12:31:28Z
2026-07-11,42,25,modeled,2026-07-11T12:31:28Z
2026-07-11,44,50,modeled,2026-07-11T12:31:28Z
2026-07-11,45,90,modeled,2026-07-11T12:31:28Z
2026-07-11,46,74,modeled,2026-07-11T12:31:28Z
2026-07-11,47,90,modeled,2026-07-11T12:31:28Z
2026-07-11,48,49,modeled,2026-07-11T12:31:28Z
2026-07-11,49,58,modeled,2026-07-11T12:31:28Z
2026-07-11,50,56,modeled,2026-07-11T12:31:28Z
2026-07-11,51,25,modeled,2026-07-11T12:31:28Z
2026-07-11,53,61,modeled,2026-07-11T12:31:28Z
2026-07-11,54,25,modeled,2026-07-11T12:31:28Z
2026-07-11,55,24,modeled,2026-07-11T12:31:28Z
2026-07-11,56,60,modeled,2026-07-11T12:31:28Z
2026-07-12,01,46,modeled,2026-07-12T12:29:34Z
2026-07-12,02,36,modeled,2026-07-12T12:29:34Z
2026-07-12,04,59,modeled,2026-07-12T12:29:34Z
2026-07-12,05,26,modeled,2026-07-12T12:29:34Z
2026-07-12,06,77,modeled,2026-07-12T12:29:34Z
2026-07-12,08,57,modeled,2026-07-12T12:29:34Z
2026-07-12,09,52,modeled,2026-07-12T12:29:34Z
2026-07-12,10,25,modeled,2026-07-12T12:29:34Z
2026-07-12,11,16,modeled,2026-07-12T12:29:34Z
2026-07-12,12,45,modeled,2026-07-12T12:29:34Z
2026-07-12,13,46,modeled,2026-07-12T12:29:34Z
2026-07-12,15,27,modeled,2026-07-12T12:29:34Z
2026-07-12,16,61,modeled,2026-07-12T12:29:34Z
2026-07-12,17,24,modeled,2026-07-12T12:29:34Z
2026-07-12,18,24,modeled,2026-07-12T12:29:34Z
2026-07-12,19,26,modeled,2026-07-12T12:29:34Z
2026-07-12,20,75,modeled,2026-07-12T12:29:34Z
2026-07-12,21,27,modeled,2026-07-12T12:29:34Z
2026-07-12,22,25,modeled,2026-07-12T12:29:34Z
2026-07-12,23,54,modeled,2026-07-12T12:29:34Z
2026-07-12,24,22,modeled,2026-07-12T12:29:34Z
2026-07-12,25,52,modeled,2026-07-12T12:29:34Z
2026-07-12,26,24,modeled,2026-07-12T12:29:34Z
2026-07-12,27,24,modeled,2026-07-12T12:29:34Z
2026-07-12,28,25,modeled,2026-07-12T12:29:34Z
2026-07-12,29,25,modeled,2026-07-12T12:29:34Z
2026-07-12,30,62,modeled,2026-07-12T12:29:34Z
2026-07-12,31,75,modeled,2026-07-12T12:29:34Z
2026-07-12,32,58,modeled,2026-07-12T12:29:34Z
2026-07-12,33,53,modeled,2026-07-12T12:29:34Z
2026-07-12,34,21,modeled,2026-07-12T12:29:34Z
2026-07-12,35,59,modeled,2026-07-12T12:29:34Z
2026-07-12,36,64,modeled,2026-07-12T12:29:34Z
2026-07-12,37,90,modeled,2026-07-12T12:29:34Z
2026-07-12,38,25,modeled,2026-07-12T12:29:34Z
2026-07-12,39,25,modeled,2026-07-12T12:29:34Z
2026-07-12,40,76,modeled,2026-07-12T12:29:34Z
2026-07-12,41,61,modeled,2026-07-12T12:29:34Z
2026-07-12,42,25,modeled,2026-07-12T12:29:34Z
2026-07-12,44,50,modeled,2026-07-12T12:29:34Z
2026-07-12,45,90,modeled,2026-07-12T12:29:34Z
2026-07-12,46,74,modeled,2026-07-12T12:29:34Z
2026-07-12,47,90,modeled,2026-07-12T12:29:34Z
2026-07-12,48,49,modeled,2026-07-12T12:29:34Z
2026-07-12,49,58,modeled,2026-07-12T12:29:34Z
2026-07-12,50,56,modeled,2026-07-12T12:29:34Z
2026-07-12,51,25,modeled,2026-07-12T12:29:34Z
2026-07-12,53,61,modeled,2026-07-12T12:29:34Z
2026-07-12,54,25,modeled,2026-07-12T12:29:34Z
2026-07-12,55,24,modeled,2026-07-12T12:29:34Z
2026-07-12,56,60,modeled,2026-07-12T12:29:34Z
2026-07-13,01,46,modeled,2026-07-13T13:36:02Z
2026-07-13,02,36,modeled,2026-07-13T13:36:02Z
2026-07-13,04,59,modeled,2026-07-13T13:36:02Z
2026-07-13,05,26,modeled,2026-07-13T13:36:02Z
2026-07-13,06,77,modeled,2026-07-13T13:36:02Z
2026-07-13,08,57,modeled,2026-07-13T13:36:02Z
2026-07-13,09,52,modeled,2026-07-13T13:36:02Z
2026-07-13,10,25,modeled,2026-07-13T13:36:02Z
2026-07-13,11,16,modeled,2026-07-13T13:36:02Z
2026-07-13,12,45,modeled,2026-07-13T13:36:02Z
2026-07-13,13,46,modeled,2026-07-13T13:36:02Z
2026-07-13,15,27,modeled,2026-07-13T13:36:02Z
2026-07-13,16,61,modeled,2026-07-13T13:36:02Z
2026-07-13,17,24,modeled,2026-07-13T13:36:02Z
2026-07-13,18,24,modeled,2026-07-13T13:36:02Z
2026-07-13,19,26,modeled,2026-07-13T13:36:02Z
2026-07-13,20,75,modeled,2026-07-13T13:36:02Z
2026-07-13,21,27,modeled,2026-07-13T13:36:02Z
2026-07-13,22,25,modeled,2026-07-13T13:36:02Z
2026-07-13,23,54,modeled,2026-07-13T13:36:02Z
2026-07-13,24,22,modeled,2026-07-13T13:36:02Z
2026-07-13,25,52,modeled,2026-07-13T13:36:02Z
2026-07-13,26,24,modeled,2026-07-13T13:36:02Z
2026-07-13,27,24,modeled,2026-07-13T13:36:02Z
2026-07-13,28,25,modeled,2026-07-13T13:36:02Z
2026-07-13,29,25,modeled,2026-07-13T13:36:02Z
2026-07-13,30,62,modeled,2026-07-13T13:36:02Z
2026-07-13,31,75,modeled,2026-07-13T13:36:02Z
2026-07-13,32,58,modeled,2026-07-13T13:36:02Z
2026-07-13,33,53,modeled,2026-07-13T13:36:02Z
2026-07-13,34,21,modeled,2026-07-13T13:36:02Z
2026-07-13,35,59,modeled,2026-07-13T13:36:02Z
2026-07-13,36,64,modeled,2026-07-13T13:36:02Z
2026-07-13,37,90,modeled,2026-07-13T13:36:02Z
2026-07-13,38,25,modeled,2026-07-13T13:36:02Z
2026-07-13,39,25,modeled,2026-07-13T13:36:02Z
2026-07-13,40,76,modeled,2026-07-13T13:36:02Z
2026-07-13,41,61,modeled,2026-07-13T13:36:02Z
2026-07-13,42,25,modeled,2026-07-13T13:36:02Z
2026-07-13,44,50,modeled,2026-07-13T13:36:02Z
2026-07-13,45,90,modeled,2026-07-13T13:36:02Z
2026-07-13,46,74,modeled,2026-07-13T13:36:02Z
2026-07-13,47,90,modeled,2026-07-13T13:36:02Z
2026-07-13,48,49,modeled,2026-07-13T13:36:02Z
2026-07-13,49,58,modeled,2026-07-13T13:36:02Z
2026-07-13,50,56,modeled,2026-07-13T13:36:02Z
2026-07-13,51,25,modeled,2026-07-13T13:36:02Z
2026-07-13,53,61,modeled,2026-07-13T13:36:02Z
2026-07-13,54,25,modeled,2026-07-13T13:36:02Z
2026-07-13,55,24,modeled,2026-07-13T13:36:02Z
2026-07-13,56,60,modeled,2026-07-13T13:36:02Z
2026-07-14,01,46,modeled,2026-07-14T12:49:38Z
2026-07-14,02,36,modeled,2026-07-14T12:49:38Z
2026-07-14,04,59,modeled,2026-07-14T12:49:38Z
2026-07-14,05,26,modeled,2026-07-14T12:49:38Z
2026-07-14,06,75,modeled,2026-07-14T12:49:38Z
2026-07-14,08,57,modeled,2026-07-14T12:49:38Z
2026-07-14,09,52,modeled,2026-07-14T12:49:38Z
2026-07-14,10,25,modeled,2026-07-14T12:49:38Z
2026-07-14,11,16,modeled,2026-07-14T12:49:38Z
2026-07-14,12,45,modeled,2026-07-14T12:49:38Z
2026-07-14,13,46,modeled,2026-07-14T12:49:38Z
2026-07-14,15,27,modeled,2026-07-14T12:49:38Z
2026-07-14,16,61,modeled,2026-07-14T12:49:38Z
2026-07-14,17,24,modeled,2026-07-14T12:49:38Z
2026-07-14,18,24,modeled,2026-07-14T12:49:38Z
2026-07-14,19,26,modeled,2026-07-14T12:49:38Z
2026-07-14,20,75,modeled,2026-07-14T12:49:38Z
2026-07-14,21,27,modeled,2026-07-14T12:49:38Z
2026-07-14,22,25,modeled,2026-07-14T12:49:38Z
2026-07-14,23,54,modeled,2026-07-14T12:49:38Z
2026-07-14,24,22,modeled,2026-07-14T12:49:38Z
2026-07-14,25,52,modeled,2026-07-14T12:49:38Z
2026-07-14,26,24,modeled,2026-07-14T12:49:38Z
2026-07-14,27,24,modeled,2026-07-14T12:49:38Z
2026-07-14,28,25,modeled,2026-07-14T12:49:38Z
2026-07-14,29,25,modeled,2026-07-14T12:49:38Z
2026-07-14,30,62,modeled,2026-07-14T12:49:38Z
2026-07-14,31,75,modeled,2026-07-14T12:49:38Z
2026-07-14,32,58,modeled,2026-07-14T12:49:38Z
2026-07-14,33,53,modeled,2026-07-14T12:49:38Z
2026-07-14,34,21,modeled,2026-07-14T12:49:38Z
2026-07-14,35,59,modeled,2026-07-14T12:49:38Z
2026-07-14,36,64,modeled,2026-07-14T12:49:38Z
2026-07-14,37,90,modeled,2026-07-14T12:49:38Z
2026-07-14,38,25,modeled,2026-07-14T12:49:38Z
2026-07-14,39,25,modeled,2026-07-14T12:49:38Z
2026-07-14,40,76,modeled,2026-07-14T12:49:38Z
2026-07-14,41,61,modeled,2026-07-14T12:49:38Z
2026-07-14,42,25,modeled,2026-07-14T12:49:38Z
2026-07-14,44,50,modeled,2026-07-14T12:49:38Z
2026-07-14,45,90,modeled,2026-07-14T12:49:38Z
2026-07-14,46,74,modeled,2026-07-14T12:49:38Z
2026-07-14,47,90,modeled,2026-07-14T12:49:38Z
2026-07-14,48,49,modeled,2026-07-14T12:49:38Z
2026-07-14,49,58,modeled,2026-07-14T12:49:38Z
2026-07-14,50,56,modeled,2026-07-14T12:49:38Z
2026-07-14,51,25,modeled,2026-07-14T12:49:38Z
2026-07-14,53,61,modeled,2026-07-14T12:49:38Z
2026-07-14,54,25,modeled,2026-07-14T12:49:38Z
2026-07-14,55,24,modeled,2026-07-14T12:49:38Z
2026-07-14,56,60,modeled,2026-07-14T12:49:38Z
2026-07-15,01,46,modeled,2026-07-15T12:53:48Z
2026-07-15,02,36,modeled,2026-07-15T12:53:48Z
2026-07-15,04,59,modeled,2026-07-15T12:53:48Z
2026-07-15,05,26,modeled,2026-07-15T12:53:48Z
2026-07-15,06,69,modeled,2026-07-15T12:53:48Z
2026-07-15,08,57,modeled,2026-07-15T12:53:48Z
2026-07-15,09,52,modeled,2026-07-15T12:53:48Z
2026-07-15,10,25,modeled,2026-07-15T12:53:48Z
2026-07-15,11,16,modeled,2026-07-15T12:53:48Z
2026-07-15,12,45,modeled,2026-07-15T12:53:48Z
2026-07-15,13,46,modeled,2026-07-15T12:53:48Z
2026-07-15,15,27,modeled,2026-07-15T12:53:48Z
2026-07-15,16,61,modeled,2026-07-15T12:53:48Z
2026-07-15,17,24,modeled,2026-07-15T12:53:48Z
2026-07-15,18,24,modeled,2026-07-15T12:53:48Z
2026-07-15,19,26,modeled,2026-07-15T12:53:48Z
2026-07-15,20,75,modeled,2026-07-15T12:53:48Z
2026-07-15,21,27,modeled,2026-07-15T12:53:48Z
2026-07-15,22,25,modeled,2026-07-15T12:53:48Z
2026-07-15,23,54,modeled,2026-07-15T12:53:48Z
2026-07-15,24,22,modeled,2026-07-15T12:53:48Z
2026-07-15,25,52,modeled,2026-07-15T12:53:48Z
2026-07-15,26,24,modeled,2026-07-15T12:53:48Z
2026-07-15,27,24,modeled,2026-07-15T12:53:48Z
2026-07-15,28,25,modeled,2026-07-15T12:53:48Z
2026-07-15,29,25,modeled,2026-07-15T12:53:48Z
2026-07-15,30,62,modeled,2026-07-15T12:53:48Z
2026-07-15,31,75,modeled,2026-07-15T12:53:48Z
2026-07-15,32,58,modeled,2026-07-15T12:53:48Z
2026-07-15,33,53,modeled,2026-07-15T12:53:48Z
2026-07-15,34,21,modeled,2026-07-15T12:53:48Z
2026-07-15,35,59,modeled,2026-07-15T12:53:48Z
2026-07-15,36,64,modeled,2026-07-15T12:53:48Z
2026-07-15,37,90,modeled,2026-07-15T12:53:48Z
2026-07-15,38,25,modeled,2026-07-15T12:53:48Z
2026-07-15,39,25,modeled,2026-07-15T12:53:48Z
2026-07-15,40,76,modeled,2026-07-15T12:53:48Z
2026-07-15,41,61,modeled,2026-07-15T12:53:48Z
2026-07-15,42,25,modeled,2026-07-15T12:53:48Z
2026-07-15,44,50,modeled,2026-07-15T12:53:48Z
2026-07-15,45,90,modeled,2026-07-15T12:53:48Z
2026-07-15,46,74,modeled,2026-07-15T12:53:48Z
2026-07-15,47,90,modeled,2026-07-15T12:53:48Z
2026-07-15,48,49,modeled,2026-07-15T12:53:48Z
2026-07-15,49,58,modeled,2026-07-15T12:53:48Z
2026-07-15,50,56,modeled,2026-07-15T12:53:48Z
2026-07-15,51,25,modeled,2026-07-15T12:53:48Z
2026-07-15,53,61,modeled,2026-07-15T12:53:48Z
2026-07-15,54,25,modeled,2026-07-15T12:53:48Z
2026-07-15,55,24,modeled,2026-07-15T12:53:48Z
2026-07-15,56,60,modeled,2026-07-15T12:53:48Z
2026-07-16,01,46,modeled,2026-07-16T13:03:29Z
2026-07-16,02,36,modeled,2026-07-16T13:03:29Z
2026-07-16,04,59,modeled,2026-07-16T13:03:29Z
2026-07-16,05,26,modeled,2026-07-16T13:03:29Z
2026-07-16,06,68,modeled,2026-07-16T13:03:29Z
2026-07-16,08,57,modeled,2026-07-16T13:03:29Z
2026-07-16,09,52,modeled,2026-07-16T13:03:29Z
2026-07-16,10,25,modeled,2026-07-16T13:03:29Z
2026-07-16,11,16,modeled,2026-07-16T13:03:29Z
2026-07-16,12,45,modeled,2026-07-16T13:03:29Z
2026-07-16,13,46,modeled,2026-07-16T13:03:29Z
2026-07-16,15,27,modeled,2026-07-16T13:03:29Z
2026-07-16,16,61,modeled,2026-07-16T13:03:29Z
2026-07-16,17,24,modeled,2026-07-16T13:03:29Z
2026-07-16,18,24,modeled,2026-07-16T13:03:29Z
2026-07-16,19,26,modeled,2026-07-16T13:03:29Z
2026-07-16,20,75,modeled,2026-07-16T13:03:29Z
2026-07-16,21,27,modeled,2026-07-16T13:03:29Z
2026-07-16,22,25,modeled,2026-07-16T13:03:29Z
2026-07-16,23,54,modeled,2026-07-16T13:03:29Z
2026-07-16,24,22,modeled,2026-07-16T13:03:29Z
2026-07-16,25,52,modeled,2026-07-16T13:03:29Z
2026-07-16,26,24,modeled,2026-07-16T13:03:29Z
2026-07-16,27,24,modeled,2026-07-16T13:03:29Z
2026-07-16,28,25,modeled,2026-07-16T13:03:29Z
2026-07-16,29,25,modeled,2026-07-16T13:03:29Z
2026-07-16,30,62,modeled,2026-07-16T13:03:29Z
2026-07-16,31,75,modeled,2026-07-16T13:03:29Z
2026-07-16,32,58,modeled,2026-07-16T13:03:29Z
2026-07-16,33,53,modeled,2026-07-16T13:03:29Z
2026-07-16,34,21,modeled,2026-07-16T13:03:29Z
2026-07-16,35,59,modeled,2026-07-16T13:03:29Z
2026-07-16,36,64,modeled,2026-07-16T13:03:29Z
2026-07-16,37,90,modeled,2026-07-16T13:03:29Z
2026-07-16,38,25,modeled,2026-07-16T13:03:29Z
2026-07-16,39,25,modeled,2026-07-16T13:03:29Z
2026-07-16,40,76,modeled,2026-07-16T13:03:29Z
2026-07-16,41,61,modeled,2026-07-16T13:03:29Z
2026-07-16,42,25,modeled,2026-07-16T13:03:29Z
2026-07-16,44,50,modeled,2026-07-16T13:03:29Z
2026-07-16,45,90,modeled,2026-07-16T13:03:29Z
2026-07-16,46,74,modeled,2026-07-16T13:03:29Z
2026-07-16,47,90,modeled,2026-07-16T13:03:29Z
2026-07-16,48,49,modeled,2026-07-16T13:03:29Z
2026-07-16,49,58,modeled,2026-07-16T13:03:29Z
2026-07-16,50,56,modeled,2026-07-16T13:03:29Z
2026-07-16,51,25,modeled,2026-07-16T13:03:29Z
2026-07-16,53,61,modeled,2026-07-16T13:03:29Z
2026-07-16,54,25,modeled,2026-07-16T13:03:29Z
2026-07-16,55,24,modeled,2026-07-16T13:03:29Z
2026-07-16,56,60,modeled,2026-07-16T13:03:29Z
2026-07-17,01,46,modeled,2026-07-17T12:44:34Z
2026-07-17,02,36,modeled,2026-07-17T12:44:34Z
2026-07-17,04,59,modeled,2026-07-17T12:44:34Z
2026-07-17,05,26,modeled,2026-07-17T12:44:34Z
2026-07-17,06,68,modeled,2026-07-17T12:44:34Z
2026-07-17,08,57,modeled,2026-07-17T12:44:34Z
2026-07-17,09,52,modeled,2026-07-17T12:44:34Z
2026-07-17,10,25,modeled,2026-07-17T12:44:34Z
2026-07-17,11,16,modeled,2026-07-17T12:44:34Z
2026-07-17,12,45,modeled,2026-07-17T12:44:34Z
2026-07-17,13,46,modeled,2026-07-17T12:44:34Z
2026-07-17,15,27,modeled,2026-07-17T12:44:34Z
2026-07-17,16,61,modeled,2026-07-17T12:44:34Z
2026-07-17,17,24,modeled,2026-07-17T12:44:34Z
2026-07-17,18,24,modeled,2026-07-17T12:44:34Z
2026-07-17,19,26,modeled,2026-07-17T12:44:34Z
2026-07-17,20,75,modeled,2026-07-17T12:44:34Z
2026-07-17,21,27,modeled,2026-07-17T12:44:34Z
2026-07-17,22,25,modeled,2026-07-17T12:44:34Z
2026-07-17,23,54,modeled,2026-07-17T12:44:34Z
2026-07-17,24,22,modeled,2026-07-17T12:44:34Z
2026-07-17,25,52,modeled,2026-07-17T12:44:34Z
2026-07-17,26,24,modeled,2026-07-17T12:44:34Z
2026-07-17,27,24,modeled,2026-07-17T12:44:34Z
2026-07-17,28,25,modeled,2026-07-17T12:44:34Z
2026-07-17,29,25,modeled,2026-07-17T12:44:34Z
2026-07-17,30,62,modeled,2026-07-17T12:44:34Z
2026-07-17,31,75,modeled,2026-07-17T12:44:34Z
2026-07-17,32,58,modeled,2026-07-17T12:44:34Z
2026-07-17,33,53,modeled,2026-07-17T12:44:34Z
2026-07-17,34,21,modeled,2026-07-17T12:44:34Z
2026-07-17,35,59,modeled,2026-07-17T12:44:34Z
2026-07-17,36,64,modeled,2026-07-17T12:44:34Z
2026-07-17,37,90,modeled,2026-07-17T12:44:34Z
2026-07-17,38,25,modeled,2026-07-17T12:44:34Z
2026-07-17,39,25,modeled,2026-07-17T12:44:34Z
2026-07-17,40,76,modeled,2026-07-17T12:44:34Z
2026-07-17,41,61,modeled,2026-07-17T12:44:34Z
2026-07-17,42,25,modeled,2026-07-17T12:44:34Z
2026-07-17,44,50,modeled,2026-07-17T12:44:34Z
2026-07-17,45,90,modeled,2026-07-17T12:44:34Z
2026-07-17,46,74,modeled,2026-07-17T12:44:34Z
2026-07-17,47,90,modeled,2026-07-17T12:44:34Z
2026-07-17,48,49,modeled,2026-07-17T12:44:34Z
2026-07-17,49,58,modeled,2026-07-17T12:44:34Z
2026-07-17,50,56,modeled,2026-07-17T12:44:34Z
2026-07-17,51,25,modeled,2026-07-17T12:44:34Z
2026-07-17,53,61,modeled,2026-07-17T12:44:34Z
2026-07-17,54,25,modeled,2026-07-17T12:44:34Z
2026-07-17,55,24,modeled,2026-07-17T12:44:34Z
2026-07-17,56,60,modeled,2026-07-17T12:44:34Z
2026-07-18,01,46,modeled,2026-07-18T12:29:19Z
2026-07-18,02,36,modeled,2026-07-18T12:29:19Z
2026-07-18,04,59,modeled,2026-07-18T12:29:19Z
2026-07-18,05,26,modeled,2026-07-18T12:29:19Z
2026-07-18,06,68,modeled,2026-07-18T12:29:19Z
2026-07-18,08,57,modeled,2026-07-18T12:29:19Z
2026-07-18,09,52,modeled,2026-07-18T12:29:19Z
2026-07-18,10,25,modeled,2026-07-18T12:29:19Z
2026-07-18,11,16,modeled,2026-07-18T12:29:19Z
2026-07-18,12,45,modeled,2026-07-18T12:29:19Z
2026-07-18,13,46,modeled,2026-07-18T12:29:19Z
2026-07-18,15,27,modeled,2026-07-18T12:29:19Z
2026-07-18,16,61,modeled,2026-07-18T12:29:19Z
2026-07-18,17,24,modeled,2026-07-18T12:29:19Z
2026-07-18,18,24,modeled,2026-07-18T12:29:19Z
2026-07-18,19,26,modeled,2026-07-18T12:29:19Z
2026-07-18,20,75,modeled,2026-07-18T12:29:19Z
2026-07-18,21,27,modeled,2026-07-18T12:29:19Z
2026-07-18,22,25,modeled,2026-07-18T12:29:19Z
2026-07-18,23,54,modeled,2026-07-18T12:29:19Z
2026-07-18,24,22,modeled,2026-07-18T12:29:19Z
2026-07-18,25,52,modeled,2026-07-18T12:29:19Z
2026-07-18,26,24,modeled,2026-07-18T12:29:19Z
2026-07-18,27,24,modeled,2026-07-18T12:29:19Z
2026-07-18,28,25,modeled,2026-07-18T12:29:19Z
2026-07-18,29,25,modeled,2026-07-18T12:29:19Z
2026-07-18,30,62,modeled,2026-07-18T12:29:19Z
2026-07-18,31,75,modeled,2026-07-18T12:29:19Z
2026-07-18,32,58,modeled,2026-07-18T12:29:19Z
2026-07-18,33,53,modeled,2026-07-18T12:29:19Z
2026-07-18,34,21,modeled,2026-07-18T12:29:19Z
2026-07-18,35,59,modeled,2026-07-18T12:29:19Z
2026-07-18,36,64,modeled,2026-07-18T12:29:19Z
2026-07-18,37,90,modeled,2026-07-18T12:29:19Z
2026-07-18,38,25,modeled,2026-07-18T12:29:19Z
2026-07-18,39,25,modeled,2026-07-18T12:29:19Z
2026-07-18,40,76,modeled,2026-07-18T12:29:19Z
2026-07-18,41,61,modeled,2026-07-18T12:29:19Z
2026-07-18,42,25,modeled,2026-07-18T12:29:19Z
2026-07-18,44,50,modeled,2026-07-18T12:29:19Z
2026-07-18,45,90,modeled,2026-07-18T12:29:19Z
2026-07-18,46,74,modeled,2026-07-18T12:29:19Z
2026-07-18,47,90,modeled,2026-07-18T12:29:19Z
2026-07-18,48,49,modeled,2026-07-18T12:29:19Z
2026-07-18,49,58,modeled,2026-07-18T12:29:19Z
2026-07-18,50,56,modeled,2026-07-18T12:29:19Z
2026-07-18,51,25,modeled,2026-07-18T12:29:19Z
2026-07-18,53,61,modeled,2026-07-18T12:29:19Z
2026-07-18,54,25,modeled,2026-07-18T12:29:19Z
2026-07-18,55,24,modeled,2026-07-18T12:29:19Z
2026-07-18,56,60,modeled,2026-07-18T12:29:19Z
2026-07-19,01,46,modeled,2026-07-19T12:28:22Z
2026-07-19,02,36,modeled,2026-07-19T12:28:22Z
2026-07-19,04,59,modeled,2026-07-19T12:28:22Z
2026-07-19,05,26,modeled,2026-07-19T12:28:22Z
2026-07-19,06,68,modeled,2026-07-19T12:28:22Z
2026-07-19,08,57,modeled,2026-07-19T12:28:22Z
2026-07-19,09,52,modeled,2026-07-19T12:28:22Z
2026-07-19,10,25,modeled,2026-07-19T12:28:22Z
2026-07-19,11,16,modeled,2026-07-19T12:28:22Z
2026-07-19,12,45,modeled,2026-07-19T12:28:22Z
2026-07-19,13,46,modeled,2026-07-19T12:28:22Z
2026-07-19,15,27,modeled,2026-07-19T12:28:22Z
2026-07-19,16,61,modeled,2026-07-19T12:28:22Z
2026-07-19,17,24,modeled,2026-07-19T12:28:22Z
2026-07-19,18,24,modeled,2026-07-19T12:28:22Z
2026-07-19,19,26,modeled,2026-07-19T12:28:22Z
2026-07-19,20,75,modeled,2026-07-19T12:28:22Z
2026-07-19,21,27,modeled,2026-07-19T12:28:22Z
2026-07-19,22,25,modeled,2026-07-19T12:28:22Z
2026-07-19,23,54,modeled,2026-07-19T12:28:22Z
2026-07-19,24,22,modeled,2026-07-19T12:28:22Z
2026-07-19,25,52,modeled,2026-07-19T12:28:22Z
2026-07-19,26,24,modeled,2026-07-19T12:28:22Z
2026-07-19,27,24,modeled,2026-07-19T12:28:22Z
2026-07-19,28,25,modeled,2026-07-19T12:28:22Z
2026-07-19,29,25,modeled,2026-07-19T12:28:22Z
2026-07-19,30,62,modeled,2026-07-19T12:28:22Z
2026-07-19,31,75,modeled,2026-07-19T12:28:22Z
2026-07-19,32,58,modeled,2026-07-19T12:28:22Z
2026-07-19,33,53,modeled,2026-07-19T12:28:22Z
2026-07-19,34,21,modeled,2026-07-19T12:28:22Z
2026-07-19,35,59,modeled,2026-07-19T12:28:22Z
2026-07-19,36,64,modeled,2026-07-19T12:28:22Z
2026-07-19,37,90,modeled,2026-07-19T12:28:22Z
2026-07-19,38,25,modeled,2026-07-19T12:28:22Z
2026-07-19,39,25,modeled,2026-07-19T12:28:22Z
2026-07-19,40,76,modeled,2026-07-19T12:28:22Z
2026-07-19,41,61,modeled,2026-07-19T12:28:22Z
2026-07-19,42,25,modeled,2026-07-19T12:28:22Z
2026-07-19,44,50,modeled,2026-07-19T12:28:22Z
2026-07-19,45,90,modeled,2026-07-19T12:28:22Z
2026-07-19,46,74,modeled,2026-07-19T12:28:22Z
2026-07-19,47,90,modeled,2026-07-19T12:28:22Z
2026-07-19,48,49,modeled,2026-07-19T12:28:22Z
2026-07-19,49,58,modeled,2026-07-19T12:28:22Z
2026-07-19,50,56,modeled,2026-07-19T12:28:22Z
2026-07-19,51,25,modeled,2026-07-19T12:28:22Z
2026-07-19,53,61,modeled,2026-07-19T12:28:22Z
2026-07-19,54,25,modeled,2026-07-19T12:28:22Z
2026-07-19,55,24,modeled,2026-07-19T12:28:22Z
2026-07-19,56,60,modeled,2026-07-19T12:28:22Z
2026-07-20,01,46,modeled,2026-07-20T21:58:29Z
2026-07-20,02,36,modeled,2026-07-20T21:58:29Z
2026-07-20,04,58,modeled,2026-07-20T21:58:29Z
2026-07-20,05,26,modeled,2026-07-20T21:58:29Z
2026-07-20,06,68,modeled,2026-07-20T21:58:29Z
2026-07-20,08,57,modeled,2026-07-20T21:58:29Z
2026-07-20,09,52,modeled,2026-07-20T21:58:29Z
2026-07-20,10,25,modeled,2026-07-20T21:58:29Z
2026-07-20,11,16,modeled,2026-07-20T21:58:29Z
2026-07-20,12,45,modeled,2026-07-20T21:58:29Z
2026-07-20,13,46,modeled,2026-07-20T21:58:29Z
2026-07-20,15,27,modeled,2026-07-20T21:58:29Z
2026-07-20,16,61,modeled,2026-07-20T21:58:29Z
2026-07-20,17,24,modeled,2026-07-20T21:58:29Z
2026-07-20,18,24,modeled,2026-07-20T21:58:29Z
2026-07-20,19,26,modeled,2026-07-20T21:58:29Z
2026-07-20,20,66,modeled,2026-07-20T21:58:29Z
2026-07-20,21,27,modeled,2026-07-20T21:58:29Z
2026-07-20,22,25,modeled,2026-07-20T21:58:29Z
2026-07-20,23,54,modeled,2026-07-20T21:58:29Z
2026-07-20,24,22,modeled,2026-07-20T21:58:29Z
2026-07-20,25,52,modeled,2026-07-20T21:58:29Z
2026-07-20,26,24,modeled,2026-07-20T21:58:29Z
2026-07-20,27,24,modeled,2026-07-20T21:58:29Z
2026-07-20,28,25,modeled,2026-07-20T21:58:29Z
2026-07-20,29,25,modeled,2026-07-20T21:58:29Z
2026-07-20,30,62,modeled,2026-07-20T21:58:29Z
2026-07-20,31,66,modeled,2026-07-20T21:58:29Z
2026-07-20,32,58,modeled,2026-07-20T21:58:29Z
2026-07-20,33,53,modeled,2026-07-20T21:58:29Z
2026-07-20,34,21,modeled,2026-07-20T21:58:29Z
2026-07-20,35,59,modeled,2026-07-20T21:58:29Z
2026-07-20,36,64,modeled,2026-07-20T21:58:29Z
2026-07-20,37,90,modeled,2026-07-20T21:58:29Z
2026-07-20,38,25,modeled,2026-07-20T21:58:29Z
2026-07-20,39,25,modeled,2026-07-20T21:58:29Z
2026-07-20,40,68,modeled,2026-07-20T21:58:29Z
2026-07-20,41,60,modeled,2026-07-20T21:58:29Z
2026-07-20,42,25,modeled,2026-07-20T21:58:29Z
2026-07-20,44,50,modeled,2026-07-20T21:58:29Z
2026-07-20,45,90,modeled,2026-07-20T21:58:29Z
2026-07-20,46,66,modeled,2026-07-20T21:58:29Z
2026-07-20,47,90,modeled,2026-07-20T21:58:29Z
2026-07-20,48,46,modeled,2026-07-20T21:58:29Z
2026-07-20,49,57,modeled,2026-07-20T21:58:29Z
2026-07-20,50,56,modeled,2026-07-20T21:58:29Z
2026-07-20,51,25,modeled,2026-07-20T21:58:29Z
2026-07-20,53,61,modeled,2026-07-20T21:58:29Z
2026-07-20,54,25,modeled,2026-07-20T21:58:29Z
2026-07-20,55,24,modeled,2026-07-20T21:58:29Z
2026-07-20,56,60,modeled,2026-07-20T21:58:29Z
2026-07-21,01,46,modeled,2026-07-21T22:02:25Z
2026-07-21,02,36,modeled,2026-07-21T22:02:25Z
2026-07-21,04,58,modeled,2026-07-21T22:02:25Z
2026-07-21,05,26,modeled,2026-07-21T22:02:25Z
2026-07-21,06,68,modeled,2026-07-21T22:02:25Z
2026-07-21,08,56,modeled,2026-07-21T22:02:25Z
2026-07-21,09,52,modeled,2026-07-21T22:02:25Z
2026-07-21,10,25,modeled,2026-07-21T22:02:25Z
2026-07-21,11,16,modeled,2026-07-21T22:02:25Z
2026-07-21,12,45,modeled,2026-07-21T22:02:25Z
2026-07-21,13,46,modeled,2026-07-21T22:02:25Z
2026-07-21,15,26,modeled,2026-07-21T22:02:25Z
2026-07-21,16,61,modeled,2026-07-21T22:02:25Z
2026-07-21,17,24,modeled,2026-07-21T22:02:25Z
2026-07-21,18,24,modeled,2026-07-21T22:02:25Z
2026-07-21,19,26,modeled,2026-07-21T22:02:25Z
2026-07-21,20,73,modeled,2026-07-21T22:02:25Z
2026-07-21,21,27,modeled,2026-07-21T22:02:25Z
2026-07-21,22,25,modeled,2026-07-21T22:02:25Z
2026-07-21,23,54,modeled,2026-07-21T22:02:25Z
2026-07-21,24,22,modeled,2026-07-21T22:02:25Z
2026-07-21,25,52,modeled,2026-07-21T22:02:25Z
2026-07-21,26,24,modeled,2026-07-21T22:02:25Z
2026-07-21,27,24,modeled,2026-07-21T22:02:25Z
2026-07-21,28,25,modeled,2026-07-21T22:02:25Z
2026-07-21,29,25,modeled,2026-07-21T22:02:25Z
2026-07-21,30,62,modeled,2026-07-21T22:02:25Z
2026-07-21,31,73,modeled,2026-07-21T22:02:25Z
2026-07-21,32,58,modeled,2026-07-21T22:02:25Z
2026-07-21,33,53,modeled,2026-07-21T22:02:25Z
2026-07-21,34,21,modeled,2026-07-21T22:02:25Z
2026-07-21,35,59,modeled,2026-07-21T22:02:25Z
2026-07-21,36,64,modeled,2026-07-21T22:02:25Z
2026-07-21,37,90,modeled,2026-07-21T22:02:25Z
2026-07-21,38,25,modeled,2026-07-21T22:02:25Z
2026-07-21,39,25,modeled,2026-07-21T22:02:25Z
2026-07-21,40,75,modeled,2026-07-21T22:02:25Z
2026-07-21,41,60,modeled,2026-07-21T22:02:25Z
2026-07-21,42,25,modeled,2026-07-21T22:02:25Z
2026-07-21,44,50,modeled,2026-07-21T22:02:25Z
2026-07-21,45,90,modeled,2026-07-21T22:02:25Z
2026-07-21,46,73,modeled,2026-07-21T22:02:25Z
2026-07-21,47,90,modeled,2026-07-21T22:02:25Z
2026-07-21,48,46,modeled,2026-07-21T22:02:25Z
2026-07-21,49,57,modeled,2026-07-21T22:02:25Z
2026-07-21,50,56,modeled,2026-07-21T22:02:25Z
2026-07-21,51,25,modeled,2026-07-21T22:02:25Z
2026-07-21,53,61,modeled,2026-07-21T22:02:25Z
2026-07-21,54,25,modeled,2026-07-21T22:02:25Z
2026-07-21,55,24,modeled,2026-07-21T22:02:25Z
2026-07-21,56,60,modeled,2026-07-21T22:02:25Z
2026-07-22,01,46,modeled,2026-07-22T22:02:21Z
2026-07-22,02,32,modeled,2026-07-22T22:02:21Z
2026-07-22,04,55,modeled,2026-07-22T22:02:21Z
2026-07-22,05,27,modeled,2026-07-22T22:02:21Z
2026-07-22,06,68,modeled,2026-07-22T22:02:21Z
2026-07-22,08,53,modeled,2026-07-22T22:02:21Z
2026-07-22,09,52,modeled,2026-07-22T22:02:21Z
2026-07-22,10,25,modeled,2026-07-22T22:02:21Z
2026-07-22,11,16,modeled,2026-07-22T22:02:21Z
2026-07-22,12,45,modeled,2026-07-22T22:02:21Z
2026-07-22,13,46,modeled,2026-07-22T22:02:21Z
2026-07-22,15,23,modeled,2026-07-22T22:02:21Z
2026-07-22,16,57,modeled,2026-07-22T22:02:21Z
2026-07-22,17,24,modeled,2026-07-22T22:02:21Z
2026-07-22,18,25,modeled,2026-07-22T22:02:21Z
2026-07-22,19,27,modeled,2026-07-22T22:02:21Z
2026-07-22,20,73,modeled,2026-07-22T22:02:21Z
2026-07-22,21,27,modeled,2026-07-22T22:02:21Z
2026-07-22,22,26,modeled,2026-07-22T22:02:21Z
2026-07-22,23,54,modeled,2026-07-22T22:02:21Z
2026-07-22,24,22,modeled,2026-07-22T22:02:21Z
2026-07-22,25,52,modeled,2026-07-22T22:02:21Z
2026-07-22,26,25,modeled,2026-07-22T22:02:21Z
2026-07-22,27,24,modeled,2026-07-22T22:02:21Z
2026-07-22,28,26,modeled,2026-07-22T22:02:21Z
2026-07-22,29,25,modeled,2026-07-22T22:02:21Z
2026-07-22,30,58,modeled,2026-07-22T22:02:21Z
2026-07-22,31,73,modeled,2026-07-22T22:02:21Z
2026-07-22,32,54,modeled,2026-07-22T22:02:21Z
2026-07-22,33,53,modeled,2026-07-22T22:02:21Z
2026-07-22,34,21,modeled,2026-07-22T22:02:21Z
2026-07-22,35,55,modeled,2026-07-22T22:02:21Z
2026-07-22,36,64,modeled,2026-07-22T22:02:21Z
2026-07-22,37,90,modeled,2026-07-22T22:02:21Z
2026-07-22,38,25,modeled,2026-07-22T22:02:21Z
2026-07-22,39,25,modeled,2026-07-22T22:02:21Z
2026-07-22,40,75,modeled,2026-07-22T22:02:21Z
2026-07-22,41,57,modeled,2026-07-22T22:02:21Z
2026-07-22,42,25,modeled,2026-07-22T22:02:21Z
2026-07-22,44,50,modeled,2026-07-22T22:02:21Z
2026-07-22,45,90,modeled,2026-07-22T22:02:21Z
2026-07-22,46,72,modeled,2026-07-22T22:02:21Z
2026-07-22,47,90,modeled,2026-07-22T22:02:21Z
2026-07-22,48,42,modeled,2026-07-22T22:02:21Z
2026-07-22,49,54,modeled,2026-07-22T22:02:21Z
2026-07-22,50,56,modeled,2026-07-22T22:02:21Z
2026-07-22,51,25,modeled,2026-07-22T22:02:21Z
2026-07-22,53,57,modeled,2026-07-22T22:02:21Z
2026-07-22,54,25,modeled,2026-07-22T22:02:21Z
2026-07-22,55,25,modeled,2026-07-22T22:02:21Z
2026-07-22,56,56,modeled,2026-07-22T22:02:21Z
2026-07-23,01,45,modeled,2026-07-23T22:02:35Z
2026-07-23,02,30,modeled,2026-07-23T22:02:35Z
2026-07-23,04,54,modeled,2026-07-23T22:02:35Z
2026-07-23,05,28,modeled,2026-07-23T22:02:35Z
2026-07-23,06,68,modeled,2026-07-23T22:02:35Z
2026-07-23,08,53,modeled,2026-07-23T22:02:35Z
2026-07-23,09,53,modeled,2026-07-23T22:02:35Z
2026-07-23,10,24,modeled,2026-07-23T22:02:35Z
2026-07-23,11,22,modeled,2026-07-23T22:02:35Z
2026-07-23,12,44,modeled,2026-07-23T22:02:35Z
2026-07-23,13,45,modeled,2026-07-23T22:02:35Z
2026-07-23,15,24,modeled,2026-07-23T22:02:35Z
2026-07-23,16,57,modeled,2026-07-23T22:02:35Z
2026-07-23,17,26,modeled,2026-07-23T22:02:35Z
2026-07-23,18,26,modeled,2026-07-23T22:02:35Z
2026-07-23,19,28,modeled,2026-07-23T22:02:35Z
2026-07-23,20,72,modeled,2026-07-23T22:02:35Z
2026-07-23,21,26,modeled,2026-07-23T22:02:35Z
2026-07-23,22,28,modeled,2026-07-23T22:02:35Z
2026-07-23,23,55,modeled,2026-07-23T22:02:35Z
2026-07-23,24,24,modeled,2026-07-23T22:02:35Z
2026-07-23,25,51,modeled,2026-07-23T22:02:35Z
2026-07-23,26,26,modeled,2026-07-23T22:02:35Z
2026-07-23,27,26,modeled,2026-07-23T22:02:35Z
2026-07-23,28,27,modeled,2026-07-23T22:02:35Z
2026-07-23,29,27,modeled,2026-07-23T22:02:35Z
2026-07-23,30,57,modeled,2026-07-23T22:02:35Z
2026-07-23,31,72,modeled,2026-07-23T22:02:35Z
2026-07-23,32,54,modeled,2026-07-23T22:02:35Z
2026-07-23,33,53,modeled,2026-07-23T22:02:35Z
2026-07-23,34,22,modeled,2026-07-23T22:02:35Z
2026-07-23,35,56,modeled,2026-07-23T22:02:35Z
2026-07-23,36,63,modeled,2026-07-23T22:02:35Z
2026-07-23,37,89,modeled,2026-07-23T22:02:35Z
2026-07-23,38,27,modeled,2026-07-23T22:02:35Z
2026-07-23,39,24,modeled,2026-07-23T22:02:35Z
2026-07-23,40,74,modeled,2026-07-23T22:02:35Z
2026-07-23,41,56,modeled,2026-07-23T22:02:35Z
2026-07-23,42,24,modeled,2026-07-23T22:02:35Z
2026-07-23,44,50,modeled,2026-07-23T22:02:35Z
2026-07-23,45,90,modeled,2026-07-23T22:02:35Z
2026-07-23,46,72,modeled,2026-07-23T22:02:35Z
2026-07-23,47,90,modeled,2026-07-23T22:02:35Z
2026-07-23,48,40,modeled,2026-07-23T22:02:35Z
2026-07-23,49,54,modeled,2026-07-23T22:02:35Z
2026-07-23,50,56,modeled,2026-07-23T22:02:35Z
2026-07-23,51,24,modeled,2026-07-23T22:02:35Z
2026-07-23,53,57,modeled,2026-07-23T22:02:35Z
2026-07-23,54,25,modeled,2026-07-23T22:02:35Z
2026-07-23,55,26,modeled,2026-07-23T22:02:35Z
2026-07-23,56,56,modeled,2026-07-23T22:02:35Z
2026-07-24,01,46,modeled,2026-07-24T22:02:58Z
2026-07-24,02,28,modeled,2026-07-24T22:02:58Z
2026-07-24,04,53,modeled,2026-07-24T22:02:58Z
2026-07-24,05,26,modeled,2026-07-24T22:02:58Z
2026-07-24,06,67,modeled,2026-07-24T22:02:58Z
2026-07-24,08,52,modeled,2026-07-24T22:02:58Z
2026-07-24,09,52,modeled,2026-07-24T22:02:58Z
2026-07-24,10,24,modeled,2026-07-24T22:02:58Z
2026-07-24,11,22,modeled,2026-07-24T22:02:58Z
2026-07-24,12,45,modeled,2026-07-24T22:02:58Z
2026-07-24,13,46,modeled,2026-07-24T22:02:58Z
2026-07-24,15,22,modeled,2026-07-24T22:02:58Z
2026-07-24,16,56,modeled,2026-07-24T22:02:58Z
2026-07-24,17,24,modeled,2026-07-24T22:02:58Z
2026-07-24,18,25,modeled,2026-07-24T22:02:58Z
2026-07-24,19,26,modeled,2026-07-24T22:02:58Z
2026-07-24,20,71,modeled,2026-07-24T22:02:58Z
2026-07-24,21,26,modeled,2026-07-24T22:02:58Z
2026-07-24,22,26,modeled,2026-07-24T22:02:58Z
2026-07-24,23,54,modeled,2026-07-24T22:02:58Z
2026-07-24,24,24,modeled,2026-07-24T22:02:58Z
2026-07-24,25,50,modeled,2026-07-24T22:02:58Z
2026-07-24,26,25,modeled,2026-07-24T22:02:58Z
2026-07-24,27,25,modeled,2026-07-24T22:02:58Z
2026-07-24,28,26,modeled,2026-07-24T22:02:58Z
2026-07-24,29,26,modeled,2026-07-24T22:02:58Z
2026-07-24,30,56,modeled,2026-07-24T22:02:58Z
2026-07-24,31,71,modeled,2026-07-24T22:02:58Z
2026-07-24,32,53,modeled,2026-07-24T22:02:58Z
2026-07-24,33,52,modeled,2026-07-24T22:02:58Z
2026-07-24,34,22,modeled,2026-07-24T22:02:58Z
2026-07-24,35,55,modeled,2026-07-24T22:02:58Z
2026-07-24,36,61,modeled,2026-07-24T22:02:58Z
2026-07-24,37,89,modeled,2026-07-24T22:02:58Z
2026-07-24,38,25,modeled,2026-07-24T22:02:58Z
2026-07-24,39,24,modeled,2026-07-24T22:02:58Z
2026-07-24,40,73,modeled,2026-07-24T22:02:58Z
2026-07-24,41,55,modeled,2026-07-24T22:02:58Z
2026-07-24,42,24,modeled,2026-07-24T22:02:58Z
2026-07-24,44,49,modeled,2026-07-24T22:02:58Z
2026-07-24,45,90,modeled,2026-07-24T22:02:58Z
2026-07-24,46,71,modeled,2026-07-24T22:02:58Z
2026-07-24,47,90,modeled,2026-07-24T22:02:58Z
2026-07-24,48,39,modeled,2026-07-24T22:02:58Z
2026-07-24,49,52,modeled,2026-07-24T22:02:58Z
2026-07-24,50,55,modeled,2026-07-24T22:02:58Z
2026-07-24,51,24,modeled,2026-07-24T22:02:58Z
2026-07-24,53,56,modeled,2026-07-24T22:02:58Z
2026-07-24,54,25,modeled,2026-07-24T22:02:58Z
2026-07-24,55,25,modeled,2026-07-24T22:02:58Z
2026-07-24,56,55,modeled,2026-07-24T22:02:58Z
2026-07-25,01,45,modeled,2026-07-25T21:53:22Z
2026-07-25,02,31,modeled,2026-07-25T21:53:22Z
2026-07-25,04,56,modeled,2026-07-25T21:53:22Z
2026-07-25,05,26,modeled,2026-07-25T21:53:22Z
2026-07-25,06,67,modeled,2026-07-25T21:53:22Z
2026-07-25,08,55,modeled,2026-07-25T21:53:22Z
2026-07-25,09,55,modeled,2026-07-25T21:53:22Z
2026-07-25,10,24,modeled,2026-07-25T21:53:22Z
2026-07-25,11,22,modeled,2026-07-25T21:53:22Z
2026-07-25,12,45,modeled,2026-07-25T21:53:22Z
2026-07-25,13,46,modeled,2026-07-25T21:53:22Z
2026-07-25,15,25,modeled,2026-07-25T21:53:22Z
2026-07-25,16,59,modeled,2026-07-25T21:53:22Z
2026-07-25,17,24,modeled,2026-07-25T21:53:22Z
2026-07-25,18,25,modeled,2026-07-25T21:53:22Z
2026-07-25,19,26,modeled,2026-07-25T21:53:22Z
2026-07-25,20,71,modeled,2026-07-25T21:53:22Z
2026-07-25,21,26,modeled,2026-07-25T21:53:22Z
2026-07-25,22,26,modeled,2026-07-25T21:53:22Z
2026-07-25,23,57,modeled,2026-07-25T21:53:22Z
2026-07-25,24,24,modeled,2026-07-25T21:53:22Z
2026-07-25,25,53,modeled,2026-07-25T21:53:22Z
2026-07-25,26,24,modeled,2026-07-25T21:53:22Z
2026-07-25,27,24,modeled,2026-07-25T21:53:22Z
2026-07-25,28,26,modeled,2026-07-25T21:53:22Z
2026-07-25,29,25,modeled,2026-07-25T21:53:22Z
2026-07-25,30,59,modeled,2026-07-25T21:53:22Z
2026-07-25,31,71,modeled,2026-07-25T21:53:22Z
2026-07-25,32,56,modeled,2026-07-25T21:53:22Z
2026-07-25,33,55,modeled,2026-07-25T21:53:22Z
2026-07-25,34,22,modeled,2026-07-25T21:53:22Z
2026-07-25,35,58,modeled,2026-07-25T21:53:22Z
2026-07-25,36,65,modeled,2026-07-25T21:53:22Z
2026-07-25,37,89,modeled,2026-07-25T21:53:22Z
2026-07-25,38,25,modeled,2026-07-25T21:53:22Z
2026-07-25,39,24,modeled,2026-07-25T21:53:22Z
2026-07-25,40,72,modeled,2026-07-25T21:53:22Z
2026-07-25,41,58,modeled,2026-07-25T21:53:22Z
2026-07-25,42,24,modeled,2026-07-25T21:53:22Z
2026-07-25,44,52,modeled,2026-07-25T21:53:22Z
2026-07-25,45,90,modeled,2026-07-25T21:53:22Z
2026-07-25,46,70,modeled,2026-07-25T21:53:22Z
2026-07-25,47,90,modeled,2026-07-25T21:53:22Z
2026-07-25,48,39,modeled,2026-07-25T21:53:22Z
2026-07-25,49,55,modeled,2026-07-25T21:53:22Z
2026-07-25,50,58,modeled,2026-07-25T21:53:22Z
2026-07-25,51,24,modeled,2026-07-25T21:53:22Z
2026-07-25,53,59,modeled,2026-07-25T21:53:22Z
2026-07-25,54,25,modeled,2026-07-25T21:53:22Z
2026-07-25,55,25,modeled,2026-07-25T21:53:22Z
2026-07-25,56,58,modeled,2026-07-25T21:53:22Z
2026-07-26,01,45,modeled,2026-07-26T21:57:07Z
2026-07-26,02,38,modeled,2026-07-26T21:57:07Z
2026-07-26,04,62,modeled,2026-07-26T21:57:07Z
2026-07-26,05,26,modeled,2026-07-26T21:57:07Z
2026-07-26,06,67,modeled,2026-07-26T21:57:07Z
2026-07-26,08,61,modeled,2026-07-26T21:57:07Z
2026-07-26,09,63,modeled,2026-07-26T21:57:07Z
2026-07-26,10,24,modeled,2026-07-26T21:57:07Z
2026-07-26,11,22,modeled,2026-07-26T21:57:07Z
2026-07-26,12,45,modeled,2026-07-26T21:57:07Z
2026-07-26,13,46,modeled,2026-07-26T21:57:07Z
2026-07-26,15,32,modeled,2026-07-26T21:57:07Z
2026-07-26,16,65,modeled,2026-07-26T21:57:07Z
2026-07-26,17,24,modeled,2026-07-26T21:57:07Z
2026-07-26,18,25,modeled,2026-07-26T21:57:07Z
2026-07-26,19,26,modeled,2026-07-26T21:57:07Z
2026-07-26,20,71,modeled,2026-07-26T21:57:07Z
2026-07-26,21,26,modeled,2026-07-26T21:57:07Z
2026-07-26,22,26,modeled,2026-07-26T21:57:07Z
2026-07-26,23,64,modeled,2026-07-26T21:57:07Z
2026-07-26,24,24,modeled,2026-07-26T21:57:07Z
2026-07-26,25,61,modeled,2026-07-26T21:57:07Z
2026-07-26,26,24,modeled,2026-07-26T21:57:07Z
2026-07-26,27,24,modeled,2026-07-26T21:57:07Z
2026-07-26,28,26,modeled,2026-07-26T21:57:07Z
2026-07-26,29,25,modeled,2026-07-26T21:57:07Z
2026-07-26,30,65,modeled,2026-07-26T21:57:07Z
2026-07-26,31,70,modeled,2026-07-26T21:57:07Z
2026-07-26,32,62,modeled,2026-07-26T21:57:07Z
2026-07-26,33,63,modeled,2026-07-26T21:57:07Z
2026-07-26,34,22,modeled,2026-07-26T21:57:07Z
2026-07-26,35,64,modeled,2026-07-26T21:57:07Z
2026-07-26,36,67,modeled,2026-07-26T21:57:07Z
2026-07-26,37,89,modeled,2026-07-26T21:57:07Z
2026-07-26,38,25,modeled,2026-07-26T21:57:07Z
2026-07-26,39,24,modeled,2026-07-26T21:57:07Z
2026-07-26,40,72,modeled,2026-07-26T21:57:07Z
2026-07-26,41,64,modeled,2026-07-26T21:57:07Z
2026-07-26,42,24,modeled,2026-07-26T21:57:07Z
2026-07-26,44,60,modeled,2026-07-26T21:57:07Z
2026-07-26,45,90,modeled,2026-07-26T21:57:07Z
2026-07-26,46,70,modeled,2026-07-26T21:57:07Z
2026-07-26,47,90,modeled,2026-07-26T21:57:07Z
2026-07-26,48,39,modeled,2026-07-26T21:57:07Z
2026-07-26,49,62,modeled,2026-07-26T21:57:07Z
2026-07-26,50,65,modeled,2026-07-26T21:57:07Z
2026-07-26,51,24,modeled,2026-07-26T21:57:07Z
2026-07-26,53,65,modeled,2026-07-26T21:57:07Z
2026-07-26,54,25,modeled,2026-07-26T21:57:07Z
2026-07-26,55,25,modeled,2026-07-26T21:57:07Z
2026-07-26,56,64,modeled,2026-07-26T21:57:07Z
2026-07-27,01,45,modeled,2026-07-27T22:04:24Z
2026-07-27,02,38,modeled,2026-07-27T22:04:24Z
2026-07-27,04,62,modeled,2026-07-27T22:04:24Z
2026-07-27,05,23,modeled,2026-07-27T22:04:24Z
2026-07-27,06,67,modeled,2026-07-27T22:04:24Z
2026-07-27,08,61,modeled,2026-07-27T22:04:24Z
2026-07-27,09,63,modeled,2026-07-27T22:04:24Z
2026-07-27,10,24,modeled,2026-07-27T22:04:24Z
2026-07-27,11,22,modeled,2026-07-27T22:04:24Z
2026-07-27,12,45,modeled,2026-07-27T22:04:24Z
2026-07-27,13,46,modeled,2026-07-27T22:04:24Z
2026-07-27,15,32,modeled,2026-07-27T22:04:24Z
2026-07-27,16,65,modeled,2026-07-27T22:04:24Z
2026-07-27,17,21,modeled,2026-07-27T22:04:24Z
2026-07-27,18,22,modeled,2026-07-27T22:04:24Z
2026-07-27,19,23,modeled,2026-07-27T22:04:24Z
2026-07-27,20,69,modeled,2026-07-27T22:04:24Z
2026-07-27,21,26,modeled,2026-07-27T22:04:24Z
2026-07-27,22,23,modeled,2026-07-27T22:04:24Z
2026-07-27,23,64,modeled,2026-07-27T22:04:24Z
2026-07-27,24,24,modeled,2026-07-27T22:04:24Z
2026-07-27,25,61,modeled,2026-07-27T22:04:24Z
2026-07-27,26,22,modeled,2026-07-27T22:04:24Z
2026-07-27,27,21,modeled,2026-07-27T22:04:24Z
2026-07-27,28,23,modeled,2026-07-27T22:04:24Z
2026-07-27,29,23,modeled,2026-07-27T22:04:24Z
2026-07-27,30,65,modeled,2026-07-27T22:04:24Z
2026-07-27,31,68,modeled,2026-07-27T22:04:24Z
2026-07-27,32,62,modeled,2026-07-27T22:04:24Z
2026-07-27,33,63,modeled,2026-07-27T22:04:24Z
2026-07-27,34,22,modeled,2026-07-27T22:04:24Z
2026-07-27,35,64,modeled,2026-07-27T22:04:24Z
2026-07-27,36,67,modeled,2026-07-27T22:04:24Z
2026-07-27,37,89,modeled,2026-07-27T22:04:24Z
2026-07-27,38,22,modeled,2026-07-27T22:04:24Z
2026-07-27,39,24,modeled,2026-07-27T22:04:24Z
2026-07-27,40,70,modeled,2026-07-27T22:04:24Z
2026-07-27,41,64,modeled,2026-07-27T22:04:24Z
2026-07-27,42,24,modeled,2026-07-27T22:04:24Z
2026-07-27,44,60,modeled,2026-07-27T22:04:24Z
2026-07-27,45,90,modeled,2026-07-27T22:04:24Z
2026-07-27,46,68,modeled,2026-07-27T22:04:24Z
2026-07-27,47,90,modeled,2026-07-27T22:04:24Z
2026-07-27,48,39,modeled,2026-07-27T22:04:24Z
2026-07-27,49,62,modeled,2026-07-27T22:04:24Z
2026-07-27,50,65,modeled,2026-07-27T22:04:24Z
2026-07-27,51,24,modeled,2026-07-27T22:04:24Z
2026-07-27,53,65,modeled,2026-07-27T22:04:24Z
2026-07-27,54,25,modeled,2026-07-27T22:04:24Z
2026-07-27,55,22,modeled,2026-07-27T22:04:24Z
2026-07-27,56,64,modeled,2026-07-27T22:04:24Z
2026-07-28,01,44,modeled,2026-07-28T22:01:53Z
2026-07-28,02,39,modeled,2026-07-28T22:01:53Z
2026-07-28,04,64,modeled,2026-07-28T22:01:53Z
2026-07-28,05,27,modeled,2026-07-28T22:01:53Z
2026-07-28,06,68,modeled,2026-07-28T22:01:53Z
2026-07-28,08,63,modeled,2026-07-28T22:01:53Z
2026-07-28,09,64,modeled,2026-07-28T22:01:53Z
2026-07-28,10,26,modeled,2026-07-28T22:01:53Z
2026-07-28,11,24,modeled,2026-07-28T22:01:53Z
2026-07-28,12,44,modeled,2026-07-28T22:01:53Z
2026-07-28,13,45,modeled,2026-07-28T22:01:53Z
2026-07-28,15,33,modeled,2026-07-28T22:01:53Z
2026-07-28,16,67,modeled,2026-07-28T22:01:53Z
2026-07-28,17,25,modeled,2026-07-28T22:01:53Z
2026-07-28,18,26,modeled,2026-07-28T22:01:53Z
2026-07-28,19,27,modeled,2026-07-28T22:01:53Z
2026-07-28,20,69,modeled,2026-07-28T22:01:53Z
2026-07-28,21,28,modeled,2026-07-28T22:01:53Z
2026-07-28,22,27,modeled,2026-07-28T22:01:53Z
2026-07-28,23,65,modeled,2026-07-28T22:01:53Z
2026-07-28,24,26,modeled,2026-07-28T22:01:53Z
2026-07-28,25,62,modeled,2026-07-28T22:01:53Z
2026-07-28,26,26,modeled,2026-07-28T22:01:53Z
2026-07-28,27,26,modeled,2026-07-28T22:01:53Z
2026-07-28,28,27,modeled,2026-07-28T22:01:53Z
2026-07-28,29,27,modeled,2026-07-28T22:01:53Z
2026-07-28,30,67,modeled,2026-07-28T22:01:53Z
2026-07-28,31,69,modeled,2026-07-28T22:01:53Z
2026-07-28,32,64,modeled,2026-07-28T22:01:53Z
2026-07-28,33,64,modeled,2026-07-28T22:01:53Z
2026-07-28,34,24,modeled,2026-07-28T22:01:53Z
2026-07-28,35,66,modeled,2026-07-28T22:01:53Z
2026-07-28,36,69,modeled,2026-07-28T22:01:53Z
2026-07-28,37,89,modeled,2026-07-28T22:01:53Z
2026-07-28,38,26,modeled,2026-07-28T22:01:53Z
2026-07-28,39,27,modeled,2026-07-28T22:01:53Z
2026-07-28,40,70,modeled,2026-07-28T22:01:53Z
2026-07-28,41,66,modeled,2026-07-28T22:01:53Z
2026-07-28,42,26,modeled,2026-07-28T22:01:53Z
2026-07-28,44,61,modeled,2026-07-28T22:01:53Z
2026-07-28,45,90,modeled,2026-07-28T22:01:53Z
2026-07-28,46,68,modeled,2026-07-28T22:01:53Z
2026-07-28,47,90,modeled,2026-07-28T22:01:53Z
2026-07-28,48,41,modeled,2026-07-28T22:01:53Z
2026-07-28,49,63,modeled,2026-07-28T22:01:53Z
2026-07-28,50,67,modeled,2026-07-28T22:01:53Z
2026-07-28,51,26,modeled,2026-07-28T22:01:53Z
2026-07-28,53,67,modeled,2026-07-28T22:01:53Z
2026-07-28,54,27,modeled,2026-07-28T22:01:53Z
2026-07-28,55,26,modeled,2026-07-28T22:01:53Z
2026-07-28,56,66,modeled,2026-07-28T22:01:53Z
2026-07-29,01,45,modeled,2026-07-29T21:58:08Z
2026-07-29,02,38,modeled,2026-07-29T21:58:08Z
2026-07-29,04,62,modeled,2026-07-29T21:58:08Z
2026-07-29,05,25,modeled,2026-07-29T21:58:08Z
2026-07-29,06,67,modeled,2026-07-29T21:58:08Z
2026-07-29,08,61,modeled,2026-07-29T21:58:08Z
2026-07-29,09,63,modeled,2026-07-29T21:58:08Z
2026-07-29,10,24,modeled,2026-07-29T21:58:08Z
2026-07-29,11,22,modeled,2026-07-29T21:58:08Z
2026-07-29,12,44,modeled,2026-07-29T21:58:08Z
2026-07-29,13,45,modeled,2026-07-29T21:58:08Z
2026-07-29,15,32,modeled,2026-07-29T21:58:08Z
2026-07-29,16,65,modeled,2026-07-29T21:58:08Z
2026-07-29,17,23,modeled,2026-07-29T21:58:08Z
2026-07-29,18,24,modeled,2026-07-29T21:58:08Z
2026-07-29,19,25,modeled,2026-07-29T21:58:08Z
2026-07-29,20,68,modeled,2026-07-29T21:58:08Z
2026-07-29,21,26,modeled,2026-07-29T21:58:08Z
2026-07-29,22,25,modeled,2026-07-29T21:58:08Z
2026-07-29,23,64,modeled,2026-07-29T21:58:08Z
2026-07-29,24,24,modeled,2026-07-29T21:58:08Z
2026-07-29,25,61,modeled,2026-07-29T21:58:08Z
2026-07-29,26,24,modeled,2026-07-29T21:58:08Z
2026-07-29,27,24,modeled,2026-07-29T21:58:08Z
2026-07-29,28,25,modeled,2026-07-29T21:58:08Z
2026-07-29,29,25,modeled,2026-07-29T21:58:08Z
2026-07-29,30,65,modeled,2026-07-29T21:58:08Z
2026-07-29,31,68,modeled,2026-07-29T21:58:08Z
2026-07-29,32,62,modeled,2026-07-29T21:58:08Z
2026-07-29,33,63,modeled,2026-07-29T21:58:08Z
2026-07-29,34,22,modeled,2026-07-29T21:58:08Z
2026-07-29,35,64,modeled,2026-07-29T21:58:08Z
2026-07-29,36,67,modeled,2026-07-29T21:58:08Z
2026-07-29,37,89,modeled,2026-07-29T21:58:08Z
2026-07-29,38,24,modeled,2026-07-29T21:58:08Z
2026-07-29,39,24,modeled,2026-07-29T21:58:08Z
2026-07-29,40,70,modeled,2026-07-29T21:58:08Z
2026-07-29,41,64,modeled,2026-07-29T21:58:08Z
2026-07-29,42,24,modeled,2026-07-29T21:58:08Z
2026-07-29,44,60,modeled,2026-07-29T21:58:08Z
2026-07-29,45,90,modeled,2026-07-29T21:58:08Z
2026-07-29,46,67,modeled,2026-07-29T21:58:08Z
2026-07-29,47,90,modeled,2026-07-29T21:58:08Z
2026-07-29,48,39,modeled,2026-07-29T21:58:08Z
2026-07-29,49,62,modeled,2026-07-29T21:58:08Z
2026-07-29,50,65,modeled,2026-07-29T21:58:08Z
2026-07-29,51,24,modeled,2026-07-29T21:58:08Z
2026-07-29,53,65,modeled,2026-07-29T21:58:08Z
2026-07-29,54,25,modeled,2026-07-29T21:58:08Z
2026-07-29,55,24,modeled,2026-07-29T21:58:08Z
2026-07-29,56,64,modeled,2026-07-29T21:58:08Z
2026-07-30,01,45,modeled,2026-07-30T22:03:41Z
2026-07-30,02,38,modeled,2026-07-30T22:03:41Z
2026-07-30,04,62,modeled,2026-07-30T22:03:41Z
2026-07-30,05,25,modeled,2026-07-30T22:03:41Z
2026-07-30,06,67,modeled,2026-07-30T22:03:41Z
2026-07-30,08,61,modeled,2026-07-30T22:03:41Z
2026-07-30,09,63,modeled,2026-07-30T22:03:41Z
2026-07-30,10,24,modeled,2026-07-30T22:03:41Z
2026-07-30,11,22,modeled,2026-07-30T22:03:41Z
2026-07-30,12,44,modeled,2026-07-30T22:03:41Z
2026-07-30,13,45,modeled,2026-07-30T22:03:41Z
2026-07-30,15,32,modeled,2026-07-30T22:03:41Z
2026-07-30,16,65,modeled,2026-07-30T22:03:41Z
2026-07-30,17,23,modeled,2026-07-30T22:03:41Z
2026-07-30,18,24,modeled,2026-07-30T22:03:41Z
2026-07-30,19,25,modeled,2026-07-30T22:03:41Z
2026-07-30,20,68,modeled,2026-07-30T22:03:41Z
2026-07-30,21,26,modeled,2026-07-30T22:03:41Z
2026-07-30,22,25,modeled,2026-07-30T22:03:41Z
2026-07-30,23,64,modeled,2026-07-30T22:03:41Z
2026-07-30,24,24,modeled,2026-07-30T22:03:41Z
2026-07-30,25,61,modeled,2026-07-30T22:03:41Z
2026-07-30,26,24,modeled,2026-07-30T22:03:41Z
2026-07-30,27,24,modeled,2026-07-30T22:03:41Z
2026-07-30,28,25,modeled,2026-07-30T22:03:41Z
2026-07-30,29,25,modeled,2026-07-30T22:03:41Z
2026-07-30,30,65,modeled,2026-07-30T22:03:41Z
2026-07-30,31,68,modeled,2026-07-30T22:03:41Z
2026-07-30,32,62,modeled,2026-07-30T22:03:41Z
2026-07-30,33,63,modeled,2026-07-30T22:03:41Z
2026-07-30,34,22,modeled,2026-07-30T22:03:41Z
2026-07-30,35,64,modeled,2026-07-30T22:03:41Z
2026-07-30,36,67,modeled,2026-07-30T22:03:41Z
2026-07-30,37,89,modeled,2026-07-30T22:03:41Z
2026-07-30,38,24,modeled,2026-07-30T22:03:41Z
2026-07-30,39,24,modeled,2026-07-30T22:03:41Z
2026-07-30,40,70,modeled,2026-07-30T22:03:41Z
2026-07-30,41,64,modeled,2026-07-30T22:03:41Z
2026-07-30,42,24,modeled,2026-07-30T22:03:41Z
2026-07-30,44,60,modeled,2026-07-30T22:03:41Z
2026-07-30,45,90,modeled,2026-07-30T22:03:41Z
2026-07-30,46,67,modeled,2026-07-30T22:03:41Z
2026-07-30,47,90,modeled,2026-07-30T22:03:41Z
2026-07-30,48,39,modeled,2026-07-30T22:03:41Z
2026-07-30,49,62,modeled,2026-07-30T22:03:41Z
2026-07-30,50,65,modeled,2026-07-30T22:03:41Z
2026-07-30,51,24,modeled,2026-07-30T22:03:41Z
2026-07-30,53,65,modeled,2026-07-30T22:03:41Z
2026-07-30,54,25,modeled,2026-07-30T22:03:41Z
2026-07-30,55,24,modeled,2026-07-30T22:03:41Z
2026-07-30,56,64,modeled,2026-07-30T22:03:41Z
2026-07-31,01,45,modeled,2026-07-31T22:02:53Z
2026-07-31,02,38,modeled,2026-07-31T22:02:53Z
2026-07-31,04,62,modeled,2026-07-31T22:02:53Z
2026-07-31,05,25,modeled,2026-07-31T22:02:53Z
2026-07-31,06,67,modeled,2026-07-31T22:02:53Z
2026-07-31,08,61,modeled,2026-07-31T22:02:53Z
2026-07-31,09,63,modeled,2026-07-31T22:02:53Z
2026-07-31,10,24,modeled,2026-07-31T22:02:53Z
2026-07-31,11,22,modeled,2026-07-31T22:02:53Z
2026-07-31,12,44,modeled,2026-07-31T22:02:53Z
2026-07-31,13,45,modeled,2026-07-31T22:02:53Z
2026-07-31,15,32,modeled,2026-07-31T22:02:53Z
2026-07-31,16,65,modeled,2026-07-31T22:02:53Z
2026-07-31,17,23,modeled,2026-07-31T22:02:53Z
2026-07-31,18,24,modeled,2026-07-31T22:02:53Z
2026-07-31,19,25,modeled,2026-07-31T22:02:53Z
2026-07-31,20,68,modeled,2026-07-31T22:02:53Z
2026-07-31,21,26,modeled,2026-07-31T22:02:53Z
2026-07-31,22,25,modeled,2026-07-31T22:02:53Z
2026-07-31,23,64,modeled,2026-07-31T22:02:53Z
2026-07-31,24,24,modeled,2026-07-31T22:02:53Z
2026-07-31,25,61,modeled,2026-07-31T22:02:53Z
2026-07-31,26,24,modeled,2026-07-31T22:02:53Z
2026-07-31,27,24,modeled,2026-07-31T22:02:53Z
2026-07-31,28,25,modeled,2026-07-31T22:02:53Z
2026-07-31,29,25,modeled,2026-07-31T22:02:53Z
2026-07-31,30,65,modeled,2026-07-31T22:02:53Z
2026-07-31,31,68,modeled,2026-07-31T22:02:53Z
2026-07-31,32,62,modeled,2026-07-31T22:02:53Z
2026-07-31,33,63,modeled,2026-07-31T22:02:53Z
2026-07-31,34,22,modeled,2026-07-31T22:02:53Z
2026-07-31,35,64,modeled,2026-07-31T22:02:53Z
2026-07-31,36,67,modeled,2026-07-31T22:02:53Z
2026-07-31,37,89,modeled,2026-07-31T22:02:53Z
2026-07-31,38,24,modeled,2026-07-31T22:02:53Z
2026-07-31,39,24,modeled,2026-07-31T22:02:53Z
2026-07-31,40,70,modeled,2026-07-31T22:02:53Z
2026-07-31,41,64,modeled,2026-07-31T22:02:53Z
2026-07-31,42,24,modeled,2026-07-31T22:02:53Z
2026-07-31,44,60,modeled,2026-07-31T22:02:53Z
2026-07-31,45,90,modeled,2026-07-31T22:02:53Z
2026-07-31,46,67,modeled,2026-07-31T22:02:53Z
2026-07-31,47,90,modeled,2026-07-31T22:02:53Z
2026-07-31,48,39,modeled,2026-07-31T22:02:53Z
2026-07-31,49,62,modeled,2026-07-31T22:02:53Z
2026-07-31,50,65,modeled,2026-07-31T22:02:53Z
2026-07-31,51,24,modeled,2026-07-31T22:02:53Z
2026-07-31,53,65,modeled,2026-07-31T22:02:53Z
2026-07-31,54,25,modeled,2026-07-31T22:02:53Z
2026-07-31,55,24,modeled,2026-07-31T22:02:53Z
2026-07-31,56,64,modeled,2026-07-31T22:02:53Z
2026-08-01,01,45,modeled,2026-08-01T21:52:46Z
2026-08-01,02,38,modeled,2026-08-01T21:52:46Z
2026-08-01,04,62,modeled,2026-08-01T21:52:46Z
2026-08-01,05,25,modeled,2026-08-01T21:52:46Z
2026-08-01,06,67,modeled,2026-08-01T21:52:46Z
2026-08-01,08,61,modeled,2026-08-01T21:52:46Z
2026-08-01,09,63,modeled,2026-08-01T21:52:46Z
2026-08-01,10,24,modeled,2026-08-01T21:52:46Z
2026-08-01,11,22,modeled,2026-08-01T21:52:46Z
2026-08-01,12,44,modeled,2026-08-01T21:52:46Z
2026-08-01,13,45,modeled,2026-08-01T21:52:46Z
2026-08-01,15,32,modeled,2026-08-01T21:52:46Z
2026-08-01,16,65,modeled,2026-08-01T21:52:46Z
2026-08-01,17,23,modeled,2026-08-01T21:52:46Z
2026-08-01,18,24,modeled,2026-08-01T21:52:46Z
2026-08-01,19,25,modeled,2026-08-01T21:52:46Z
2026-08-01,20,68,modeled,2026-08-01T21:52:46Z
2026-08-01,21,26,modeled,2026-08-01T21:52:46Z
2026-08-01,22,25,modeled,2026-08-01T21:52:46Z
2026-08-01,23,64,modeled,2026-08-01T21:52:46Z
2026-08-01,24,24,modeled,2026-08-01T21:52:46Z
2026-08-01,25,61,modeled,2026-08-01T21:52:46Z
2026-08-01,26,24,modeled,2026-08-01T21:52:46Z
2026-08-01,27,24,modeled,2026-08-01T21:52:46Z
2026-08-01,28,25,modeled,2026-08-01T21:52:46Z
2026-08-01,29,25,modeled,2026-08-01T21:52:46Z
2026-08-01,30,65,modeled,2026-08-01T21:52:46Z
2026-08-01,31,68,modeled,2026-08-01T21:52:46Z
2026-08-01,32,62,modeled,2026-08-01T21:52:46Z
2026-08-01,33,63,modeled,2026-08-01T21:52:46Z
2026-08-01,34,22,modeled,2026-08-01T21:52:46Z
2026-08-01,35,64,modeled,2026-08-01T21:52:46Z
2026-08-01,36,67,modeled,2026-08-01T21:52:46Z
2026-08-01,37,89,modeled,2026-08-01T21:52:46Z
2026-08-01,38,24,modeled,2026-08-01T21:52:46Z
2026-08-01,39,24,modeled,2026-08-01T21:52:46Z
2026-08-01,40,70,modeled,2026-08-01T21:52:46Z
2026-08-01,41,64,modeled,2026-08-01T21:52:46Z
2026-08-01,42,24,modeled,2026-08-01T21:52:46Z
2026-08-01,44,60,modeled,2026-08-01T21:52:46Z
2026-08-01,45,90,modeled,2026-08-01T21:52:46Z
2026-08-01,46,67,modeled,2026-08-01T21:52:46Z
2026-08-01,47,90,modeled,2026-08-01T21:52:46Z
2026-08-01,48,39,modeled,2026-08-01T21:52:46Z
2026-08-01,49,62,modeled,2026-08-01T21:52:46Z
2026-08-01,50,65,modeled,2026-08-01T21:52:46Z
2026-08-01,51,24,modeled,2026-08-01T21:52:46Z
2026-08-01,53,65,modeled,2026-08-01T21:52:46Z
2026-08-01,54,25,modeled,2026-08-01T21:52:46Z
2026-08-01,55,24,modeled,2026-08-01T21:52:46Z
2026-08-01,56,64,modeled,2026-08-01T21:52:46Z
2026-08-02,01,45,modeled,2026-08-02T21:53:13Z
2026-08-02,02,38,modeled,2026-08-02T21:53:13Z
2026-08-02,04,62,modeled,2026-08-02T21:53:13Z
2026-08-02,05,25,modeled,2026-08-02T21:53:13Z
2026-08-02,06,67,modeled,2026-08-02T21:53:13Z
2026-08-02,08,61,modeled,2026-08-02T21:53:13Z
2026-08-02,09,63,modeled,2026-08-02T21:53:13Z
2026-08-02,10,24,modeled,2026-08-02T21:53:13Z
2026-08-02,11,22,modeled,2026-08-02T21:53:13Z
2026-08-02,12,44,modeled,2026-08-02T21:53:13Z
2026-08-02,13,45,modeled,2026-08-02T21:53:13Z
2026-08-02,15,32,modeled,2026-08-02T21:53:13Z
2026-08-02,16,65,modeled,2026-08-02T21:53:13Z
2026-08-02,17,23,modeled,2026-08-02T21:53:13Z
2026-08-02,18,24,modeled,2026-08-02T21:53:13Z
2026-08-02,19,25,modeled,2026-08-02T21:53:13Z
2026-08-02,20,68,modeled,2026-08-02T21:53:13Z
2026-08-02,21,26,modeled,2026-08-02T21:53:13Z
2026-08-02,22,25,modeled,2026-08-02T21:53:13Z
2026-08-02,23,64,modeled,2026-08-02T21:53:13Z
2026-08-02,24,24,modeled,2026-08-02T21:53:13Z
2026-08-02,25,61,modeled,2026-08-02T21:53:13Z
2026-08-02,26,24,modeled,2026-08-02T21:53:13Z
2026-08-02,27,24,modeled,2026-08-02T21:53:13Z
2026-08-02,28,25,modeled,2026-08-02T21:53:13Z
2026-08-02,29,25,modeled,2026-08-02T21:53:13Z
2026-08-02,30,65,modeled,2026-08-02T21:53:13Z
2026-08-02,31,68,modeled,2026-08-02T21:53:13Z
2026-08-02,32,62,modeled,2026-08-02T21:53:13Z
2026-08-02,33,63,modeled,2026-08-02T21:53:13Z
2026-08-02,34,22,modeled,2026-08-02T21:53:13Z
2026-08-02,35,64,modeled,2026-08-02T21:53:13Z
2026-08-02,36,67,modeled,2026-08-02T21:53:13Z
2026-08-02,37,89,modeled,2026-08-02T21:53:13Z
2026-08-02,38,24,modeled,2026-08-02T21:53:13Z
2026-08-02,39,24,modeled,2026-08-02T21:53:13Z
2026-08-02,40,70,modeled,2026-08-02T21:53:13Z
2026-08-02,41,64,modeled,2026-08-02T21:53:13Z
2026-08-02,42,24,modeled,2026-08-02T21:53:13Z
2026-08-02,44,60,modeled,2026-08-02T21:53:13Z
2026-08-02,45,90,modeled,2026-08-02T21:53:13Z
2026-08-02,46,67,modeled,2026-08-02T21:53:13Z
2026-08-02,47,90,modeled,2026-08-02T21:53:13Z
2026-08-02,48,39,modeled,2026-08-02T21:53:13Z
2026-08-02,49,62,modeled,2026-08-02T21:53:13Z
2026-08-02,50,65,modeled,2026-08-02T21:53:13Z
2026-08-02,51,24,modeled,2026-08-02T21:53:13Z
2026-08-02,53,65,modeled,2026-08-02T21:53:13Z
2026-08-02,54,25,modeled,2026-08-02T21:53:13Z
2026-08-02,55,24,modeled,2026-08-02T21:53:13Z
2026-08-02,56,64,modeled,2026-08-02T21:53:13Z
2026-08-03,01,45,modeled,2026-08-03T22:06:10Z
2026-08-03,02,38,modeled,2026-08-03T22:06:10Z
2026-08-03,04,62,modeled,2026-08-03T22:06:10Z
2026-08-03,05,25,modeled,2026-08-03T22:06:10Z
2026-08-03,06,67,modeled,2026-08-03T22:06:10Z
2026-08-03,08,61,modeled,2026-08-03T22:06:10Z
2026-08-03,09,63,modeled,2026-08-03T22:06:10Z
2026-08-03,10,24,modeled,2026-08-03T22:06:10Z
2026-08-03,11,22,modeled,2026-08-03T22:06:10Z
2026-08-03,12,44,modeled,2026-08-03T22:06:10Z
2026-08-03,13,45,modeled,2026-08-03T22:06:10Z
2026-08-03,15,32,modeled,2026-08-03T22:06:10Z
2026-08-03,16,65,modeled,2026-08-03T22:06:10Z
2026-08-03,17,23,modeled,2026-08-03T22:06:10Z
2026-08-03,18,24,modeled,2026-08-03T22:06:10Z
2026-08-03,19,25,modeled,2026-08-03T22:06:10Z
2026-08-03,20,68,modeled,2026-08-03T22:06:10Z
2026-08-03,21,26,modeled,2026-08-03T22:06:10Z
2026-08-03,22,25,modeled,2026-08-03T22:06:10Z
2026-08-03,23,64,modeled,2026-08-03T22:06:10Z
2026-08-03,24,24,modeled,2026-08-03T22:06:10Z
2026-08-03,25,61,modeled,2026-08-03T22:06:10Z
2026-08-03,26,24,modeled,2026-08-03T22:06:10Z
2026-08-03,27,24,modeled,2026-08-03T22:06:10Z
2026-08-03,28,25,modeled,2026-08-03T22:06:10Z
2026-08-03,29,25,modeled,2026-08-03T22:06:10Z
2026-08-03,30,65,modeled,2026-08-03T22:06:10Z
2026-08-03,31,68,modeled,2026-08-03T22:06:10Z
2026-08-03,32,62,modeled,2026-08-03T22:06:10Z
2026-08-03,33,63,modeled,2026-08-03T22:06:10Z
2026-08-03,34,22,modeled,2026-08-03T22:06:10Z
2026-08-03,35,64,modeled,2026-08-03T22:06:10Z
2026-08-03,36,67,modeled,2026-08-03T22:06:10Z
2026-08-03,37,89,modeled,2026-08-03T22:06:10Z
2026-08-03,38,24,modeled,2026-08-03T22:06:10Z
2026-08-03,39,24,modeled,2026-08-03T22:06:10Z
2026-08-03,40,70,modeled,2026-08-03T22:06:10Z
2026-08-03,41,64,modeled,2026-08-03T22:06:10Z
2026-08-03,42,24,modeled,2026-08-03T22:06:10Z
2026-08-03,44,60,modeled,2026-08-03T22:06:10Z
2026-08-03,45,90,modeled,2026-08-03T22:06:10Z
2026-08-03,46,67,modeled,2026-08-03T22:06:10Z
2026-08-03,47,90,modeled,2026-08-03T22:06:10Z
2026-08-03,48,39,modeled,2026-08-03T22:06:10Z
2026-08-03,49,62,modeled,2026-08-03T22:06:10Z
2026-08-03,50,65,modeled,2026-08-03T22:06:10Z
2026-08-03,51,24,modeled,2026-08-03T22:06:10Z
2026-08-03,53,65,modeled,2026-08-03T22:06:10Z
2026-08-03,54,25,modeled,2026-08-03T22:06:10Z
2026-08-03,55,24,modeled,2026-08-03T22:06:10Z
2026-08-03,56,64,modeled,2026-08-03T22:06:10Z
2026-08-04,01,44,modeled,2026-08-04T22:12:11Z
2026-08-04,02,49,modeled,2026-08-04T22:12:11Z
2026-08-04,04,73,modeled,2026-08-04T22:12:11Z
2026-08-04,05,47,modeled,2026-08-04T22:12:11Z
2026-08-04,06,67,modeled,2026-08-04T22:12:11Z
2026-08-04,08,72,modeled,2026-08-04T22:12:11Z
2026-08-04,09,73,modeled,2026-08-04T22:12:11Z
2026-08-04,10,50,modeled,2026-08-04T22:12:11Z
2026-08-04,11,48,modeled,2026-08-04T22:12:11Z
2026-08-04,12,44,modeled,2026-08-04T22:12:11Z
2026-08-04,13,45,modeled,2026-08-04T22:12:11Z
2026-08-04,15,43,modeled,2026-08-04T22:12:11Z
2026-08-04,16,76,modeled,2026-08-04T22:12:11Z
2026-08-04,17,45,modeled,2026-08-04T22:12:11Z
2026-08-04,18,46,modeled,2026-08-04T22:12:11Z
2026-08-04,19,47,modeled,2026-08-04T22:12:11Z
2026-08-04,20,68,modeled,2026-08-04T22:12:11Z
2026-08-04,21,52,modeled,2026-08-04T22:12:11Z
2026-08-04,22,47,modeled,2026-08-04T22:12:11Z
2026-08-04,23,74,modeled,2026-08-04T22:12:11Z
2026-08-04,24,50,modeled,2026-08-04T22:12:11Z
2026-08-04,25,71,modeled,2026-08-04T22:12:11Z
2026-08-04,26,45,modeled,2026-08-04T22:12:11Z
2026-08-04,27,45,modeled,2026-08-04T22:12:11Z
2026-08-04,28,47,modeled,2026-08-04T22:12:11Z
2026-08-04,29,46,modeled,2026-08-04T22:12:11Z
2026-08-04,30,77,modeled,2026-08-04T22:12:11Z
2026-08-04,31,67,modeled,2026-08-04T22:12:11Z
2026-08-04,32,73,modeled,2026-08-04T22:12:11Z
2026-08-04,33,73,modeled,2026-08-04T22:12:11Z
2026-08-04,34,48,modeled,2026-08-04T22:12:11Z
2026-08-04,35,75,modeled,2026-08-04T22:12:11Z
2026-08-04,36,67,modeled,2026-08-04T22:12:11Z
2026-08-04,37,89,modeled,2026-08-04T22:12:11Z
2026-08-04,38,46,modeled,2026-08-04T22:12:11Z
2026-08-04,39,51,modeled,2026-08-04T22:12:11Z
2026-08-04,40,69,modeled,2026-08-04T22:12:11Z
2026-08-04,41,76,modeled,2026-08-04T22:12:11Z
2026-08-04,42,50,modeled,2026-08-04T22:12:11Z
2026-08-04,44,70,modeled,2026-08-04T22:12:11Z
2026-08-04,45,90,modeled,2026-08-04T22:12:11Z
2026-08-04,46,67,modeled,2026-08-04T22:12:11Z
2026-08-04,47,90,modeled,2026-08-04T22:12:11Z
2026-08-04,48,38,modeled,2026-08-04T22:12:11Z
2026-08-04,49,73,modeled,2026-08-04T22:12:11Z
2026-08-04,50,75,modeled,2026-08-04T22:12:11Z
2026-08-04,51,50,modeled,2026-08-04T22:12:11Z
2026-08-04,53,76,modeled,2026-08-04T22:12:11Z
2026-08-04,54,51,modeled,2026-08-04T22:12:11Z
2026-08-04,55,46,modeled,2026-08-04T22:12:11Z
2026-08-04,56,75,modeled,2026-08-04T22:12:11Z
2026-08-05,01,44,modeled,2026-08-05T22:10:34Z
2026-08-05,02,38,modeled,2026-08-05T22:10:34Z
2026-08-05,04,63,modeled,2026-08-05T22:10:34Z
2026-08-05,05,26,modeled,2026-08-05T22:10:34Z
2026-08-05,06,67,modeled,2026-08-05T22:10:34Z
2026-08-05,08,61,modeled,2026-08-05T22:10:34Z
2026-08-05,09,63,modeled,2026-08-05T22:10:34Z
2026-08-05,10,24,modeled,2026-08-05T22:10:34Z
2026-08-05,11,22,modeled,2026-08-05T22:10:34Z
2026-08-05,12,44,modeled,2026-08-05T22:10:34Z
2026-08-05,13,45,modeled,2026-08-05T22:10:34Z
2026-08-05,15,32,modeled,2026-08-05T22:10:34Z
2026-08-05,16,65,modeled,2026-08-05T22:10:34Z
2026-08-05,17,24,modeled,2026-08-05T22:10:34Z
2026-08-05,18,24,modeled,2026-08-05T22:10:34Z
2026-08-05,19,26,modeled,2026-08-05T22:10:34Z
2026-08-05,20,69,modeled,2026-08-05T22:10:34Z
2026-08-05,21,26,modeled,2026-08-05T22:10:34Z
2026-08-05,22,26,modeled,2026-08-05T22:10:34Z
2026-08-05,23,65,modeled,2026-08-05T22:10:34Z
2026-08-05,24,24,modeled,2026-08-05T22:10:34Z
2026-08-05,25,62,modeled,2026-08-05T22:10:34Z
2026-08-05,26,24,modeled,2026-08-05T22:10:34Z
2026-08-05,27,24,modeled,2026-08-05T22:10:34Z
2026-08-05,28,25,modeled,2026-08-05T22:10:34Z
2026-08-05,29,25,modeled,2026-08-05T22:10:34Z
2026-08-05,30,66,modeled,2026-08-05T22:10:34Z
2026-08-05,31,68,modeled,2026-08-05T22:10:34Z
2026-08-05,32,62,modeled,2026-08-05T22:10:34Z
2026-08-05,33,63,modeled,2026-08-05T22:10:34Z
2026-08-05,34,22,modeled,2026-08-05T22:10:34Z
2026-08-05,35,64,modeled,2026-08-05T22:10:34Z
2026-08-05,36,67,modeled,2026-08-05T22:10:34Z
2026-08-05,37,89,modeled,2026-08-05T22:10:34Z
2026-08-05,38,25,modeled,2026-08-05T22:10:34Z
2026-08-05,39,25,modeled,2026-08-05T22:10:34Z
2026-08-05,40,70,modeled,2026-08-05T22:10:34Z
2026-08-05,41,65,modeled,2026-08-05T22:10:34Z
2026-08-05,42,24,modeled,2026-08-05T22:10:34Z
2026-08-05,44,60,modeled,2026-08-05T22:10:34Z
2026-08-05,45,90,modeled,2026-08-05T22:10:34Z
2026-08-05,46,68,modeled,2026-08-05T22:10:34Z
2026-08-05,47,90,modeled,2026-08-05T22:10:34Z
2026-08-05,48,39,modeled,2026-08-05T22:10:34Z
2026-08-05,49,62,modeled,2026-08-05T22:10:34Z
2026-08-05,50,66,modeled,2026-08-05T22:10:34Z
2026-08-05,51,24,modeled,2026-08-05T22:10:34Z
2026-08-05,53,65,modeled,2026-08-05T22:10:34Z
2026-08-05,54,25,modeled,2026-08-05T22:10:34Z
2026-08-05,55,24,modeled,2026-08-05T22:10:34Z
2026-08-05,56,64,modeled,2026-08-05T22:10:34Z
2026-08-06,01,44,modeled,2026-08-06T15:11:21Z
2026-08-06,02,45,modeled,2026-08-06T15:11:21Z
2026-08-06,04,70,modeled,2026-08-06T15:11:21Z
2026-08-06,05,26,modeled,2026-08-06T15:11:21Z
2026-08-06,06,67,modeled,2026-08-06T15:11:21Z
2026-08-06,08,69,modeled,2026-08-06T15:11:21Z
2026-08-06,09,70,modeled,2026-08-06T15:11:21Z
2026-08-06,10,27,modeled,2026-08-06T15:11:21Z
2026-08-06,11,24,modeled,2026-08-06T15:11:21Z
2026-08-06,12,44,modeled,2026-08-06T15:11:21Z
2026-08-06,13,45,modeled,2026-08-06T15:11:21Z
2026-08-06,15,39,modeled,2026-08-06T15:11:21Z
2026-08-06,16,73,modeled,2026-08-06T15:11:21Z
2026-08-06,17,24,modeled,2026-08-06T15:11:21Z
2026-08-06,18,24,modeled,2026-08-06T15:11:21Z
2026-08-06,19,26,modeled,2026-08-06T15:11:21Z
2026-08-06,20,69,modeled,2026-08-06T15:11:21Z
2026-08-06,21,29,modeled,2026-08-06T15:11:21Z
2026-08-06,22,26,modeled,2026-08-06T15:11:21Z
2026-08-06,23,72,modeled,2026-08-06T15:11:21Z
2026-08-06,24,26,modeled,2026-08-06T15:11:21Z
2026-08-06,25,69,modeled,2026-08-06T15:11:21Z
2026-08-06,26,24,modeled,2026-08-06T15:11:21Z
2026-08-06,27,24,modeled,2026-08-06T15:11:21Z
2026-08-06,28,25,modeled,2026-08-06T15:11:21Z
2026-08-06,29,25,modeled,2026-08-06T15:11:21Z
2026-08-06,30,73,modeled,2026-08-06T15:11:21Z
2026-08-06,31,68,modeled,2026-08-06T15:11:21Z
2026-08-06,32,70,modeled,2026-08-06T15:11:21Z
2026-08-06,33,70,modeled,2026-08-06T15:11:21Z
2026-08-06,34,24,modeled,2026-08-06T15:11:21Z
2026-08-06,35,72,modeled,2026-08-06T15:11:21Z
2026-08-06,36,75,modeled,2026-08-06T15:11:21Z
2026-08-06,37,89,modeled,2026-08-06T15:11:21Z
2026-08-06,38,25,modeled,2026-08-06T15:11:21Z
2026-08-06,39,27,modeled,2026-08-06T15:11:21Z
2026-08-06,40,70,modeled,2026-08-06T15:11:21Z
2026-08-06,41,72,modeled,2026-08-06T15:11:21Z
2026-08-06,42,27,modeled,2026-08-06T15:11:21Z
2026-08-06,44,67,modeled,2026-08-06T15:11:21Z
2026-08-06,45,90,modeled,2026-08-06T15:11:21Z
2026-08-06,46,68,modeled,2026-08-06T15:11:21Z
2026-08-06,47,90,modeled,2026-08-06T15:11:21Z
2026-08-06,48,39,modeled,2026-08-06T15:11:21Z
2026-08-06,49,69,modeled,2026-08-06T15:11:21Z
2026-08-06,50,73,modeled,2026-08-06T15:11:21Z
2026-08-06,51,27,modeled,2026-08-06T15:11:21Z
2026-08-06,53,73,modeled,2026-08-06T15:11:21Z
2026-08-06,54,27,modeled,2026-08-06T15:11:21Z
2026-08-06,55,24,modeled,2026-08-06T15:11:21Z
2026-08-06,56,72,modeled,2026-08-06T15:11:21Z
2026-08-07,01,44,modeled,2026-08-07T21:36:04Z
2026-08-07,02,34,modeled,2026-08-07T21:36:04Z
2026-08-07,04,59,modeled,2026-08-07T21:36:04Z
2026-08-07,05,26,modeled,2026-08-07T21:36:04Z
2026-08-07,06,68,modeled,2026-08-07T21:36:04Z
2026-08-07,08,58,modeled,2026-08-07T21:36:04Z
2026-08-07,09,58,modeled,2026-08-07T21:36:04Z
2026-08-07,10,29,modeled,2026-08-07T21:36:04Z
2026-08-07,11,27,modeled,2026-08-07T21:36:04Z
2026-08-07,12,44,modeled,2026-08-07T21:36:04Z
2026-08-07,13,45,modeled,2026-08-07T21:36:04Z
2026-08-07,15,28,modeled,2026-08-07T21:36:04Z
2026-08-07,16,62,modeled,2026-08-07T21:36:04Z
2026-08-07,17,24,modeled,2026-08-07T21:36:04Z
2026-08-07,18,24,modeled,2026-08-07T21:36:04Z
2026-08-07,19,26,modeled,2026-08-07T21:36:04Z
2026-08-07,20,69,modeled,2026-08-07T21:36:04Z
2026-08-07,21,32,modeled,2026-08-07T21:36:04Z
2026-08-07,22,26,modeled,2026-08-07T21:36:04Z
2026-08-07,23,60,modeled,2026-08-07T21:36:04Z
2026-08-07,24,29,modeled,2026-08-07T21:36:04Z
2026-08-07,25,56,modeled,2026-08-07T21:36:04Z
2026-08-07,26,24,modeled,2026-08-07T21:36:04Z
2026-08-07,27,24,modeled,2026-08-07T21:36:04Z
2026-08-07,28,25,modeled,2026-08-07T21:36:04Z
2026-08-07,29,25,modeled,2026-08-07T21:36:04Z
2026-08-07,30,62,modeled,2026-08-07T21:36:04Z
2026-08-07,31,68,modeled,2026-08-07T21:36:04Z
2026-08-07,32,59,modeled,2026-08-07T21:36:04Z
2026-08-07,33,58,modeled,2026-08-07T21:36:04Z
2026-08-07,34,27,modeled,2026-08-07T21:36:04Z
2026-08-07,35,61,modeled,2026-08-07T21:36:04Z
2026-08-07,36,68,modeled,2026-08-07T21:36:04Z
2026-08-07,37,89,modeled,2026-08-07T21:36:04Z
2026-08-07,38,25,modeled,2026-08-07T21:36:04Z
2026-08-07,39,30,modeled,2026-08-07T21:36:04Z
2026-08-07,40,70,modeled,2026-08-07T21:36:04Z
2026-08-07,41,61,modeled,2026-08-07T21:36:04Z
2026-08-07,42,30,modeled,2026-08-07T21:36:04Z
2026-08-07,44,55,modeled,2026-08-07T21:36:04Z
2026-08-07,45,90,modeled,2026-08-07T21:36:04Z
2026-08-07,46,68,modeled,2026-08-07T21:36:04Z
2026-08-07,47,90,modeled,2026-08-07T21:36:04Z
2026-08-07,48,39,modeled,2026-08-07T21:36:04Z
2026-08-07,49,59,modeled,2026-08-07T21:36:04Z
2026-08-07,50,61,modeled,2026-08-07T21:36:04Z
2026-08-07,51,30,modeled,2026-08-07T21:36:04Z
2026-08-07,53,62,modeled,2026-08-07T21:36:04Z
2026-08-07,54,30,modeled,2026-08-07T21:36:04Z
2026-08-07,55,24,modeled,2026-08-07T21:36:04Z
2026-08-07,56,61,modeled,2026-08-07T21:36:04Z
2026-08-08,01,44,modeled,2026-08-08T21:26:39Z
2026-08-08,02,33,modeled,2026-08-08T21:26:39Z
2026-08-08,04,57,modeled,2026-08-08T21:26:39Z
2026-08-08,05,25,modeled,2026-08-08T21:26:39Z
2026-08-08,06,67,modeled,2026-08-08T21:26:39Z
2026-08-08,08,56,modeled,2026-08-08T21:26:39Z
2026-08-08,09,57,modeled,2026-08-08T21:26:39Z
2026-08-08,10,32,modeled,2026-08-08T21:26:39Z
2026-08-08,11,29,modeled,2026-08-08T21:26:39Z
2026-08-08,12,44,modeled,2026-08-08T21:26:39Z
2026-08-08,13,45,modeled,2026-08-08T21:26:39Z
2026-08-08,15,27,modeled,2026-08-08T21:26:39Z
2026-08-08,16,60,modeled,2026-08-08T21:26:39Z
2026-08-08,17,23,modeled,2026-08-08T21:26:39Z
2026-08-08,18,24,modeled,2026-08-08T21:26:39Z
2026-08-08,19,26,modeled,2026-08-08T21:26:39Z
2026-08-08,20,68,modeled,2026-08-08T21:26:39Z
2026-08-08,21,34,modeled,2026-08-08T21:26:39Z
2026-08-08,22,25,modeled,2026-08-08T21:26:39Z
2026-08-08,23,58,modeled,2026-08-08T21:26:39Z
2026-08-08,24,31,modeled,2026-08-08T21:26:39Z
2026-08-08,25,55,modeled,2026-08-08T21:26:39Z
2026-08-08,26,24,modeled,2026-08-08T21:26:39Z
2026-08-08,27,24,modeled,2026-08-08T21:26:39Z
2026-08-08,28,25,modeled,2026-08-08T21:26:39Z
2026-08-08,29,25,modeled,2026-08-08T21:26:39Z
2026-08-08,30,60,modeled,2026-08-08T21:26:39Z
2026-08-08,31,67,modeled,2026-08-08T21:26:39Z
2026-08-08,32,57,modeled,2026-08-08T21:26:39Z
2026-08-08,33,57,modeled,2026-08-08T21:26:39Z
2026-08-08,34,29,modeled,2026-08-08T21:26:39Z
2026-08-08,35,59,modeled,2026-08-08T21:26:39Z
2026-08-08,36,68,modeled,2026-08-08T21:26:39Z
2026-08-08,37,89,modeled,2026-08-08T21:26:39Z
2026-08-08,38,25,modeled,2026-08-08T21:26:39Z
2026-08-08,39,32,modeled,2026-08-08T21:26:39Z
2026-08-08,40,69,modeled,2026-08-08T21:26:39Z
2026-08-08,41,59,modeled,2026-08-08T21:26:39Z
2026-08-08,42,32,modeled,2026-08-08T21:26:39Z
2026-08-08,44,54,modeled,2026-08-08T21:26:39Z
2026-08-08,45,90,modeled,2026-08-08T21:26:39Z
2026-08-08,46,67,modeled,2026-08-08T21:26:39Z
2026-08-08,47,90,modeled,2026-08-08T21:26:39Z
2026-08-08,48,39,modeled,2026-08-08T21:26:39Z
2026-08-08,49,57,modeled,2026-08-08T21:26:39Z
2026-08-08,50,59,modeled,2026-08-08T21:26:39Z
2026-08-08,51,32,modeled,2026-08-08T21:26:39Z
2026-08-08,53,60,modeled,2026-08-08T21:26:39Z
2026-08-08,54,32,modeled,2026-08-08T21:26:39Z
2026-08-08,55,24,modeled,2026-08-08T21:26:39Z
2026-08-08,56,59,modeled,2026-08-08T21:26:39Z
2026-08-09,01,44,modeled,2026-08-09T21:28:22Z
2026-08-09,02,33,modeled,2026-08-09T21:28:22Z
2026-08-09,04,57,modeled,2026-08-09T21:28:22Z
2026-08-09,05,25,modeled,2026-08-09T21:28:22Z
2026-08-09,06,67,modeled,2026-08-09T21:28:22Z
2026-08-09,08,56,modeled,2026-08-09T21:28:22Z
2026-08-09,09,57,modeled,2026-08-09T21:28:22Z
2026-08-09,10,32,modeled,2026-08-09T21:28:22Z
2026-08-09,11,29,modeled,2026-08-09T21:28:22Z
2026-08-09,12,44,modeled,2026-08-09T21:28:22Z
2026-08-09,13,45,modeled,2026-08-09T21:28:22Z
2026-08-09,15,27,modeled,2026-08-09T21:28:22Z
2026-08-09,16,60,modeled,2026-08-09T21:28:22Z
2026-08-09,17,23,modeled,2026-08-09T21:28:22Z
2026-08-09,18,24,modeled,2026-08-09T21:28:22Z
2026-08-09,19,26,modeled,2026-08-09T21:28:22Z
2026-08-09,20,68,modeled,2026-08-09T21:28:22Z
2026-08-09,21,34,modeled,2026-08-09T21:28:22Z
2026-08-09,22,25,modeled,2026-08-09T21:28:22Z
2026-08-09,23,58,modeled,2026-08-09T21:28:22Z
2026-08-09,24,31,modeled,2026-08-09T21:28:22Z
2026-08-09,25,55,modeled,2026-08-09T21:28:22Z
2026-08-09,26,24,modeled,2026-08-09T21:28:22Z
2026-08-09,27,24,modeled,2026-08-09T21:28:22Z
2026-08-09,28,25,modeled,2026-08-09T21:28:22Z
2026-08-09,29,25,modeled,2026-08-09T21:28:22Z
2026-08-09,30,60,modeled,2026-08-09T21:28:22Z
2026-08-09,31,67,modeled,2026-08-09T21:28:22Z
2026-08-09,32,57,modeled,2026-08-09T21:28:22Z
2026-08-09,33,57,modeled,2026-08-09T21:28:22Z
2026-08-09,34,29,modeled,2026-08-09T21:28:22Z
2026-08-09,35,59,modeled,2026-08-09T21:28:22Z
2026-08-09,36,68,modeled,2026-08-09T21:28:22Z
2026-08-09,37,89,modeled,2026-08-09T21:28:22Z
2026-08-09,38,25,modeled,2026-08-09T21:28:22Z
2026-08-09,39,32,modeled,2026-08-09T21:28:22Z
2026-08-09,40,69,modeled,2026-08-09T21:28:22Z
2026-08-09,41,59,modeled,2026-08-09T21:28:22Z
2026-08-09,42,32,modeled,2026-08-09T21:28:22Z
2026-08-09,44,54,modeled,2026-08-09T21:28:22Z
2026-08-09,45,90,modeled,2026-08-09T21:28:22Z
2026-08-09,46,67,modeled,2026-08-09T21:28:22Z
2026-08-09,47,90,modeled,2026-08-09T21:28:22Z
2026-08-09,48,39,modeled,2026-08-09T21:28:22Z
2026-08-09,49,57,modeled,2026-08-09T21:28:22Z
2026-08-09,50,59,modeled,2026-08-09T21:28:22Z
2026-08-09,51,32,modeled,2026-08-09T21:28:22Z
2026-08-09,53,60,modeled,2026-08-09T21:28:22Z
2026-08-09,54,32,modeled,2026-08-09T21:28:22Z
2026-08-09,55,24,modeled,2026-08-09T21:28:22Z
2026-08-09,56,59,modeled,2026-08-09T21:28:22Z
2026-08-10,01,44,modeled,2026-08-10T21:37:59Z
2026-08-10,02,33,modeled,2026-08-10T21:37:59Z
2026-08-10,04,57,modeled,2026-08-10T21:37:59Z
2026-08-10,05,25,modeled,2026-08-10T21:37:59Z
2026-08-10,06,67,modeled,2026-08-10T21:37:59Z
2026-08-10,08,56,modeled,2026-08-10T21:37:59Z
2026-08-10,09,57,modeled,2026-08-10T21:37:59Z
2026-08-10,10,32,modeled,2026-08-10T21:37:59Z
2026-08-10,11,29,modeled,2026-08-10T21:37:59Z
2026-08-10,12,44,modeled,2026-08-10T21:37:59Z
2026-08-10,13,45,modeled,2026-08-10T21:37:59Z
2026-08-10,15,27,modeled,2026-08-10T21:37:59Z
2026-08-10,16,60,modeled,2026-08-10T21:37:59Z
2026-08-10,17,23,modeled,2026-08-10T21:37:59Z
2026-08-10,18,24,modeled,2026-08-10T21:37:59Z
2026-08-10,19,26,modeled,2026-08-10T21:37:59Z
2026-08-10,20,68,modeled,2026-08-10T21:37:59Z
2026-08-10,21,34,modeled,2026-08-10T21:37:59Z
2026-08-10,22,25,modeled,2026-08-10T21:37:59Z
2026-08-10,23,58,modeled,2026-08-10T21:37:59Z
2026-08-10,24,31,modeled,2026-08-10T21:37:59Z
2026-08-10,25,55,modeled,2026-08-10T21:37:59Z
2026-08-10,26,24,modeled,2026-08-10T21:37:59Z
2026-08-10,27,24,modeled,2026-08-10T21:37:59Z
2026-08-10,28,25,modeled,2026-08-10T21:37:59Z
2026-08-10,29,25,modeled,2026-08-10T21:37:59Z
2026-08-10,30,60,modeled,2026-08-10T21:37:59Z
2026-08-10,31,67,modeled,2026-08-10T21:37:59Z
2026-08-10,32,57,modeled,2026-08-10T21:37:59Z
2026-08-10,33,57,modeled,2026-08-10T21:37:59Z
2026-08-10,34,29,modeled,2026-08-10T21:37:59Z
2026-08-10,35,59,modeled,2026-08-10T21:37:59Z
2026-08-10,36,68,modeled,2026-08-10T21:37:59Z
2026-08-10,37,89,modeled,2026-08-10T21:37:59Z
2026-08-10,38,25,modeled,2026-08-10T21:37:59Z
2026-08-10,39,32,modeled,2026-08-10T21:37:59Z
2026-08-10,40,69,modeled,2026-08-10T21:37:59Z
2026-08-10,41,59,modeled,2026-08-10T21:37:59Z
2026-08-10,42,32,modeled,2026-08-10T21:37:59Z
2026-08-10,44,54,modeled,2026-08-10T21:37:59Z
2026-08-10,45,90,modeled,2026-08-10T21:37:59Z
2026-08-10,46,67,modeled,2026-08-10T21:37:59Z
2026-08-10,47,90,modeled,2026-08-10T21:37:59Z
2026-08-10,48,39,modeled,2026-08-10T21:37:59Z
2026-08-10,49,57,modeled,2026-08-10T21:37:59Z
2026-08-10,50,59,modeled,2026-08-10T21:37:59Z
2026-08-10,51,32,modeled,2026-08-10T21:37:59Z
2026-08-10,53,60,modeled,2026-08-10T21:37:59Z
2026-08-10,54,32,modeled,2026-08-10T21:37:59Z
2026-08-10,55,24,modeled,2026-08-10T21:37:59Z
2026-08-10,56,59,modeled,2026-08-10T21:37:59Z
2026-08-11,01,44,modeled,2026-08-11T21:42:18Z
2026-08-11,02,33,modeled,2026-08-11T21:42:18Z
2026-08-11,04,57,modeled,2026-08-11T21:42:18Z
2026-08-11,05,25,modeled,2026-08-11T21:42:18Z
2026-08-11,06,66,modeled,2026-08-11T21:42:18Z
2026-08-11,08,56,modeled,2026-08-11T21:42:18Z
2026-08-11,09,57,modeled,2026-08-11T21:42:18Z
2026-08-11,10,32,modeled,2026-08-11T21:42:18Z
2026-08-11,11,29,modeled,2026-08-11T21:42:18Z
2026-08-11,12,44,modeled,2026-08-11T21:42:18Z
2026-08-11,13,45,modeled,2026-08-11T21:42:18Z
2026-08-11,15,26,modeled,2026-08-11T21:42:18Z
2026-08-11,16,60,modeled,2026-08-11T21:42:18Z
2026-08-11,17,23,modeled,2026-08-11T21:42:18Z
2026-08-11,18,24,modeled,2026-08-11T21:42:18Z
2026-08-11,19,25,modeled,2026-08-11T21:42:18Z
2026-08-11,20,67,modeled,2026-08-11T21:42:18Z
2026-08-11,21,34,modeled,2026-08-11T21:42:18Z
2026-08-11,22,25,modeled,2026-08-11T21:42:18Z
2026-08-11,23,58,modeled,2026-08-11T21:42:18Z
2026-08-11,24,31,modeled,2026-08-11T21:42:18Z
2026-08-11,25,55,modeled,2026-08-11T21:42:18Z
2026-08-11,26,24,modeled,2026-08-11T21:42:18Z
2026-08-11,27,24,modeled,2026-08-11T21:42:18Z
2026-08-11,28,25,modeled,2026-08-11T21:42:18Z
2026-08-11,29,25,modeled,2026-08-11T21:42:18Z
2026-08-11,30,60,modeled,2026-08-11T21:42:18Z
2026-08-11,31,67,modeled,2026-08-11T21:42:18Z
2026-08-11,32,57,modeled,2026-08-11T21:42:18Z
2026-08-11,33,56,modeled,2026-08-11T21:42:18Z
2026-08-11,34,29,modeled,2026-08-11T21:42:18Z
2026-08-11,35,59,modeled,2026-08-11T21:42:18Z
2026-08-11,36,68,modeled,2026-08-11T21:42:18Z
2026-08-11,37,89,modeled,2026-08-11T21:42:18Z
2026-08-11,38,24,modeled,2026-08-11T21:42:18Z
2026-08-11,39,32,modeled,2026-08-11T21:42:18Z
2026-08-11,40,69,modeled,2026-08-11T21:42:18Z
2026-08-11,41,59,modeled,2026-08-11T21:42:18Z
2026-08-11,42,32,modeled,2026-08-11T21:42:18Z
2026-08-11,44,53,modeled,2026-08-11T21:42:18Z
2026-08-11,45,90,modeled,2026-08-11T21:42:18Z
2026-08-11,46,66,modeled,2026-08-11T21:42:18Z
2026-08-11,47,90,modeled,2026-08-11T21:42:18Z
2026-08-11,48,39,modeled,2026-08-11T21:42:18Z
2026-08-11,49,57,modeled,2026-08-11T21:42:18Z
2026-08-11,50,59,modeled,2026-08-11T21:42:18Z
2026-08-11,51,32,modeled,2026-08-11T21:42:18Z
2026-08-11,53,60,modeled,2026-08-11T21:42:18Z
2026-08-11,54,32,modeled,2026-08-11T21:42:18Z
2026-08-11,55,24,modeled,2026-08-11T21:42:18Z
2026-08-11,56,59,modeled,2026-08-11T21:42:18Z
2026-08-12,01,44,modeled,2026-08-12T21:41:41Z
2026-08-12,02,33,modeled,2026-08-12T21:41:41Z
2026-08-12,04,57,modeled,2026-08-12T21:41:41Z
2026-08-12,05,25,modeled,2026-08-12T21:41:41Z
2026-08-12,06,66,modeled,2026-08-12T21:41:41Z
2026-08-12,08,56,modeled,2026-08-12T21:41:41Z
2026-08-12,09,57,modeled,2026-08-12T21:41:41Z
2026-08-12,10,32,modeled,2026-08-12T21:41:41Z
2026-08-12,11,29,modeled,2026-08-12T21:41:41Z
2026-08-12,12,44,modeled,2026-08-12T21:41:41Z
2026-08-12,13,45,modeled,2026-08-12T21:41:41Z
2026-08-12,15,26,modeled,2026-08-12T21:41:41Z
2026-08-12,16,60,modeled,2026-08-12T21:41:41Z
2026-08-12,17,23,modeled,2026-08-12T21:41:41Z
2026-08-12,18,24,modeled,2026-08-12T21:41:41Z
2026-08-12,19,25,modeled,2026-08-12T21:41:41Z
2026-08-12,20,67,modeled,2026-08-12T21:41:41Z
2026-08-12,21,34,modeled,2026-08-12T21:41:41Z
2026-08-12,22,25,modeled,2026-08-12T21:41:41Z
2026-08-12,23,58,modeled,2026-08-12T21:41:41Z
2026-08-12,24,31,modeled,2026-08-12T21:41:41Z
2026-08-12,25,55,modeled,2026-08-12T21:41:41Z
2026-08-12,26,24,modeled,2026-08-12T21:41:41Z
2026-08-12,27,24,modeled,2026-08-12T21:41:41Z
2026-08-12,28,25,modeled,2026-08-12T21:41:41Z
2026-08-12,29,25,modeled,2026-08-12T21:41:41Z
2026-08-12,30,60,modeled,2026-08-12T21:41:41Z
2026-08-12,31,67,modeled,2026-08-12T21:41:41Z
2026-08-12,32,57,modeled,2026-08-12T21:41:41Z
2026-08-12,33,56,modeled,2026-08-12T21:41:41Z
2026-08-12,34,29,modeled,2026-08-12T21:41:41Z
2026-08-12,35,59,modeled,2026-08-12T21:41:41Z
2026-08-12,36,68,modeled,2026-08-12T21:41:41Z
2026-08-12,37,89,modeled,2026-08-12T21:41:41Z
2026-08-12,38,24,modeled,2026-08-12T21:41:41Z
2026-08-12,39,32,modeled,2026-08-12T21:41:41Z
2026-08-12,40,69,modeled,2026-08-12T21:41:41Z
2026-08-12,41,59,modeled,2026-08-12T21:41:41Z
2026-08-12,42,32,modeled,2026-08-12T21:41:41Z
2026-08-12,44,53,modeled,2026-08-12T21:41:41Z
2026-08-12,45,90,modeled,2026-08-12T21:41:41Z
2026-08-12,46,66,modeled,2026-08-12T21:41:41Z
2026-08-12,47,90,modeled,2026-08-12T21:41:41Z
2026-08-12,48,39,modeled,2026-08-12T21:41:41Z
2026-08-12,49,57,modeled,2026-08-12T21:41:41Z
2026-08-12,50,59,modeled,2026-08-12T21:41:41Z
2026-08-12,51,32,modeled,2026-08-12T21:41:41Z
2026-08-12,53,60,modeled,2026-08-12T21:41:41Z
2026-08-12,54,32,modeled,2026-08-12T21:41:41Z
2026-08-12,55,24,modeled,2026-08-12T21:41:41Z
2026-08-12,56,59,modeled,2026-08-12T21:41:41Z
2026-08-13,01,44,modeled,2026-08-13T21:41:32Z
2026-08-13,02,33,modeled,2026-08-13T21:41:32Z
2026-08-13,04,57,modeled,2026-08-13T21:41:32Z
2026-08-13,05,25,modeled,2026-08-13T21:41:32Z
2026-08-13,06,66,modeled,2026-08-13T21:41:32Z
2026-08-13,08,56,modeled,2026-08-13T21:41:32Z
2026-08-13,09,57,modeled,2026-08-13T21:41:32Z
2026-08-13,10,32,modeled,2026-08-13T21:41:32Z
2026-08-13,11,29,modeled,2026-08-13T21:41:32Z
2026-08-13,12,44,modeled,2026-08-13T21:41:32Z
2026-08-13,13,45,modeled,2026-08-13T21:41:32Z
2026-08-13,15,26,modeled,2026-08-13T21:41:32Z
2026-08-13,16,60,modeled,2026-08-13T21:41:32Z
2026-08-13,17,23,modeled,2026-08-13T21:41:32Z
2026-08-13,18,24,modeled,2026-08-13T21:41:32Z
2026-08-13,19,25,modeled,2026-08-13T21:41:32Z
2026-08-13,20,67,modeled,2026-08-13T21:41:32Z
2026-08-13,21,34,modeled,2026-08-13T21:41:32Z
2026-08-13,22,25,modeled,2026-08-13T21:41:32Z
2026-08-13,23,58,modeled,2026-08-13T21:41:32Z
2026-08-13,24,31,modeled,2026-08-13T21:41:32Z
2026-08-13,25,55,modeled,2026-08-13T21:41:32Z
2026-08-13,26,24,modeled,2026-08-13T21:41:32Z
2026-08-13,27,24,modeled,2026-08-13T21:41:32Z
2026-08-13,28,25,modeled,2026-08-13T21:41:32Z
2026-08-13,29,25,modeled,2026-08-13T21:41:32Z
2026-08-13,30,60,modeled,2026-08-13T21:41:32Z
2026-08-13,31,67,modeled,2026-08-13T21:41:32Z
2026-08-13,32,57,modeled,2026-08-13T21:41:32Z
2026-08-13,33,56,modeled,2026-08-13T21:41:32Z
2026-08-13,34,29,modeled,2026-08-13T21:41:32Z
2026-08-13,35,59,modeled,2026-08-13T21:41:32Z
2026-08-13,36,68,modeled,2026-08-13T21:41:32Z
2026-08-13,37,89,modeled,2026-08-13T21:41:32Z
2026-08-13,38,24,modeled,2026-08-13T21:41:32Z
2026-08-13,39,32,modeled,2026-08-13T21:41:32Z
2026-08-13,40,69,modeled,2026-08-13T21:41:32Z
2026-08-13,41,59,modeled,2026-08-13T21:41:32Z
2026-08-13,42,32,modeled,2026-08-13T21:41:32Z
2026-08-13,44,53,modeled,2026-08-13T21:41:32Z
2026-08-13,45,90,modeled,2026-08-13T21:41:32Z
2026-08-13,46,66,modeled,2026-08-13T21:41:32Z
2026-08-13,47,90,modeled,2026-08-13T21:41:32Z
2026-08-13,48,39,modeled,2026-08-13T21:41:32Z
2026-08-13,49,57,modeled,2026-08-13T21:41:32Z
2026-08-13,50,59,modeled,2026-08-13T21:41:32Z
2026-08-13,51,32,modeled,2026-08-13T21:41:32Z
2026-08-13,53,60,modeled,2026-08-13T21:41:32Z
2026-08-13,54,32,modeled,2026-08-13T21:41:32Z
2026-08-13,55,24,modeled,2026-08-13T21:41:32Z
2026-08-13,56,59,modeled,2026-08-13T21:41:32Z
2026-08-14,01,44,modeled,2026-08-14T21:23:40Z
2026-08-14,02,33,modeled,2026-08-14T21:23:40Z
2026-08-14,04,57,modeled,2026-08-14T21:23:40Z
2026-08-14,05,25,modeled,2026-08-14T21:23:40Z
2026-08-14,06,66,modeled,2026-08-14T21:23:40Z
2026-08-14,08,56,modeled,2026-08-14T21:23:40Z
2026-08-14,09,57,modeled,2026-08-14T21:23:40Z
2026-08-14,10,32,modeled,2026-08-14T21:23:40Z
2026-08-14,11,29,modeled,2026-08-14T21:23:40Z
2026-08-14,12,44,modeled,2026-08-14T21:23:40Z
2026-08-14,13,45,modeled,2026-08-14T21:23:40Z
2026-08-14,15,26,modeled,2026-08-14T21:23:40Z
2026-08-14,16,60,modeled,2026-08-14T21:23:40Z
2026-08-14,17,23,modeled,2026-08-14T21:23:40Z
2026-08-14,18,24,modeled,2026-08-14T21:23:40Z
2026-08-14,19,25,modeled,2026-08-14T21:23:40Z
2026-08-14,20,67,modeled,2026-08-14T21:23:40Z
2026-08-14,21,34,modeled,2026-08-14T21:23:40Z
2026-08-14,22,25,modeled,2026-08-14T21:23:40Z
2026-08-14,23,58,modeled,2026-08-14T21:23:40Z
2026-08-14,24,31,modeled,2026-08-14T21:23:40Z
2026-08-14,25,55,modeled,2026-08-14T21:23:40Z
2026-08-14,26,24,modeled,2026-08-14T21:23:40Z
2026-08-14,27,24,modeled,2026-08-14T21:23:40Z
2026-08-14,28,25,modeled,2026-08-14T21:23:40Z
2026-08-14,29,25,modeled,2026-08-14T21:23:40Z
2026-08-14,30,60,modeled,2026-08-14T21:23:40Z
2026-08-14,31,67,modeled,2026-08-14T21:23:40Z
2026-08-14,32,57,modeled,2026-08-14T21:23:40Z
2026-08-14,33,56,modeled,2026-08-14T21:23:40Z
2026-08-14,34,29,modeled,2026-08-14T21:23:40Z
2026-08-14,35,59,modeled,2026-08-14T21:23:40Z
2026-08-14,36,68,modeled,2026-08-14T21:23:40Z
2026-08-14,37,89,modeled,2026-08-14T21:23:40Z
2026-08-14,38,24,modeled,2026-08-14T21:23:40Z
2026-08-14,39,32,modeled,2026-08-14T21:23:40Z
2026-08-14,40,69,modeled,2026-08-14T21:23:40Z
2026-08-14,41,59,modeled,2026-08-14T21:23:40Z
2026-08-14,42,32,modeled,2026-08-14T21:23:40Z
2026-08-14,44,53,modeled,2026-08-14T21:23:40Z
2026-08-14,45,90,modeled,2026-08-14T21:23:40Z
2026-08-14,46,66,modeled,2026-08-14T21:23:40Z
2026-08-14,47,90,modeled,2026-08-14T21:23:40Z
2026-08-14,48,40,modeled,2026-08-14T21:23:40Z
2026-08-14,49,57,modeled,2026-08-14T21:23:40Z
2026-08-14,50,59,modeled,2026-08-14T21:23:40Z
2026-08-14,51,32,modeled,2026-08-14T21:23:40Z
2026-08-14,53,60,modeled,2026-08-14T21:23:40Z
2026-08-14,54,32,modeled,2026-08-14T21:23:40Z
2026-08-14,55,24,modeled,2026-08-14T21:23:40Z
2026-08-14,56,59,modeled,2026-08-14T21:23:40Z
2026-08-15,01,44,modeled,2026-08-15T21:20:52Z
2026-08-15,02,33,modeled,2026-08-15T21:20:52Z
2026-08-15,04,57,modeled,2026-08-15T21:20:52Z
2026-08-15,05,25,modeled,2026-08-15T21:20:52Z
2026-08-15,06,66,modeled,2026-08-15T21:20:52Z
2026-08-15,08,56,modeled,2026-08-15T21:20:52Z
2026-08-15,09,57,modeled,2026-08-15T21:20:52Z
2026-08-15,10,32,modeled,2026-08-15T21:20:52Z
2026-08-15,11,29,modeled,2026-08-15T21:20:52Z
2026-08-15,12,44,modeled,2026-08-15T21:20:52Z
2026-08-15,13,45,modeled,2026-08-15T21:20:52Z
2026-08-15,15,26,modeled,2026-08-15T21:20:52Z
2026-08-15,16,60,modeled,2026-08-15T21:20:52Z
2026-08-15,17,23,modeled,2026-08-15T21:20:52Z
2026-08-15,18,24,modeled,2026-08-15T21:20:52Z
2026-08-15,19,25,modeled,2026-08-15T21:20:52Z
2026-08-15,20,67,modeled,2026-08-15T21:20:52Z
2026-08-15,21,34,modeled,2026-08-15T21:20:52Z
2026-08-15,22,25,modeled,2026-08-15T21:20:52Z
2026-08-15,23,58,modeled,2026-08-15T21:20:52Z
2026-08-15,24,31,modeled,2026-08-15T21:20:52Z
2026-08-15,25,55,modeled,2026-08-15T21:20:52Z
2026-08-15,26,24,modeled,2026-08-15T21:20:52Z
2026-08-15,27,24,modeled,2026-08-15T21:20:52Z
2026-08-15,28,25,modeled,2026-08-15T21:20:52Z
2026-08-15,29,25,modeled,2026-08-15T21:20:52Z
2026-08-15,30,60,modeled,2026-08-15T21:20:52Z
2026-08-15,31,67,modeled,2026-08-15T21:20:52Z
2026-08-15,32,57,modeled,2026-08-15T21:20:52Z
2026-08-15,33,56,modeled,2026-08-15T21:20:52Z
2026-08-15,34,29,modeled,2026-08-15T21:20:52Z
2026-08-15,35,59,modeled,2026-08-15T21:20:52Z
2026-08-15,36,68,modeled,2026-08-15T21:20:52Z
2026-08-15,37,89,modeled,2026-08-15T21:20:52Z
2026-08-15,38,24,modeled,2026-08-15T21:20:52Z
2026-08-15,39,32,modeled,2026-08-15T21:20:52Z
2026-08-15,40,69,modeled,2026-08-15T21:20:52Z
2026-08-15,41,59,modeled,2026-08-15T21:20:52Z
2026-08-15,42,32,modeled,2026-08-15T21:20:52Z
2026-08-15,44,53,modeled,2026-08-15T21:20:52Z
2026-08-15,45,90,modeled,2026-08-15T21:20:52Z
2026-08-15,46,66,modeled,2026-08-15T21:20:52Z
2026-08-15,47,90,modeled,2026-08-15T21:20:52Z
2026-08-15,48,40,modeled,2026-08-15T21:20:52Z
2026-08-15,49,57,modeled,2026-08-15T21:20:52Z
2026-08-15,50,59,modeled,2026-08-15T21:20:52Z
2026-08-15,51,32,modeled,2026-08-15T21:20:52Z
2026-08-15,53,60,modeled,2026-08-15T21:20:52Z
2026-08-15,54,32,modeled,2026-08-15T21:20:52Z
2026-08-15,55,24,modeled,2026-08-15T21:20:52Z
2026-08-15,56,59,modeled,2026-08-15T21:20:52Z
2026-08-16,01,44,modeled,2026-08-16T21:18:13Z
2026-08-16,02,33,modeled,2026-08-16T21:18:13Z
2026-08-16,04,57,modeled,2026-08-16T21:18:13Z
2026-08-16,05,25,modeled,2026-08-16T21:18:13Z
2026-08-16,06,66,modeled,2026-08-16T21:18:13Z
2026-08-16,08,56,modeled,2026-08-16T21:18:13Z
2026-08-16,09,57,modeled,2026-08-16T21:18:13Z
2026-08-16,10,32,modeled,2026-08-16T21:18:13Z
2026-08-16,11,29,modeled,2026-08-16T21:18:13Z
2026-08-16,12,44,modeled,2026-08-16T21:18:13Z
2026-08-16,13,45,modeled,2026-08-16T21:18:13Z
2026-08-16,15,26,modeled,2026-08-16T21:18:13Z
2026-08-16,16,60,modeled,2026-08-16T21:18:13Z
2026-08-16,17,23,modeled,2026-08-16T21:18:13Z
2026-08-16,18,24,modeled,2026-08-16T21:18:13Z
2026-08-16,19,25,modeled,2026-08-16T21:18:13Z
2026-08-16,20,67,modeled,2026-08-16T21:18:13Z
2026-08-16,21,34,modeled,2026-08-16T21:18:13Z
2026-08-16,22,25,modeled,2026-08-16T21:18:13Z
2026-08-16,23,58,modeled,2026-08-16T21:18:13Z
2026-08-16,24,31,modeled,2026-08-16T21:18:13Z
2026-08-16,25,55,modeled,2026-08-16T21:18:13Z
2026-08-16,26,24,modeled,2026-08-16T21:18:13Z
2026-08-16,27,24,modeled,2026-08-16T21:18:13Z
2026-08-16,28,25,modeled,2026-08-16T21:18:13Z
2026-08-16,29,25,modeled,2026-08-16T21:18:13Z
2026-08-16,30,60,modeled,2026-08-16T21:18:13Z
2026-08-16,31,67,modeled,2026-08-16T21:18:13Z
2026-08-16,32,57,modeled,2026-08-16T21:18:13Z
2026-08-16,33,56,modeled,2026-08-16T21:18:13Z
2026-08-16,34,29,modeled,2026-08-16T21:18:13Z
2026-08-16,35,59,modeled,2026-08-16T21:18:13Z
2026-08-16,36,68,modeled,2026-08-16T21:18:13Z
2026-08-16,37,89,modeled,2026-08-16T21:18:13Z
2026-08-16,38,24,modeled,2026-08-16T21:18:13Z
2026-08-16,39,32,modeled,2026-08-16T21:18:13Z
2026-08-16,40,69,modeled,2026-08-16T21:18:13Z
2026-08-16,41,59,modeled,2026-08-16T21:18:13Z
2026-08-16,42,32,modeled,2026-08-16T21:18:13Z
2026-08-16,44,53,modeled,2026-08-16T21:18:13Z
2026-08-16,45,90,modeled,2026-08-16T21:18:13Z
2026-08-16,46,66,modeled,2026-08-16T21:18:13Z
2026-08-16,47,90,modeled,2026-08-16T21:18:13Z
2026-08-16,48,40,modeled,2026-08-16T21:18:13Z
2026-08-16,49,57,modeled,2026-08-16T21:18:13Z
2026-08-16,50,59,modeled,2026-08-16T21:18:13Z
2026-08-16,51,32,modeled,2026-08-16T21:18:13Z
2026-08-16,53,60,modeled,2026-08-16T21:18:13Z
2026-08-16,54,32,modeled,2026-08-16T21:18:13Z
2026-08-16,55,24,modeled,2026-08-16T21:18:13Z
2026-08-16,56,59,modeled,2026-08-16T21:18:13Z
2026-08-17,01,44,modeled,2026-08-17T21:25:52Z
2026-08-17,02,35,modeled,2026-08-17T21:25:52Z
2026-08-17,04,60,modeled,2026-08-17T21:25:52Z
2026-08-17,05,28,modeled,2026-08-17T21:25:52Z
2026-08-17,06,69,modeled,2026-08-17T21:25:52Z
2026-08-17,08,59,modeled,2026-08-17T21:25:52Z
2026-08-17,09,59,modeled,2026-08-17T21:25:52Z
2026-08-17,10,34,modeled,2026-08-17T21:25:52Z
2026-08-17,11,32,modeled,2026-08-17T21:25:52Z
2026-08-17,12,44,modeled,2026-08-17T21:25:52Z
2026-08-17,13,45,modeled,2026-08-17T21:25:52Z
2026-08-17,15,29,modeled,2026-08-17T21:25:52Z
2026-08-17,16,63,modeled,2026-08-17T21:25:52Z
2026-08-17,17,26,modeled,2026-08-17T21:25:52Z
2026-08-17,18,27,modeled,2026-08-17T21:25:52Z
2026-08-17,19,28,modeled,2026-08-17T21:25:52Z
2026-08-17,20,70,modeled,2026-08-17T21:25:52Z
2026-08-17,21,36,modeled,2026-08-17T21:25:52Z
2026-08-17,22,28,modeled,2026-08-17T21:25:52Z
2026-08-17,23,61,modeled,2026-08-17T21:25:52Z
2026-08-17,24,34,modeled,2026-08-17T21:25:52Z
2026-08-17,25,57,modeled,2026-08-17T21:25:52Z
2026-08-17,26,27,modeled,2026-08-17T21:25:52Z
2026-08-17,27,26,modeled,2026-08-17T21:25:52Z
2026-08-17,28,28,modeled,2026-08-17T21:25:52Z
2026-08-17,29,27,modeled,2026-08-17T21:25:52Z
2026-08-17,30,63,modeled,2026-08-17T21:25:52Z
2026-08-17,31,69,modeled,2026-08-17T21:25:52Z
2026-08-17,32,60,modeled,2026-08-17T21:25:52Z
2026-08-17,33,59,modeled,2026-08-17T21:25:52Z
2026-08-17,34,32,modeled,2026-08-17T21:25:52Z
2026-08-17,35,62,modeled,2026-08-17T21:25:52Z
2026-08-17,36,70,modeled,2026-08-17T21:25:52Z
2026-08-17,37,89,modeled,2026-08-17T21:25:52Z
2026-08-17,38,27,modeled,2026-08-17T21:25:52Z
2026-08-17,39,35,modeled,2026-08-17T21:25:52Z
2026-08-17,40,71,modeled,2026-08-17T21:25:52Z
2026-08-17,41,62,modeled,2026-08-17T21:25:52Z
2026-08-17,42,35,modeled,2026-08-17T21:25:52Z
2026-08-17,44,56,modeled,2026-08-17T21:25:52Z
2026-08-17,45,90,modeled,2026-08-17T21:25:52Z
2026-08-17,46,69,modeled,2026-08-17T21:25:52Z
2026-08-17,47,90,modeled,2026-08-17T21:25:52Z
2026-08-17,48,42,modeled,2026-08-17T21:25:52Z
2026-08-17,49,59,modeled,2026-08-17T21:25:52Z
2026-08-17,50,62,modeled,2026-08-17T21:25:52Z
2026-08-17,51,34,modeled,2026-08-17T21:25:52Z
2026-08-17,53,63,modeled,2026-08-17T21:25:52Z
2026-08-17,54,35,modeled,2026-08-17T21:25:52Z
2026-08-17,55,27,modeled,2026-08-17T21:25:52Z
2026-08-17,56,62,modeled,2026-08-17T21:25:52Z
2026-08-18,01,44,modeled,2026-08-18T21:23:34Z
2026-08-18,02,33,modeled,2026-08-18T21:23:34Z
2026-08-18,04,57,modeled,2026-08-18T21:23:34Z
2026-08-18,05,27,modeled,2026-08-18T21:23:34Z
2026-08-18,06,68,modeled,2026-08-18T21:23:34Z
2026-08-18,08,56,modeled,2026-08-18T21:23:34Z
2026-08-18,09,57,modeled,2026-08-18T21:23:34Z
2026-08-18,10,32,modeled,2026-08-18T21:23:34Z
2026-08-18,11,29,modeled,2026-08-18T21:23:34Z
2026-08-18,12,44,modeled,2026-08-18T21:23:34Z
2026-08-18,13,45,modeled,2026-08-18T21:23:34Z
2026-08-18,15,27,modeled,2026-08-18T21:23:34Z
2026-08-18,16,60,modeled,2026-08-18T21:23:34Z
2026-08-18,17,25,modeled,2026-08-18T21:23:34Z
2026-08-18,18,26,modeled,2026-08-18T21:23:34Z
2026-08-18,19,27,modeled,2026-08-18T21:23:34Z
2026-08-18,20,69,modeled,2026-08-18T21:23:34Z
2026-08-18,21,34,modeled,2026-08-18T21:23:34Z
2026-08-18,22,27,modeled,2026-08-18T21:23:34Z
2026-08-18,23,58,modeled,2026-08-18T21:23:34Z
2026-08-18,24,31,modeled,2026-08-18T21:23:34Z
2026-08-18,25,55,modeled,2026-08-18T21:23:34Z
2026-08-18,26,26,modeled,2026-08-18T21:23:34Z
2026-08-18,27,25,modeled,2026-08-18T21:23:34Z
2026-08-18,28,27,modeled,2026-08-18T21:23:34Z
2026-08-18,29,26,modeled,2026-08-18T21:23:34Z
2026-08-18,30,60,modeled,2026-08-18T21:23:34Z
2026-08-18,31,69,modeled,2026-08-18T21:23:34Z
2026-08-18,32,57,modeled,2026-08-18T21:23:34Z
2026-08-18,33,57,modeled,2026-08-18T21:23:34Z
2026-08-18,34,29,modeled,2026-08-18T21:23:34Z
2026-08-18,35,59,modeled,2026-08-18T21:23:34Z
2026-08-18,36,68,modeled,2026-08-18T21:23:34Z
2026-08-18,37,89,modeled,2026-08-18T21:23:34Z
2026-08-18,38,26,modeled,2026-08-18T21:23:34Z
2026-08-18,39,32,modeled,2026-08-18T21:23:34Z
2026-08-18,40,71,modeled,2026-08-18T21:23:34Z
2026-08-18,41,59,modeled,2026-08-18T21:23:34Z
2026-08-18,42,32,modeled,2026-08-18T21:23:34Z
2026-08-18,44,54,modeled,2026-08-18T21:23:34Z
2026-08-18,45,90,modeled,2026-08-18T21:23:34Z
2026-08-18,46,68,modeled,2026-08-18T21:23:34Z
2026-08-18,47,90,modeled,2026-08-18T21:23:34Z
2026-08-18,48,39,modeled,2026-08-18T21:23:34Z
2026-08-18,49,57,modeled,2026-08-18T21:23:34Z
2026-08-18,50,59,modeled,2026-08-18T21:23:34Z
2026-08-18,51,32,modeled,2026-08-18T21:23:34Z
2026-08-18,53,60,modeled,2026-08-18T21:23:34Z
2026-08-18,54,32,modeled,2026-08-18T21:23:34Z
2026-08-18,55,26,modeled,2026-08-18T21:23:34Z
2026-08-18,56,59,modeled,2026-08-18T21:23:34Z
2026-08-19,01,44,modeled,2026-08-19T21:24:43Z
2026-08-19,02,33,modeled,2026-08-19T21:24:43Z
2026-08-19,04,57,modeled,2026-08-19T21:24:43Z
2026-08-19,05,29,modeled,2026-08-19T21:24:43Z
2026-08-19,06,68,modeled,2026-08-19T21:24:43Z
2026-08-19,08,56,modeled,2026-08-19T21:24:43Z
2026-08-19,09,57,modeled,2026-08-19T21:24:43Z
2026-08-19,10,32,modeled,2026-08-19T21:24:43Z
2026-08-19,11,29,modeled,2026-08-19T21:24:43Z
2026-08-19,12,44,modeled,2026-08-19T21:24:43Z
2026-08-19,13,45,modeled,2026-08-19T21:24:43Z
2026-08-19,15,27,modeled,2026-08-19T21:24:43Z
2026-08-19,16,60,modeled,2026-08-19T21:24:43Z
2026-08-19,17,27,modeled,2026-08-19T21:24:43Z
2026-08-19,18,27,modeled,2026-08-19T21:24:43Z
2026-08-19,19,29,modeled,2026-08-19T21:24:43Z
2026-08-19,20,70,modeled,2026-08-19T21:24:43Z
2026-08-19,21,34,modeled,2026-08-19T21:24:43Z
2026-08-19,22,29,modeled,2026-08-19T21:24:43Z
2026-08-19,23,58,modeled,2026-08-19T21:24:43Z
2026-08-19,24,31,modeled,2026-08-19T21:24:43Z
2026-08-19,25,55,modeled,2026-08-19T21:24:43Z
2026-08-19,26,27,modeled,2026-08-19T21:24:43Z
2026-08-19,27,27,modeled,2026-08-19T21:24:43Z
2026-08-19,28,28,modeled,2026-08-19T21:24:43Z
2026-08-19,29,28,modeled,2026-08-19T21:24:43Z
2026-08-19,30,60,modeled,2026-08-19T21:24:43Z
2026-08-19,31,69,modeled,2026-08-19T21:24:43Z
2026-08-19,32,57,modeled,2026-08-19T21:24:43Z
2026-08-19,33,57,modeled,2026-08-19T21:24:43Z
2026-08-19,34,29,modeled,2026-08-19T21:24:43Z
2026-08-19,35,59,modeled,2026-08-19T21:24:43Z
2026-08-19,36,68,modeled,2026-08-19T21:24:43Z
2026-08-19,37,89,modeled,2026-08-19T21:24:43Z
2026-08-19,38,28,modeled,2026-08-19T21:24:43Z
2026-08-19,39,32,modeled,2026-08-19T21:24:43Z
2026-08-19,40,71,modeled,2026-08-19T21:24:43Z
2026-08-19,41,59,modeled,2026-08-19T21:24:43Z
2026-08-19,42,32,modeled,2026-08-19T21:24:43Z
2026-08-19,44,54,modeled,2026-08-19T21:24:43Z
2026-08-19,45,90,modeled,2026-08-19T21:24:43Z
2026-08-19,46,69,modeled,2026-08-19T21:24:43Z
2026-08-19,47,90,modeled,2026-08-19T21:24:43Z
2026-08-19,48,39,modeled,2026-08-19T21:24:43Z
2026-08-19,49,57,modeled,2026-08-19T21:24:43Z
2026-08-19,50,59,modeled,2026-08-19T21:24:43Z
2026-08-19,51,32,modeled,2026-08-19T21:24:43Z
2026-08-19,53,60,modeled,2026-08-19T21:24:43Z
2026-08-19,54,32,modeled,2026-08-19T21:24:43Z
2026-08-19,55,27,modeled,2026-08-19T21:24:43Z
2026-08-19,56,59,modeled,2026-08-19T21:24:43Z
2026-08-20,01,44,modeled,2026-08-20T21:24:24Z
2026-08-20,02,33,modeled,2026-08-20T21:24:24Z
2026-08-20,04,58,modeled,2026-08-20T21:24:24Z
2026-08-20,05,29,modeled,2026-08-20T21:24:24Z
2026-08-20,06,69,modeled,2026-08-20T21:24:24Z
2026-08-20,08,57,modeled,2026-08-20T21:24:24Z
2026-08-20,09,57,modeled,2026-08-20T21:24:24Z
2026-08-20,10,32,modeled,2026-08-20T21:24:24Z
2026-08-20,11,30,modeled,2026-08-20T21:24:24Z
2026-08-20,12,44,modeled,2026-08-20T21:24:24Z
2026-08-20,13,45,modeled,2026-08-20T21:24:24Z
2026-08-20,15,27,modeled,2026-08-20T21:24:24Z
2026-08-20,16,61,modeled,2026-08-20T21:24:24Z
2026-08-20,17,27,modeled,2026-08-20T21:24:24Z
2026-08-20,18,28,modeled,2026-08-20T21:24:24Z
2026-08-20,19,29,modeled,2026-08-20T21:24:24Z
2026-08-20,20,70,modeled,2026-08-20T21:24:24Z
2026-08-20,21,34,modeled,2026-08-20T21:24:24Z
2026-08-20,22,29,modeled,2026-08-20T21:24:24Z
2026-08-20,23,59,modeled,2026-08-20T21:24:24Z
2026-08-20,24,32,modeled,2026-08-20T21:24:24Z
2026-08-20,25,56,modeled,2026-08-20T21:24:24Z
2026-08-20,26,28,modeled,2026-08-20T21:24:24Z
2026-08-20,27,28,modeled,2026-08-20T21:24:24Z
2026-08-20,28,29,modeled,2026-08-20T21:24:24Z
2026-08-20,29,29,modeled,2026-08-20T21:24:24Z
2026-08-20,30,61,modeled,2026-08-20T21:24:24Z
2026-08-20,31,70,modeled,2026-08-20T21:24:24Z
2026-08-20,32,58,modeled,2026-08-20T21:24:24Z
2026-08-20,33,57,modeled,2026-08-20T21:24:24Z
2026-08-20,34,30,modeled,2026-08-20T21:24:24Z
2026-08-20,35,60,modeled,2026-08-20T21:24:24Z
2026-08-20,36,69,modeled,2026-08-20T21:24:24Z
2026-08-20,37,89,modeled,2026-08-20T21:24:24Z
2026-08-20,38,28,modeled,2026-08-20T21:24:24Z
2026-08-20,39,33,modeled,2026-08-20T21:24:24Z
2026-08-20,40,72,modeled,2026-08-20T21:24:24Z
2026-08-20,41,60,modeled,2026-08-20T21:24:24Z
2026-08-20,42,32,modeled,2026-08-20T21:24:24Z
2026-08-20,44,54,modeled,2026-08-20T21:24:24Z
2026-08-20,45,90,modeled,2026-08-20T21:24:24Z
2026-08-20,46,69,modeled,2026-08-20T21:24:24Z
2026-08-20,47,90,modeled,2026-08-20T21:24:24Z
2026-08-20,48,40,modeled,2026-08-20T21:24:24Z
2026-08-20,49,58,modeled,2026-08-20T21:24:24Z
2026-08-20,50,60,modeled,2026-08-20T21:24:24Z
2026-08-20,51,32,modeled,2026-08-20T21:24:24Z
2026-08-20,53,61,modeled,2026-08-20T21:24:24Z
2026-08-20,54,33,modeled,2026-08-20T21:24:24Z
2026-08-20,55,28,modeled,2026-08-20T21:24:24Z
2026-08-20,56,60,modeled,2026-08-20T21:24:24Z
2026-08-21,01,44,modeled,2026-08-21T21:20:31Z
2026-08-21,02,33,modeled,2026-08-21T21:20:31Z
2026-08-21,04,57,modeled,2026-08-21T21:20:31Z
2026-08-21,05,29,modeled,2026-08-21T21:20:31Z
2026-08-21,06,68,modeled,2026-08-21T21:20:31Z
2026-08-21,08,56,modeled,2026-08-21T21:20:31Z
2026-08-21,09,57,modeled,2026-08-21T21:20:31Z
2026-08-21,10,32,modeled,2026-08-21T21:20:31Z
2026-08-21,11,29,modeled,2026-08-21T21:20:31Z
2026-08-21,12,44,modeled,2026-08-21T21:20:31Z
2026-08-21,13,45,modeled,2026-08-21T21:20:31Z
2026-08-21,15,27,modeled,2026-08-21T21:20:31Z
2026-08-21,16,60,modeled,2026-08-21T21:20:31Z
2026-08-21,17,27,modeled,2026-08-21T21:20:31Z
2026-08-21,18,27,modeled,2026-08-21T21:20:31Z
2026-08-21,19,29,modeled,2026-08-21T21:20:31Z
2026-08-21,20,70,modeled,2026-08-21T21:20:31Z
2026-08-21,21,34,modeled,2026-08-21T21:20:31Z
2026-08-21,22,29,modeled,2026-08-21T21:20:31Z
2026-08-21,23,58,modeled,2026-08-21T21:20:31Z
2026-08-21,24,31,modeled,2026-08-21T21:20:31Z
2026-08-21,25,55,modeled,2026-08-21T21:20:31Z
2026-08-21,26,27,modeled,2026-08-21T21:20:31Z
2026-08-21,27,27,modeled,2026-08-21T21:20:31Z
2026-08-21,28,28,modeled,2026-08-21T21:20:31Z
2026-08-21,29,28,modeled,2026-08-21T21:20:31Z
2026-08-21,30,61,modeled,2026-08-21T21:20:31Z
2026-08-21,31,70,modeled,2026-08-21T21:20:31Z
2026-08-21,32,57,modeled,2026-08-21T21:20:31Z
2026-08-21,33,57,modeled,2026-08-21T21:20:31Z
2026-08-21,34,29,modeled,2026-08-21T21:20:31Z
2026-08-21,35,59,modeled,2026-08-21T21:20:31Z
2026-08-21,36,69,modeled,2026-08-21T21:20:31Z
2026-08-21,37,89,modeled,2026-08-21T21:20:31Z
2026-08-21,38,28,modeled,2026-08-21T21:20:31Z
2026-08-21,39,32,modeled,2026-08-21T21:20:31Z
2026-08-21,40,71,modeled,2026-08-21T21:20:31Z
2026-08-21,41,60,modeled,2026-08-21T21:20:31Z
2026-08-21,42,32,modeled,2026-08-21T21:20:31Z
2026-08-21,44,54,modeled,2026-08-21T21:20:31Z
2026-08-21,45,90,modeled,2026-08-21T21:20:31Z
2026-08-21,46,69,modeled,2026-08-21T21:20:31Z
2026-08-21,47,90,modeled,2026-08-21T21:20:31Z
2026-08-21,48,39,modeled,2026-08-21T21:20:31Z
2026-08-21,49,57,modeled,2026-08-21T21:20:31Z
2026-08-21,50,59,modeled,2026-08-21T21:20:31Z
2026-08-21,51,32,modeled,2026-08-21T21:20:31Z
2026-08-21,53,60,modeled,2026-08-21T21:20:31Z
2026-08-21,54,32,modeled,2026-08-21T21:20:31Z
2026-08-21,55,28,modeled,2026-08-21T21:20:31Z
2026-08-21,56,59,modeled,2026-08-21T21:20:31Z
2026-08-22,01,44,modeled,2026-08-22T21:18:30Z
2026-08-22,02,33,modeled,2026-08-22T21:18:30Z
2026-08-22,04,58,modeled,2026-08-22T21:18:30Z
2026-08-22,05,29,modeled,2026-08-22T21:18:30Z
2026-08-22,06,69,modeled,2026-08-22T21:18:30Z
2026-08-22,08,56,modeled,2026-08-22T21:18:30Z
2026-08-22,09,57,modeled,2026-08-22T21:18:30Z
2026-08-22,10,32,modeled,2026-08-22T21:18:30Z
2026-08-22,11,30,modeled,2026-08-22T21:18:30Z
2026-08-22,12,44,modeled,2026-08-22T21:18:30Z
2026-08-22,13,45,modeled,2026-08-22T21:18:30Z
2026-08-22,15,27,modeled,2026-08-22T21:18:30Z
2026-08-22,16,61,modeled,2026-08-22T21:18:30Z
2026-08-22,17,27,modeled,2026-08-22T21:18:30Z
2026-08-22,18,28,modeled,2026-08-22T21:18:30Z
2026-08-22,19,29,modeled,2026-08-22T21:18:30Z
2026-08-22,20,70,modeled,2026-08-22T21:18:30Z
2026-08-22,21,34,modeled,2026-08-22T21:18:30Z
2026-08-22,22,29,modeled,2026-08-22T21:18:30Z
2026-08-22,23,58,modeled,2026-08-22T21:18:30Z
2026-08-22,24,32,modeled,2026-08-22T21:18:30Z
2026-08-22,25,55,modeled,2026-08-22T21:18:30Z
2026-08-22,26,27,modeled,2026-08-22T21:18:30Z
2026-08-22,27,27,modeled,2026-08-22T21:18:30Z
2026-08-22,28,29,modeled,2026-08-22T21:18:30Z
2026-08-22,29,28,modeled,2026-08-22T21:18:30Z
2026-08-22,30,61,modeled,2026-08-22T21:18:30Z
2026-08-22,31,70,modeled,2026-08-22T21:18:30Z
2026-08-22,32,58,modeled,2026-08-22T21:18:30Z
2026-08-22,33,57,modeled,2026-08-22T21:18:30Z
2026-08-22,34,30,modeled,2026-08-22T21:18:30Z
2026-08-22,35,59,modeled,2026-08-22T21:18:30Z
2026-08-22,36,69,modeled,2026-08-22T21:18:30Z
2026-08-22,37,89,modeled,2026-08-22T21:18:30Z
2026-08-22,38,28,modeled,2026-08-22T21:18:30Z
2026-08-22,39,32,modeled,2026-08-22T21:18:30Z
2026-08-22,40,71,modeled,2026-08-22T21:18:30Z
2026-08-22,41,60,modeled,2026-08-22T21:18:30Z
2026-08-22,42,32,modeled,2026-08-22T21:18:30Z
2026-08-22,44,54,modeled,2026-08-22T21:18:30Z
2026-08-22,45,90,modeled,2026-08-22T21:18:30Z
2026-08-22,46,69,modeled,2026-08-22T21:18:30Z
2026-08-22,47,90,modeled,2026-08-22T21:18:30Z
2026-08-22,48,39,modeled,2026-08-22T21:18:30Z
2026-08-22,49,57,modeled,2026-08-22T21:18:30Z
2026-08-22,50,60,modeled,2026-08-22T21:18:30Z
2026-08-22,51,32,modeled,2026-08-22T21:18:30Z
2026-08-22,53,61,modeled,2026-08-22T21:18:30Z
2026-08-22,54,33,modeled,2026-08-22T21:18:30Z
2026-08-22,55,28,modeled,2026-08-22T21:18:30Z
2026-08-22,56,59,modeled,2026-08-22T21:18:30Z
